{
  "type": "FeatureCollection",
  "name": "buildings",
  "features": [
    {
      "type": "Feature",
      "id": "BLDG-001",
      "properties": {
        "id": "BLDG-001",
        "layer": "BUILDING_FOOTPRINT",
        "source_type": "agent_generated_design",
        "confidence": "low",
        "geometry_role": "design_proposal",
        "name_zh": "概念建筑001",
        "name_en": "Concept Building 001",
        "building_type": "community_service",
        "floors": 7,
        "height_m": 25.2,
        "status": "concept_massing_not_statutory",
        "zone": "south",
        "footprint_sqm": 2155.05
      },
      "geometry": {
        "type": "Polygon",
        "coordinates": [
          [
            [
              116.34872831303937,
              39.94494013847516
            ],
            [
              116.3487260361033,
              39.945180265459456
            ],
            [
              116.34967168866929,
              39.94518557390233
            ],
            [
              116.34967396229979,
              39.944945446873135
            ],
            [
              116.34872831303937,
              39.94494013847516
            ]
          ]
        ]
      }
    },
    {
      "type": "Feature",
      "id": "BLDG-002",
      "properties": {
        "id": "BLDG-002",
        "layer": "BUILDING_FOOTPRINT",
        "source_type": "agent_generated_design",
        "confidence": "low",
        "geometry_role": "design_proposal",
        "name_zh": "概念建筑002",
        "name_en": "Concept Building 002",
        "building_type": "retail",
        "floors": 8,
        "height_m": 28.8,
        "status": "concept_massing_not_statutory",
        "zone": "south_link",
        "footprint_sqm": 1146.88
      },
      "geometry": {
        "type": "Polygon",
        "coordinates": [
          [
            [
              116.34552758707096,
              39.940108044159594
            ],
            [
              116.34556830733003,
              39.94034359255267
            ],
            [
              116.34607241366538,
              39.940291955204735
            ],
            [
              116.34603169170357,
              39.94005640697292
            ],
            [
              116.34552758707096,
              39.940108044159594
            ]
          ]
        ]
      }
    },
    {
      "type": "Feature",
      "id": "BLDG-003",
      "properties": {
        "id": "BLDG-003",
        "layer": "BUILDING_FOOTPRINT",
        "source_type": "agent_generated_design",
        "confidence": "low",
        "geometry_role": "design_proposal",
        "name_zh": "概念建筑003",
        "name_en": "Concept Building 003",
        "building_type": "cultural",
        "floors": 5,
        "height_m": 18.0,
        "status": "concept_massing_not_statutory",
        "zone": "middle_link",
        "footprint_sqm": 3500.74
      },
      "geometry": {
        "type": "Polygon",
        "coordinates": [
          [
            [
              116.34883740432348,
              39.99585396323857
            ],
            [
              116.34875168165003,
              39.99629944765753
            ],
            [
              116.34956259852196,
              39.99639174992305
            ],
            [
              116.34964831605772,
              39.995946264870106
            ],
            [
              116.34883740432348,
              39.99585396323857
            ]
          ]
        ]
      }
    },
    {
      "type": "Feature",
      "id": "BLDG-004",
      "properties": {
        "id": "BLDG-004",
        "layer": "BUILDING_FOOTPRINT",
        "source_type": "agent_generated_design",
        "confidence": "low",
        "geometry_role": "design_proposal",
        "name_zh": "概念建筑004",
        "name_en": "Concept Building 004",
        "building_type": "community_service",
        "floors": 7,
        "height_m": 25.2,
        "status": "concept_massing_not_statutory",
        "zone": "north",
        "footprint_sqm": 1560.83
      },
      "geometry": {
        "type": "Polygon",
        "coordinates": [
          [
            [
              116.35052154293265,
              40.00820408721377
            ],
            [
              116.35056054683365,
              40.008429402180504
            ],
            [
              116.35127845792135,
              40.00835591155599
            ],
            [
              116.3512394516952,
              40.00813059680953
            ],
            [
              116.35052154293265,
              40.00820408721377
            ]
          ]
        ]
      }
    },
    {
      "type": "Feature",
      "id": "BLDG-005",
      "properties": {
        "id": "BLDG-005",
        "layer": "BUILDING_FOOTPRINT",
        "source_type": "agent_generated_design",
        "confidence": "low",
        "geometry_role": "design_proposal",
        "name_zh": "概念建筑005",
        "name_en": "Concept Building 005",
        "building_type": "community_service",
        "floors": 8,
        "height_m": 28.8,
        "status": "concept_massing_not_statutory",
        "zone": "south_link",
        "footprint_sqm": 3713.58
      },
      "geometry": {
        "type": "Polygon",
        "coordinates": [
          [
            [
              116.35054777431893,
              39.969097350103375
            ],
            [
              116.35049610509883,
              39.96961199575281
            ],
            [
              116.35125222855237,
              39.969656934550116
            ],
            [
              116.3513038921447,
              39.96914228852252
            ],
            [
              116.35054777431893,
              39.969097350103375
            ]
          ]
        ]
      }
    },
    {
      "type": "Feature",
      "id": "BLDG-006",
      "properties": {
        "id": "BLDG-006",
        "layer": "BUILDING_FOOTPRINT",
        "source_type": "agent_generated_design",
        "confidence": "low",
        "geometry_role": "design_proposal",
        "name_zh": "概念建筑006",
        "name_en": "Concept Building 006",
        "building_type": "community_service",
        "floors": 8,
        "height_m": 28.8,
        "status": "concept_massing_not_statutory",
        "zone": "south_link",
        "footprint_sqm": 2155.1
      },
      "geometry": {
        "type": "Polygon",
        "coordinates": [
          [
            [
              116.3438277328104,
              39.942415518575004
            ],
            [
              116.34375813785462,
              39.942777355897285
            ],
            [
              116.34437226890076,
              39.94284733793426
            ],
            [
              116.34444186070232,
              39.94248550022204
            ],
            [
              116.3438277328104,
              39.942415518575004
            ]
          ]
        ]
      }
    },
    {
      "type": "Feature",
      "id": "BLDG-007",
      "properties": {
        "id": "BLDG-007",
        "layer": "BUILDING_FOOTPRINT",
        "source_type": "agent_generated_design",
        "confidence": "low",
        "geometry_role": "design_proposal",
        "name_zh": "概念建筑007",
        "name_en": "Concept Building 007",
        "building_type": "cultural",
        "floors": 3,
        "height_m": 10.8,
        "status": "concept_massing_not_statutory",
        "zone": "middle",
        "footprint_sqm": 1819.47
      },
      "geometry": {
        "type": "Polygon",
        "coordinates": [
          [
            [
              116.34885855326034,
              39.99110457572024
            ],
            [
              116.3488315641179,
              39.99137323396026
            ],
            [
              116.34954144829643,
              39.99141542328204
            ],
            [
              116.34956843467856,
              39.99114676485652
            ],
            [
              116.34885855326034,
              39.99110457572024
            ]
          ]
        ]
      }
    },
    {
      "type": "Feature",
      "id": "BLDG-008",
      "properties": {
        "id": "BLDG-008",
        "layer": "BUILDING_FOOTPRINT",
        "source_type": "agent_generated_design",
        "confidence": "low",
        "geometry_role": "design_proposal",
        "name_zh": "概念建筑008",
        "name_en": "Concept Building 008",
        "building_type": "community_service",
        "floors": 9,
        "height_m": 32.4,
        "status": "concept_massing_not_statutory",
        "zone": "south_link",
        "footprint_sqm": 3299.67
      },
      "geometry": {
        "type": "Polygon",
        "coordinates": [
          [
            [
              116.34031369043454,
              39.96915887708045
            ],
            [
              116.34035201709014,
              39.969630720068224
            ],
            [
              116.3410863120311,
              39.969595407358156
            ],
            [
              116.34104798033958,
              39.96912356456945
            ],
            [
              116.34031369043454,
              39.96915887708045
            ]
          ]
        ]
      }
    },
    {
      "type": "Feature",
      "id": "BLDG-009",
      "properties": {
        "id": "BLDG-009",
        "layer": "BUILDING_FOOTPRINT",
        "source_type": "agent_generated_design",
        "confidence": "low",
        "geometry_role": "design_proposal",
        "name_zh": "概念建筑009",
        "name_en": "Concept Building 009",
        "building_type": "lab",
        "floors": 8,
        "height_m": 28.8,
        "status": "concept_massing_not_statutory",
        "zone": "north_link",
        "footprint_sqm": 2650.89
      },
      "geometry": {
        "type": "Polygon",
        "coordinates": [
          [
            [
              116.34372557715237,
              40.00081811331383
            ],
            [
              116.3437955794547,
              40.00122277314277
            ],
            [
              116.34447442468957,
              40.00115331405785
            ],
            [
              116.34440441843934,
              40.00074865460237
            ],
            [
              116.34372557715237,
              40.00081811331383
            ]
          ]
        ]
      }
    },
    {
      "type": "Feature",
      "id": "BLDG-010",
      "properties": {
        "id": "BLDG-010",
        "layer": "BUILDING_FOOTPRINT",
        "source_type": "agent_generated_design",
        "confidence": "low",
        "geometry_role": "design_proposal",
        "name_zh": "概念建筑010",
        "name_en": "Concept Building 010",
        "building_type": "community_service",
        "floors": 4,
        "height_m": 14.4,
        "status": "concept_massing_not_statutory",
        "zone": "north_link",
        "footprint_sqm": 2031.55
      },
      "geometry": {
        "type": "Polygon",
        "coordinates": [
          [
            [
              116.34197361107867,
              40.00570108124231
            ],
            [
              116.34194918878713,
              40.005943884767085
            ],
            [
              116.34282639077368,
              40.00599606005711
            ],
            [
              116.34285080998106,
              40.005753256324674
            ],
            [
              116.34197361107867,
              40.00570108124231
            ]
          ]
        ]
      }
    },
    {
      "type": "Feature",
      "id": "BLDG-011",
      "properties": {
        "id": "BLDG-011",
        "layer": "BUILDING_FOOTPRINT",
        "source_type": "agent_generated_design",
        "confidence": "low",
        "geometry_role": "design_proposal",
        "name_zh": "概念建筑011",
        "name_en": "Concept Building 011",
        "building_type": "community_service",
        "floors": 3,
        "height_m": 10.8,
        "status": "concept_massing_not_statutory",
        "zone": "middle_link",
        "footprint_sqm": 2066.37
      },
      "geometry": {
        "type": "Polygon",
        "coordinates": [
          [
            [
              116.34115938320522,
              39.98904174494739
            ],
            [
              116.34119653937796,
              39.98867227988741
            ],
            [
              116.3405797144886,
              39.98863557457334
            ],
            [
              116.340603786005,
              39.98900868307761
            ],
            [
              116.34115938320522,
              39.98904174494739
            ]
          ]
        ]
      }
    },
    {
      "type": "Feature",
      "id": "BLDG-012",
      "properties": {
        "id": "BLDG-012",
        "layer": "BUILDING_FOOTPRINT",
        "source_type": "agent_generated_design",
        "confidence": "low",
        "geometry_role": "design_proposal",
        "name_zh": "概念建筑012",
        "name_en": "Concept Building 012",
        "building_type": "cultural",
        "floors": 7,
        "height_m": 25.2,
        "status": "concept_massing_not_statutory",
        "zone": "middle",
        "footprint_sqm": 1550.36
      },
      "geometry": {
        "type": "Polygon",
        "coordinates": [
          [
            [
              116.34381927785616,
              39.98382696022797
            ],
            [
              116.34384393665376,
              39.984130291408945
            ],
            [
              116.34438072328511,
              39.98410446766942
            ],
            [
              116.34435606211969,
              39.9838011365822
            ],
            [
              116.34381927785616,
              39.98382696022797
            ]
          ]
        ]
      }
    },
    {
      "type": "Feature",
      "id": "BLDG-013",
      "properties": {
        "id": "BLDG-013",
        "layer": "BUILDING_FOOTPRINT",
        "source_type": "agent_generated_design",
        "confidence": "low",
        "geometry_role": "design_proposal",
        "name_zh": "概念建筑013",
        "name_en": "Concept Building 013",
        "building_type": "retail",
        "floors": 6,
        "height_m": 21.6,
        "status": "concept_massing_not_statutory",
        "zone": "south_link",
        "footprint_sqm": 1974.06
      },
      "geometry": {
        "type": "Polygon",
        "coordinates": [
          [
            [
              116.35409283401509,
              39.95941271798901
            ],
            [
              116.35404767358439,
              39.9598628397878
            ],
            [
              116.35450716741954,
              39.959890138785276
            ],
            [
              116.35455232486002,
              39.95944001678574
            ],
            [
              116.35409283401509,
              39.95941271798901
            ]
          ]
        ]
      }
    },
    {
      "type": "Feature",
      "id": "BLDG-014",
      "properties": {
        "id": "BLDG-014",
        "layer": "BUILDING_FOOTPRINT",
        "source_type": "agent_generated_design",
        "confidence": "low",
        "geometry_role": "design_proposal",
        "name_zh": "概念建筑014",
        "name_en": "Concept Building 014",
        "building_type": "community_service",
        "floors": 8,
        "height_m": 28.8,
        "status": "concept_massing_not_statutory",
        "zone": "south_link",
        "footprint_sqm": 2848.14
      },
      "geometry": {
        "type": "Polygon",
        "coordinates": [
          [
            [
              116.34366452472176,
              39.96918520210576
            ],
            [
              116.3436313510521,
              39.969515293543346
            ],
            [
              116.34453547772937,
              39.96956908198587
            ],
            [
              116.34456864708297,
              39.96923899025765
            ],
            [
              116.34366452472176,
              39.96918520210576
            ]
          ]
        ]
      }
    },
    {
      "type": "Feature",
      "id": "BLDG-015",
      "properties": {
        "id": "BLDG-015",
        "layer": "BUILDING_FOOTPRINT",
        "source_type": "agent_generated_design",
        "confidence": "low",
        "geometry_role": "design_proposal",
        "name_zh": "概念建筑015",
        "name_en": "Concept Building 015",
        "building_type": "community_service",
        "floors": 8,
        "height_m": 28.8,
        "status": "concept_massing_not_statutory",
        "zone": "north_link",
        "footprint_sqm": 1387.54
      },
      "geometry": {
        "type": "Polygon",
        "coordinates": [
          [
            [
              116.3538712283522,
              40.00814061606754
            ],
            [
              116.35393359822595,
              40.008500806035904
            ],
            [
              116.35431162178071,
              40.00846209749801
            ],
            [
              116.35429164747002,
              40.00809756632794
            ],
            [
              116.3538712283522,
              40.00814061606754
            ]
          ]
        ]
      }
    },
    {
      "type": "Feature",
      "id": "BLDG-016",
      "properties": {
        "id": "BLDG-016",
        "layer": "BUILDING_FOOTPRINT",
        "source_type": "agent_generated_design",
        "confidence": "low",
        "geometry_role": "design_proposal",
        "name_zh": "概念建筑016",
        "name_en": "Concept Building 016",
        "building_type": "mixed_use",
        "floors": 3,
        "height_m": 10.8,
        "status": "concept_massing_not_statutory",
        "zone": "middle",
        "footprint_sqm": 2315.9
      },
      "geometry": {
        "type": "Polygon",
        "coordinates": [
          [
            [
              116.34212611717703,
              39.9837429909307
            ],
            [
              116.34212187466386,
              39.984185305150575
            ],
            [
              116.3426738846007,
              39.9841884369994
            ],
            [
              116.34267812355468,
              39.98374612273076
            ],
            [
              116.34212611717703,
              39.9837429909307
            ]
          ]
        ]
      }
    },
    {
      "type": "Feature",
      "id": "BLDG-017",
      "properties": {
        "id": "BLDG-017",
        "layer": "BUILDING_FOOTPRINT",
        "source_type": "agent_generated_design",
        "confidence": "low",
        "geometry_role": "design_proposal",
        "name_zh": "概念建筑017",
        "name_en": "Concept Building 017",
        "building_type": "ai_r_and_d",
        "floors": 4,
        "height_m": 14.4,
        "status": "concept_massing_not_statutory",
        "zone": "north_link",
        "footprint_sqm": 1996.27
      },
      "geometry": {
        "type": "Polygon",
        "coordinates": [
          [
            [
              116.34203006711527,
              40.003273285942136
            ],
            [
              116.34202734562218,
              40.0035567850063
            ],
            [
              116.34276993444963,
              40.003560998600264
            ],
            [
              116.34277265287179,
              40.003277499494025
            ],
            [
              116.34203006711527,
              40.003273285942136
            ]
          ]
        ]
      }
    },
    {
      "type": "Feature",
      "id": "BLDG-018",
      "properties": {
        "id": "BLDG-018",
        "layer": "BUILDING_FOOTPRINT",
        "source_type": "agent_generated_design",
        "confidence": "low",
        "geometry_role": "design_proposal",
        "name_zh": "概念建筑018",
        "name_en": "Concept Building 018",
        "building_type": "community_service",
        "floors": 4,
        "height_m": 14.4,
        "status": "concept_massing_not_statutory",
        "zone": "north",
        "footprint_sqm": 1417.09
      },
      "geometry": {
        "type": "Polygon",
        "coordinates": [
          [
            [
              116.34384966015992,
              40.02028094875284
            ],
            [
              116.3438214026924,
              40.02056188925504
            ],
            [
              116.34435034098428,
              40.02059333642561
            ],
            [
              116.34437859629887,
              40.020312395778575
            ],
            [
              116.34384966015992,
              40.02028094875284
            ]
          ]
        ]
      }
    },
    {
      "type": "Feature",
      "id": "BLDG-019",
      "properties": {
        "id": "BLDG-019",
        "layer": "BUILDING_FOOTPRINT",
        "source_type": "agent_generated_design",
        "confidence": "low",
        "geometry_role": "design_proposal",
        "name_zh": "概念建筑019",
        "name_en": "Concept Building 019",
        "building_type": "cultural",
        "floors": 3,
        "height_m": 10.8,
        "status": "concept_massing_not_statutory",
        "zone": "middle_link",
        "footprint_sqm": 3129.1
      },
      "geometry": {
        "type": "Polygon",
        "coordinates": [
          [
            [
              116.34377197769243,
              39.99343991328802
            ],
            [
              116.34376719901746,
              39.9939392031867
            ],
            [
              116.34442802471428,
              39.99394294293498
            ],
            [
              116.34443279857798,
              39.99344365297055
            ],
            [
              116.34377197769243,
              39.99343991328802
            ]
          ]
        ]
      }
    },
    {
      "type": "Feature",
      "id": "BLDG-020",
      "properties": {
        "id": "BLDG-020",
        "layer": "BUILDING_FOOTPRINT",
        "source_type": "agent_generated_design",
        "confidence": "low",
        "geometry_role": "design_proposal",
        "name_zh": "概念建筑020",
        "name_en": "Concept Building 020",
        "building_type": "lab",
        "floors": 6,
        "height_m": 21.6,
        "status": "concept_massing_not_statutory",
        "zone": "north_link",
        "footprint_sqm": 1478.65
      },
      "geometry": {
        "type": "Polygon",
        "coordinates": [
          [
            [
              116.34948614407466,
              40.003583721448805
            ],
            [
              116.3495366165256,
              40.00332144174567
            ],
            [
              116.34892618950886,
              40.00325196713042
            ],
            [
              116.34893291245636,
              40.00352075640166
            ],
            [
              116.34948614407466,
              40.003583721448805
            ]
          ]
        ]
      }
    },
    {
      "type": "Feature",
      "id": "BLDG-021",
      "properties": {
        "id": "BLDG-021",
        "layer": "BUILDING_FOOTPRINT",
        "source_type": "agent_generated_design",
        "confidence": "low",
        "geometry_role": "design_proposal",
        "name_zh": "概念建筑021",
        "name_en": "Concept Building 021",
        "building_type": "retail",
        "floors": 7,
        "height_m": 25.2,
        "status": "concept_massing_not_statutory",
        "zone": "south_link",
        "footprint_sqm": 1869.66
      },
      "geometry": {
        "type": "Polygon",
        "coordinates": [
          [
            [
              116.34544621437468,
              39.952201940830385
            ],
            [
              116.34541942449056,
              39.95246865634849
            ],
            [
              116.34615378723458,
              39.95251234381295
            ],
            [
              116.34618057428783,
              39.952245628104244
            ],
            [
              116.34544621437468,
              39.952201940830385
            ]
          ]
        ]
      }
    },
    {
      "type": "Feature",
      "id": "BLDG-022",
      "properties": {
        "id": "BLDG-022",
        "layer": "BUILDING_FOOTPRINT",
        "source_type": "agent_generated_design",
        "confidence": "low",
        "geometry_role": "design_proposal",
        "name_zh": "概念建筑022",
        "name_en": "Concept Building 022",
        "building_type": "retail",
        "floors": 8,
        "height_m": 28.8,
        "status": "concept_massing_not_statutory",
        "zone": "south_link",
        "footprint_sqm": 4165.89
      },
      "geometry": {
        "type": "Polygon",
        "coordinates": [
          [
            [
              116.34108592738274,
              39.95508801256469
            ],
            [
              116.34118212636166,
              39.95458805543149
            ],
            [
              116.34031407598333,
              39.9544891290196
            ],
            [
              116.34026226763002,
              39.954758365319
            ],
            [
              116.34025573886164,
              39.954993400980726
            ],
            [
              116.34108592738274,
              39.95508801256469
            ]
          ]
        ]
      }
    },
    {
      "type": "Feature",
      "id": "BLDG-023",
      "properties": {
        "id": "BLDG-023",
        "layer": "BUILDING_FOOTPRINT",
        "source_type": "agent_generated_design",
        "confidence": "low",
        "geometry_role": "design_proposal",
        "name_zh": "概念建筑023",
        "name_en": "Concept Building 023",
        "building_type": "community_service",
        "floors": 6,
        "height_m": 21.6,
        "status": "concept_massing_not_statutory",
        "zone": "middle",
        "footprint_sqm": 3423.73
      },
      "geometry": {
        "type": "Polygon",
        "coordinates": [
          [
            [
              116.34615072853728,
              39.98909739051865
            ],
            [
              116.3462002704566,
              39.988604407468074
            ],
            [
              116.3454492742126,
              39.988559751286864
            ],
            [
              116.34542898148321,
              39.9887616587351
            ],
            [
              116.3454374508135,
              39.988788501204
            ],
            [
              116.34545748097825,
              39.98889789582494
            ],
            [
              116.3454634748634,
              39.989008273849706
            ],
            [
              116.34545994679203,
              39.98905631480893
            ],
            [
              116.34615072853728,
              39.98909739051865
            ]
          ]
        ]
      }
    },
    {
      "type": "Feature",
      "id": "BLDG-024",
      "properties": {
        "id": "BLDG-024",
        "layer": "BUILDING_FOOTPRINT",
        "source_type": "agent_generated_design",
        "confidence": "low",
        "geometry_role": "design_proposal",
        "name_zh": "概念建筑024",
        "name_en": "Concept Building 024",
        "building_type": "community_service",
        "floors": 6,
        "height_m": 21.6,
        "status": "concept_massing_not_statutory",
        "zone": "south_link",
        "footprint_sqm": 3548.5
      },
      "geometry": {
        "type": "Polygon",
        "coordinates": [
          [
            [
              116.34204040417887,
              39.96181791180412
            ],
            [
              116.3419917379711,
              39.9623021041107
            ],
            [
              116.34275959859842,
              39.9623478013765
            ],
            [
              116.34280825943087,
              39.96186360870771
            ],
            [
              116.34204040417887,
              39.96181791180412
            ]
          ]
        ]
      }
    },
    {
      "type": "Feature",
      "id": "BLDG-025",
      "properties": {
        "id": "BLDG-025",
        "layer": "BUILDING_FOOTPRINT",
        "source_type": "agent_generated_design",
        "confidence": "low",
        "geometry_role": "design_proposal",
        "name_zh": "概念建筑025",
        "name_en": "Concept Building 025",
        "building_type": "lab",
        "floors": 7,
        "height_m": 25.2,
        "status": "concept_massing_not_statutory",
        "zone": "north_link",
        "footprint_sqm": 2026.71
      },
      "geometry": {
        "type": "Polygon",
        "coordinates": [
          [
            [
              116.35398405694345,
              40.01047825677746
            ],
            [
              116.35402437122681,
              40.01097309812732
            ],
            [
              116.35444809236667,
              40.01095268569155
            ],
            [
              116.35442094301945,
              40.01045721010482
            ],
            [
              116.35398405694345,
              40.01047825677746
            ]
          ]
        ]
      }
    },
    {
      "type": "Feature",
      "id": "BLDG-026",
      "properties": {
        "id": "BLDG-026",
        "layer": "BUILDING_FOOTPRINT",
        "source_type": "agent_generated_design",
        "confidence": "low",
        "geometry_role": "design_proposal",
        "name_zh": "概念建筑026",
        "name_en": "Concept Building 026",
        "building_type": "mixed_use",
        "floors": 5,
        "height_m": 18.0,
        "status": "concept_massing_not_statutory",
        "zone": "middle",
        "footprint_sqm": 2048.16
      },
      "geometry": {
        "type": "Polygon",
        "coordinates": [
          [
            [
              116.34196938498944,
              39.98862518063505
            ],
            [
              116.34193384555628,
              39.98897860974155
            ],
            [
              116.34253776454007,
              39.989014538179326
            ],
            [
              116.34253652574237,
              39.988991707673705
            ],
            [
              116.3425446306032,
              39.98888140948366
            ],
            [
              116.34256675139083,
              39.98877225346809
            ],
            [
              116.34260267500566,
              39.98866529085071
            ],
            [
              116.34260380190912,
              39.988662923435044
            ],
            [
              116.34196938498944,
              39.98862518063505
            ]
          ]
        ]
      }
    },
    {
      "type": "Feature",
      "id": "BLDG-027",
      "properties": {
        "id": "BLDG-027",
        "layer": "BUILDING_FOOTPRINT",
        "source_type": "agent_generated_design",
        "confidence": "low",
        "geometry_role": "design_proposal",
        "name_zh": "概念建筑027",
        "name_en": "Concept Building 027",
        "building_type": "cultural",
        "floors": 4,
        "height_m": 14.4,
        "status": "concept_massing_not_statutory",
        "zone": "middle_link",
        "footprint_sqm": 1825.01
      },
      "geometry": {
        "type": "Polygon",
        "coordinates": [
          [
            [
              116.3455928721227,
              39.99346827707035
            ],
            [
              116.34555074124046,
              39.99388744335512
            ],
            [
              116.34600712922075,
              39.99391457970462
            ],
            [
              116.34604925733399,
              39.993495413233575
            ],
            [
              116.3455928721227,
              39.99346827707035
            ]
          ]
        ]
      }
    },
    {
      "type": "Feature",
      "id": "BLDG-028",
      "properties": {
        "id": "BLDG-028",
        "layer": "BUILDING_FOOTPRINT",
        "source_type": "agent_generated_design",
        "confidence": "low",
        "geometry_role": "design_proposal",
        "name_zh": "概念建筑028",
        "name_en": "Concept Building 028",
        "building_type": "lab",
        "floors": 4,
        "height_m": 14.4,
        "status": "concept_massing_not_statutory",
        "zone": "north_link",
        "footprint_sqm": 2256.58
      },
      "geometry": {
        "type": "Polygon",
        "coordinates": [
          [
            [
              116.35457897502081,
              40.0133412941299
            ],
            [
              116.35456059154001,
              40.013005795605046
            ],
            [
              116.35387520411777,
              40.0129278307432
            ],
            [
              116.35384961518821,
              40.0130608278057
            ],
            [
              116.35385315066763,
              40.01325872941465
            ],
            [
              116.35457897502081,
              40.0133412941299
            ]
          ]
        ]
      }
    },
    {
      "type": "Feature",
      "id": "BLDG-029",
      "properties": {
        "id": "BLDG-029",
        "layer": "BUILDING_FOOTPRINT",
        "source_type": "agent_generated_design",
        "confidence": "low",
        "geometry_role": "design_proposal",
        "name_zh": "概念建筑029",
        "name_en": "Concept Building 029",
        "building_type": "education",
        "floors": 3,
        "height_m": 10.8,
        "status": "concept_massing_not_statutory",
        "zone": "north",
        "footprint_sqm": 1492.85
      },
      "geometry": {
        "type": "Polygon",
        "coordinates": [
          [
            [
              116.35064821936129,
              40.025143121749416
            ],
            [
              116.35064527145309,
              40.02545404044773
            ],
            [
              116.3511517817947,
              40.025456877708464
            ],
            [
              116.35115472740387,
              40.02514595897909
            ],
            [
              116.35064821936129,
              40.025143121749416
            ]
          ]
        ]
      }
    },
    {
      "type": "Feature",
      "id": "BLDG-030",
      "properties": {
        "id": "BLDG-030",
        "layer": "BUILDING_FOOTPRINT",
        "source_type": "agent_generated_design",
        "confidence": "low",
        "geometry_role": "design_proposal",
        "name_zh": "概念建筑030",
        "name_en": "Concept Building 030",
        "building_type": "mixed_use",
        "floors": 7,
        "height_m": 25.2,
        "status": "concept_massing_not_statutory",
        "zone": "middle_link",
        "footprint_sqm": 1917.72
      },
      "geometry": {
        "type": "Polygon",
        "coordinates": [
          [
            [
              116.34545419603553,
              39.97653653161442
            ],
            [
              116.3454787433295,
              39.976838429384095
            ],
            [
              116.34614580533483,
              39.976806324504565
            ],
            [
              116.34612125511305,
              39.97650442685094
            ],
            [
              116.34545419603553,
              39.97653653161442
            ]
          ]
        ]
      }
    },
    {
      "type": "Feature",
      "id": "BLDG-031",
      "properties": {
        "id": "BLDG-031",
        "layer": "BUILDING_FOOTPRINT",
        "source_type": "agent_generated_design",
        "confidence": "low",
        "geometry_role": "design_proposal",
        "name_zh": "概念建筑031",
        "name_en": "Concept Building 031",
        "building_type": "community_service",
        "floors": 7,
        "height_m": 25.2,
        "status": "concept_massing_not_statutory",
        "zone": "south",
        "footprint_sqm": 2195.86
      },
      "geometry": {
        "type": "Polygon",
        "coordinates": [
          [
            [
              116.34534839043735,
              39.94736398519102
            ],
            [
              116.34534595505318,
              39.94761947392748
            ],
            [
              116.34625161129696,
              39.9476245844892
            ],
            [
              116.34625404331257,
              39.947369095706755
            ],
            [
              116.34534839043735,
              39.94736398519102
            ]
          ]
        ]
      }
    },
    {
      "type": "Feature",
      "id": "BLDG-032",
      "properties": {
        "id": "BLDG-032",
        "layer": "BUILDING_FOOTPRINT",
        "source_type": "agent_generated_design",
        "confidence": "low",
        "geometry_role": "design_proposal",
        "name_zh": "概念建筑032",
        "name_en": "Concept Building 032",
        "building_type": "community_service",
        "floors": 9,
        "height_m": 32.4,
        "status": "concept_massing_not_statutory",
        "zone": "south_link",
        "footprint_sqm": 2617.19
      },
      "geometry": {
        "type": "Polygon",
        "coordinates": [
          [
            [
              116.34211382891583,
              39.956975860625676
            ],
            [
              116.34203417487048,
              39.95738984660788
            ],
            [
              116.34268617311731,
              39.95746413867413
            ],
            [
              116.34276582332942,
              39.95705015221802
            ],
            [
              116.34211382891583,
              39.956975860625676
            ]
          ]
        ]
      }
    },
    {
      "type": "Feature",
      "id": "BLDG-033",
      "properties": {
        "id": "BLDG-033",
        "layer": "BUILDING_FOOTPRINT",
        "source_type": "agent_generated_design",
        "confidence": "low",
        "geometry_role": "design_proposal",
        "name_zh": "概念建筑033",
        "name_en": "Concept Building 033",
        "building_type": "education",
        "floors": 6,
        "height_m": 21.6,
        "status": "concept_massing_not_statutory",
        "zone": "north",
        "footprint_sqm": 1058.81
      },
      "geometry": {
        "type": "Polygon",
        "coordinates": [
          [
            [
              116.3471050517755,
              40.01785388162049
            ],
            [
              116.34707939667025,
              40.018109080778125
            ],
            [
              116.34745913422907,
              40.018131646952995
            ],
            [
              116.34747974509413,
              40.01809876640877
            ],
            [
              116.34752161550688,
              40.018045937107935
            ],
            [
              116.34754988967657,
              40.01801706948299
            ],
            [
              116.34755125803017,
              40.01788039773213
            ],
            [
              116.3471050517755,
              40.01785388162049
            ]
          ]
        ]
      }
    },
    {
      "type": "Feature",
      "id": "BLDG-034",
      "properties": {
        "id": "BLDG-034",
        "layer": "BUILDING_FOOTPRINT",
        "source_type": "agent_generated_design",
        "confidence": "low",
        "geometry_role": "design_proposal",
        "name_zh": "概念建筑034",
        "name_en": "Concept Building 034",
        "building_type": "community_service",
        "floors": 9,
        "height_m": 32.4,
        "status": "concept_massing_not_statutory",
        "zone": "south_link",
        "footprint_sqm": 1477.43
      },
      "geometry": {
        "type": "Polygon",
        "coordinates": [
          [
            [
              116.35397753698027,
              39.94250935900454
            ],
            [
              116.35397527476736,
              39.94274989276113
            ],
            [
              116.35462246417501,
              39.94275349724795
            ],
            [
              116.354624724122,
              39.942512963460814
            ],
            [
              116.35397753698027,
              39.94250935900454
            ]
          ]
        ]
      }
    },
    {
      "type": "Feature",
      "id": "BLDG-035",
      "properties": {
        "id": "BLDG-035",
        "layer": "BUILDING_FOOTPRINT",
        "source_type": "agent_generated_design",
        "confidence": "low",
        "geometry_role": "design_proposal",
        "name_zh": "概念建筑035",
        "name_en": "Concept Building 035",
        "building_type": "community_service",
        "floors": 9,
        "height_m": 32.4,
        "status": "concept_massing_not_statutory",
        "zone": "south_link",
        "footprint_sqm": 1439.13
      },
      "geometry": {
        "type": "Polygon",
        "coordinates": [
          [
            [
              116.3489670191375,
              39.96191623735031
            ],
            [
              116.34893652279119,
              39.962219960271256
            ],
            [
              116.34943298199445,
              39.96224947647143
            ],
            [
              116.3494634761607,
              39.9619457534039
            ],
            [
              116.3489670191375,
              39.96191623735031
            ]
          ]
        ]
      }
    },
    {
      "type": "Feature",
      "id": "BLDG-036",
      "properties": {
        "id": "BLDG-036",
        "layer": "BUILDING_FOOTPRINT",
        "source_type": "agent_generated_design",
        "confidence": "low",
        "geometry_role": "design_proposal",
        "name_zh": "概念建筑036",
        "name_en": "Concept Building 036",
        "building_type": "community_service",
        "floors": 8,
        "height_m": 28.8,
        "status": "concept_massing_not_statutory",
        "zone": "south_link",
        "footprint_sqm": 2304.8
      },
      "geometry": {
        "type": "Polygon",
        "coordinates": [
          [
            [
              116.34375282050634,
              39.95461252964051
            ],
            [
              116.34374949303863,
              39.95496066476363
            ],
            [
              116.34444718128206,
              39.95496461218594
            ],
            [
              116.34445050521282,
              39.954616477014405
            ],
            [
              116.34375282050634,
              39.95461252964051
            ]
          ]
        ]
      }
    },
    {
      "type": "Feature",
      "id": "BLDG-037",
      "properties": {
        "id": "BLDG-037",
        "layer": "BUILDING_FOOTPRINT",
        "source_type": "agent_generated_design",
        "confidence": "low",
        "geometry_role": "design_proposal",
        "name_zh": "概念建筑037",
        "name_en": "Concept Building 037",
        "building_type": "mixed_use",
        "floors": 8,
        "height_m": 28.8,
        "status": "concept_massing_not_statutory",
        "zone": "south_link",
        "footprint_sqm": 3556.53
      },
      "geometry": {
        "type": "Polygon",
        "coordinates": [
          [
            [
              116.34869174151648,
              39.96436891638219
            ],
            [
              116.34875885340391,
              39.96475689462007
            ],
            [
              116.34970826066257,
              39.964659652831465
            ],
            [
              116.34964114348848,
              39.96427167509447
            ],
            [
              116.34869174151648,
              39.96436891638219
            ]
          ]
        ]
      }
    },
    {
      "type": "Feature",
      "id": "BLDG-038",
      "properties": {
        "id": "BLDG-038",
        "layer": "BUILDING_FOOTPRINT",
        "source_type": "agent_generated_design",
        "confidence": "low",
        "geometry_role": "design_proposal",
        "name_zh": "概念建筑038",
        "name_en": "Concept Building 038",
        "building_type": "community_service",
        "floors": 4,
        "height_m": 14.4,
        "status": "concept_massing_not_statutory",
        "zone": "north",
        "footprint_sqm": 4512.1
      },
      "geometry": {
        "type": "Polygon",
        "coordinates": [
          [
            [
              116.34360542033576,
              40.01777859247114
            ],
            [
              116.34364606998135,
              40.01827843833608
            ],
            [
              116.34459458296227,
              40.01823283400693
            ],
            [
              116.34455392641372,
              40.017732988415275
            ],
            [
              116.34360542033576,
              40.01777859247114
            ]
          ]
        ]
      }
    },
    {
      "type": "Feature",
      "id": "BLDG-039",
      "properties": {
        "id": "BLDG-039",
        "layer": "BUILDING_FOOTPRINT",
        "source_type": "agent_generated_design",
        "confidence": "low",
        "geometry_role": "design_proposal",
        "name_zh": "概念建筑039",
        "name_en": "Concept Building 039",
        "building_type": "community_service",
        "floors": 4,
        "height_m": 14.4,
        "status": "concept_massing_not_statutory",
        "zone": "middle_link",
        "footprint_sqm": 2859.39
      },
      "geometry": {
        "type": "Polygon",
        "coordinates": [
          [
            [
              116.34887847610703,
              39.97157391358766
            ],
            [
              116.34891901813674,
              39.972072246518145
            ],
            [
              116.34952152609334,
              39.97204322838578
            ],
            [
              116.34948097969931,
              39.9715448956286
            ],
            [
              116.34887847610703,
              39.97157391358766
            ]
          ]
        ]
      }
    },
    {
      "type": "Feature",
      "id": "BLDG-040",
      "properties": {
        "id": "BLDG-040",
        "layer": "BUILDING_FOOTPRINT",
        "source_type": "agent_generated_design",
        "confidence": "low",
        "geometry_role": "design_proposal",
        "name_zh": "概念建筑040",
        "name_en": "Concept Building 040",
        "building_type": "community_service",
        "floors": 3,
        "height_m": 10.8,
        "status": "concept_massing_not_statutory",
        "zone": "north",
        "footprint_sqm": 1783.75
      },
      "geometry": {
        "type": "Polygon",
        "coordinates": [
          [
            [
              116.35231313197055,
              40.02028242440509
            ],
            [
              116.35237577449699,
              40.02064417750534
            ],
            [
              116.35288686933019,
              40.02059186060519
            ],
            [
              116.35282422414497,
              40.02023010775689
            ],
            [
              116.35231313197055,
              40.02028242440509
            ]
          ]
        ]
      }
    },
    {
      "type": "Feature",
      "id": "BLDG-041",
      "properties": {
        "id": "BLDG-041",
        "layer": "BUILDING_FOOTPRINT",
        "source_type": "agent_generated_design",
        "confidence": "low",
        "geometry_role": "design_proposal",
        "name_zh": "概念建筑041",
        "name_en": "Concept Building 041",
        "building_type": "education",
        "floors": 3,
        "height_m": 10.8,
        "status": "concept_massing_not_statutory",
        "zone": "middle",
        "footprint_sqm": 1229.14
      },
      "geometry": {
        "type": "Polygon",
        "coordinates": [
          [
            [
              116.35064652568312,
              39.98869992975403
            ],
            [
              116.35064411647943,
              39.9889543599661
            ],
            [
              116.35115347527208,
              39.98895721255354
            ],
            [
              116.3511558825863,
              39.9887027823159
            ],
            [
              116.35064652568312,
              39.98869992975403
            ]
          ]
        ]
      }
    },
    {
      "type": "Feature",
      "id": "BLDG-042",
      "properties": {
        "id": "BLDG-042",
        "layer": "BUILDING_FOOTPRINT",
        "source_type": "agent_generated_design",
        "confidence": "low",
        "geometry_role": "design_proposal",
        "name_zh": "概念建筑042",
        "name_en": "Concept Building 042",
        "building_type": "cultural",
        "floors": 3,
        "height_m": 10.8,
        "status": "concept_massing_not_statutory",
        "zone": "middle_link",
        "footprint_sqm": 3714.63
      },
      "geometry": {
        "type": "Polygon",
        "coordinates": [
          [
            [
              116.35048353709244,
              39.97157241762007
            ],
            [
              116.3504791107804,
              39.972040034746776
            ],
            [
              116.35131646578343,
              39.972044723754074
            ],
            [
              116.3513208863901,
              39.97157710655014
            ],
            [
              116.35048353709244,
              39.97157241762007
            ]
          ]
        ]
      }
    },
    {
      "type": "Feature",
      "id": "BLDG-043",
      "properties": {
        "id": "BLDG-043",
        "layer": "BUILDING_FOOTPRINT",
        "source_type": "agent_generated_design",
        "confidence": "low",
        "geometry_role": "design_proposal",
        "name_zh": "概念建筑043",
        "name_en": "Concept Building 043",
        "building_type": "community_service",
        "floors": 6,
        "height_m": 21.6,
        "status": "concept_massing_not_statutory",
        "zone": "middle",
        "footprint_sqm": 2202.82
      },
      "geometry": {
        "type": "Polygon",
        "coordinates": [
          [
            [
              116.34364158091738,
              39.98628956269225
            ],
            [
              116.34366257519801,
              39.986547816759284
            ],
            [
              116.34455842054327,
              39.98650472121848
            ],
            [
              116.34453742289791,
              39.98624646728468
            ],
            [
              116.34364158091738,
              39.98628956269225
            ]
          ]
        ]
      }
    },
    {
      "type": "Feature",
      "id": "BLDG-044",
      "properties": {
        "id": "BLDG-044",
        "layer": "BUILDING_FOOTPRINT",
        "source_type": "agent_generated_design",
        "confidence": "low",
        "geometry_role": "design_proposal",
        "name_zh": "概念建筑044",
        "name_en": "Concept Building 044",
        "building_type": "lab",
        "floors": 4,
        "height_m": 14.4,
        "status": "concept_massing_not_statutory",
        "zone": "north_link",
        "footprint_sqm": 1528.11
      },
      "geometry": {
        "type": "Polygon",
        "coordinates": [
          [
            [
              116.34204152122105,
              40.010628962824214
            ],
            [
              116.34208202195715,
              40.0108630871908
            ],
            [
              116.34275847965559,
              40.010793893215535
            ],
            [
              116.34271797664259,
              40.01055976906422
            ],
            [
              116.34204152122105,
              40.010628962824214
            ]
          ]
        ]
      }
    },
    {
      "type": "Feature",
      "id": "BLDG-045",
      "properties": {
        "id": "BLDG-045",
        "layer": "BUILDING_FOOTPRINT",
        "source_type": "agent_generated_design",
        "confidence": "low",
        "geometry_role": "design_proposal",
        "name_zh": "概念建筑045",
        "name_en": "Concept Building 045",
        "building_type": "mixed_use",
        "floors": 6,
        "height_m": 21.6,
        "status": "concept_massing_not_statutory",
        "zone": "middle_link",
        "footprint_sqm": 2066.19
      },
      "geometry": {
        "type": "Polygon",
        "coordinates": [
          [
            [
              116.34026310145389,
              39.98144762837638
            ],
            [
              116.34030773458977,
              39.98170578268547
            ],
            [
              116.34113689967117,
              39.98162094141298
            ],
            [
              116.34109226346105,
              39.98136278739453
            ],
            [
              116.34026310145389,
              39.98144762837638
            ]
          ]
        ]
      }
    },
    {
      "type": "Feature",
      "id": "BLDG-046",
      "properties": {
        "id": "BLDG-046",
        "layer": "BUILDING_FOOTPRINT",
        "source_type": "agent_generated_design",
        "confidence": "low",
        "geometry_role": "design_proposal",
        "name_zh": "概念建筑046",
        "name_en": "Concept Building 046",
        "building_type": "community_service",
        "floors": 5,
        "height_m": 18.0,
        "status": "concept_massing_not_statutory",
        "zone": "middle_link",
        "footprint_sqm": 1683.8
      },
      "geometry": {
        "type": "Polygon",
        "coordinates": [
          [
            [
              116.34541089523967,
              39.97902230424332
            ],
            [
              116.34545181520167,
              39.97925888522283
            ],
            [
              116.34618910569066,
              39.97918340874239
            ],
            [
              116.34614818322382,
              39.97894682799999
            ],
            [
              116.34541089523967,
              39.97902230424332
            ]
          ]
        ]
      }
    },
    {
      "type": "Feature",
      "id": "BLDG-047",
      "properties": {
        "id": "BLDG-047",
        "layer": "BUILDING_FOOTPRINT",
        "source_type": "agent_generated_design",
        "confidence": "low",
        "geometry_role": "design_proposal",
        "name_zh": "概念建筑047",
        "name_en": "Concept Building 047",
        "building_type": "community_service",
        "floors": 8,
        "height_m": 28.8,
        "status": "concept_massing_not_statutory",
        "zone": "north_link",
        "footprint_sqm": 1263.93
      },
      "geometry": {
        "type": "Polygon",
        "coordinates": [
          [
            [
              116.3523123187328,
              40.00319858027943
            ],
            [
              116.35239669864947,
              40.00368597669761
            ],
            [
              116.35262765639885,
              40.003662328899594
            ],
            [
              116.35261881857842,
              40.00316719769871
            ],
            [
              116.3523123187328,
              40.00319858027943
            ]
          ]
        ]
      }
    },
    {
      "type": "Feature",
      "id": "BLDG-048",
      "properties": {
        "id": "BLDG-048",
        "layer": "BUILDING_FOOTPRINT",
        "source_type": "agent_generated_design",
        "confidence": "low",
        "geometry_role": "design_proposal",
        "name_zh": "概念建筑048",
        "name_en": "Concept Building 048",
        "building_type": "cultural",
        "floors": 3,
        "height_m": 10.8,
        "status": "concept_massing_not_statutory",
        "zone": "middle",
        "footprint_sqm": 3483.82
      },
      "geometry": {
        "type": "Polygon",
        "coordinates": [
          [
            [
              116.35059122421812,
              39.98367346739932
            ],
            [
              116.35049443116043,
              39.98417664724083
            ],
            [
              116.35120877840754,
              39.984257960355855
            ],
            [
              116.35130556635535,
              39.98375477988386
            ],
            [
              116.35059122421812,
              39.98367346739932
            ]
          ]
        ]
      }
    },
    {
      "type": "Feature",
      "id": "BLDG-049",
      "properties": {
        "id": "BLDG-049",
        "layer": "BUILDING_FOOTPRINT",
        "source_type": "agent_generated_design",
        "confidence": "low",
        "geometry_role": "design_proposal",
        "name_zh": "概念建筑049",
        "name_en": "Concept Building 049",
        "building_type": "education",
        "floors": 5,
        "height_m": 18.0,
        "status": "concept_massing_not_statutory",
        "zone": "north",
        "footprint_sqm": 3586.47
      },
      "geometry": {
        "type": "Polygon",
        "coordinates": [
          [
            [
              116.34539422910584,
              40.01774734529014
            ],
            [
              116.34531427236485,
              40.01816261080926
            ],
            [
              116.34620577396109,
              40.01826408187354
            ],
            [
              116.34628572543298,
              40.01784881570405
            ],
            [
              116.34539422910584,
              40.01774734529014
            ]
          ]
        ]
      }
    },
    {
      "type": "Feature",
      "id": "BLDG-050",
      "properties": {
        "id": "BLDG-050",
        "layer": "BUILDING_FOOTPRINT",
        "source_type": "agent_generated_design",
        "confidence": "low",
        "geometry_role": "design_proposal",
        "name_zh": "概念建筑050",
        "name_en": "Concept Building 050",
        "building_type": "education",
        "floors": 8,
        "height_m": 28.8,
        "status": "concept_massing_not_statutory",
        "zone": "north",
        "footprint_sqm": 3524.72
      },
      "geometry": {
        "type": "Polygon",
        "coordinates": [
          [
            [
              116.34539846634466,
              40.02506747720894
            ],
            [
              116.34539406504588,
              40.02552796274442
            ],
            [
              116.34620153639007,
              40.02553252141222
            ],
            [
              116.34620593226073,
              40.02507203580283
            ],
            [
              116.34539846634466,
              40.02506747720894
            ]
          ]
        ]
      }
    },
    {
      "type": "Feature",
      "id": "BLDG-051",
      "properties": {
        "id": "BLDG-051",
        "layer": "BUILDING_FOOTPRINT",
        "source_type": "agent_generated_design",
        "confidence": "low",
        "geometry_role": "design_proposal",
        "name_zh": "概念建筑051",
        "name_en": "Concept Building 051",
        "building_type": "mixed_use",
        "floors": 6,
        "height_m": 21.6,
        "status": "concept_massing_not_statutory",
        "zone": "middle_link",
        "footprint_sqm": 2127.08
      },
      "geometry": {
        "type": "Polygon",
        "coordinates": [
          [
            [
              116.3421760089673,
              39.97399943617404
            ],
            [
              116.34213059335143,
              39.97445120454971
            ],
            [
              116.3426239925978,
              39.97448056339588
            ],
            [
              116.34266940498958,
              39.974028794803
            ],
            [
              116.3421760089673,
              39.97399943617404
            ]
          ]
        ]
      }
    },
    {
      "type": "Feature",
      "id": "BLDG-052",
      "properties": {
        "id": "BLDG-052",
        "layer": "BUILDING_FOOTPRINT",
        "source_type": "agent_generated_design",
        "confidence": "low",
        "geometry_role": "design_proposal",
        "name_zh": "概念建筑052",
        "name_en": "Concept Building 052",
        "building_type": "education",
        "floors": 6,
        "height_m": 21.6,
        "status": "concept_massing_not_statutory",
        "zone": "north_link",
        "footprint_sqm": 4167.72
      },
      "geometry": {
        "type": "Polygon",
        "coordinates": [
          [
            [
              116.34529790165539,
              40.0056618997876
            ],
            [
              116.3453788454581,
              40.00612971439993
            ],
            [
              116.34630210110252,
              40.00603524091015
            ],
            [
              116.3462211510916,
              40.00556742688529
            ],
            [
              116.34529790165539,
              40.0056618997876
            ]
          ]
        ]
      }
    },
    {
      "type": "Feature",
      "id": "BLDG-053",
      "properties": {
        "id": "BLDG-053",
        "layer": "BUILDING_FOOTPRINT",
        "source_type": "agent_generated_design",
        "confidence": "low",
        "geometry_role": "design_proposal",
        "name_zh": "概念建筑053",
        "name_en": "Concept Building 053",
        "building_type": "retail",
        "floors": 10,
        "height_m": 36.0,
        "status": "concept_massing_not_statutory",
        "zone": "south",
        "footprint_sqm": 2973.99
      },
      "geometry": {
        "type": "Polygon",
        "coordinates": [
          [
            [
              116.34888918996455,
              39.94724136907776
            ],
            [
              116.34884240184712,
              39.94770745482923
            ],
            [
              116.34951081232342,
              39.94774720152491
            ],
            [
              116.34955759593889,
              39.94728111547062
            ],
            [
              116.34888918996455,
              39.94724136907776
            ]
          ]
        ]
      }
    },
    {
      "type": "Feature",
      "id": "BLDG-054",
      "properties": {
        "id": "BLDG-054",
        "layer": "BUILDING_FOOTPRINT",
        "source_type": "agent_generated_design",
        "confidence": "low",
        "geometry_role": "design_proposal",
        "name_zh": "概念建筑054",
        "name_en": "Concept Building 054",
        "building_type": "mixed_use",
        "floors": 6,
        "height_m": 21.6,
        "status": "concept_massing_not_statutory",
        "zone": "south",
        "footprint_sqm": 2043.96
      },
      "geometry": {
        "type": "Polygon",
        "coordinates": [
          [
            [
              116.34537023537659,
              39.944935486589515
            ],
            [
              116.3453678537812,
              39.94518536246737
            ],
            [
              116.34622976623592,
              39.94519022611312
            ],
            [
              116.34623214469616,
              39.944940350192454
            ],
            [
              116.34537023537659,
              39.944935486589515
            ]
          ]
        ]
      }
    },
    {
      "type": "Feature",
      "id": "BLDG-055",
      "properties": {
        "id": "BLDG-055",
        "layer": "BUILDING_FOOTPRINT",
        "source_type": "agent_generated_design",
        "confidence": "low",
        "geometry_role": "design_proposal",
        "name_zh": "概念建筑055",
        "name_en": "Concept Building 055",
        "building_type": "education",
        "floors": 5,
        "height_m": 18.0,
        "status": "concept_massing_not_statutory",
        "zone": "middle_link",
        "footprint_sqm": 2064.02
      },
      "geometry": {
        "type": "Polygon",
        "coordinates": [
          [
            [
              116.34045400166448,
              39.97158032385597
            ],
            [
              116.34049285379388,
              39.97205860965837
            ],
            [
              116.3409459999689,
              39.97203681848344
            ],
            [
              116.34090714468904,
              39.97155853280559
            ],
            [
              116.34045400166448,
              39.97158032385597
            ]
          ]
        ]
      }
    },
    {
      "type": "Feature",
      "id": "BLDG-056",
      "properties": {
        "id": "BLDG-056",
        "layer": "BUILDING_FOOTPRINT",
        "source_type": "agent_generated_design",
        "confidence": "low",
        "geometry_role": "design_proposal",
        "name_zh": "概念建筑056",
        "name_en": "Concept Building 056",
        "building_type": "community_service",
        "floors": 5,
        "height_m": 18.0,
        "status": "concept_massing_not_statutory",
        "zone": "south",
        "footprint_sqm": 1803.64
      },
      "geometry": {
        "type": "Polygon",
        "coordinates": [
          [
            [
              116.34384309675303,
              39.94730912857019
            ],
            [
              116.34383958667026,
              39.94767651551155
            ],
            [
              116.34435690463322,
              39.947679442294415
            ],
            [
              116.34436041194911,
              39.94731205531517
            ],
            [
              116.34384309675303,
              39.94730912857019
            ]
          ]
        ]
      }
    },
    {
      "type": "Feature",
      "id": "BLDG-057",
      "properties": {
        "id": "BLDG-057",
        "layer": "BUILDING_FOOTPRINT",
        "source_type": "agent_generated_design",
        "confidence": "low",
        "geometry_role": "design_proposal",
        "name_zh": "概念建筑057",
        "name_en": "Concept Building 057",
        "building_type": "community_service",
        "floors": 5,
        "height_m": 18.0,
        "status": "concept_massing_not_statutory",
        "zone": "north_link",
        "footprint_sqm": 2872.52
      },
      "geometry": {
        "type": "Polygon",
        "coordinates": [
          [
            [
              116.34368501941321,
              40.00320042477846
            ],
            [
              116.34362116550548,
              40.003532091029676
            ],
            [
              116.34451498322203,
              40.00363385946292
            ],
            [
              116.34457883291272,
              40.003302192690924
            ],
            [
              116.34368501941321,
              40.00320042477846
            ]
          ]
        ]
      }
    },
    {
      "type": "Feature",
      "id": "BLDG-058",
      "properties": {
        "id": "BLDG-058",
        "layer": "BUILDING_FOOTPRINT",
        "source_type": "agent_generated_design",
        "confidence": "low",
        "geometry_role": "design_proposal",
        "name_zh": "概念建筑058",
        "name_en": "Concept Building 058",
        "building_type": "ai_r_and_d",
        "floors": 5,
        "height_m": 18.0,
        "status": "concept_massing_not_statutory",
        "zone": "north",
        "footprint_sqm": 729.26
      },
      "geometry": {
        "type": "Polygon",
        "coordinates": [
          [
            [
              116.34716576631831,
              40.02278056340286
            ],
            [
              116.34720733550955,
              40.023020718833145
            ],
            [
              116.34750009317435,
              40.022990765724096
            ],
            [
              116.34750254269468,
              40.02274610656928
            ],
            [
              116.34716576631831,
              40.02278056340286
            ]
          ]
        ]
      }
    },
    {
      "type": "Feature",
      "id": "BLDG-059",
      "properties": {
        "id": "BLDG-059",
        "layer": "BUILDING_FOOTPRINT",
        "source_type": "agent_generated_design",
        "confidence": "low",
        "geometry_role": "design_proposal",
        "name_zh": "概念建筑059",
        "name_en": "Concept Building 059",
        "building_type": "education",
        "floors": 7,
        "height_m": 25.2,
        "status": "concept_massing_not_statutory",
        "zone": "north_link",
        "footprint_sqm": 1780.88
      },
      "geometry": {
        "type": "Polygon",
        "coordinates": [
          [
            [
              116.3539481381159,
              40.0251503302759
            ],
            [
              116.35392242128357,
              40.02540636815114
            ],
            [
              116.35465186343198,
              40.02544966866397
            ],
            [
              116.35467757755782,
              40.025193630607255
            ],
            [
              116.3539481381159,
              40.0251503302759
            ]
          ]
        ]
      }
    },
    {
      "type": "Feature",
      "id": "BLDG-060",
      "properties": {
        "id": "BLDG-060",
        "layer": "BUILDING_FOOTPRINT",
        "source_type": "agent_generated_design",
        "confidence": "low",
        "geometry_role": "design_proposal",
        "name_zh": "概念建筑060",
        "name_en": "Concept Building 060",
        "building_type": "community_service",
        "floors": 5,
        "height_m": 18.0,
        "status": "concept_massing_not_statutory",
        "zone": "south_link",
        "footprint_sqm": 2202.33
      },
      "geometry": {
        "type": "Polygon",
        "coordinates": [
          [
            [
              116.3455514815568,
              39.954557814323806
            ],
            [
              116.3454752710067,
              39.9549540240351
            ],
            [
              116.34604852011041,
              39.95501932800488
            ],
            [
              116.34612472743518,
              39.95462311789505
            ],
            [
              116.3455514815568,
              39.954557814323806
            ]
          ]
        ]
      }
    },
    {
      "type": "Feature",
      "id": "BLDG-061",
      "properties": {
        "id": "BLDG-061",
        "layer": "BUILDING_FOOTPRINT",
        "source_type": "agent_generated_design",
        "confidence": "low",
        "geometry_role": "design_proposal",
        "name_zh": "概念建筑061",
        "name_en": "Concept Building 061",
        "building_type": "lab",
        "floors": 4,
        "height_m": 14.4,
        "status": "concept_massing_not_statutory",
        "zone": "north",
        "footprint_sqm": 2134.16
      },
      "geometry": {
        "type": "Polygon",
        "coordinates": [
          [
            [
              116.3436844087898,
              40.008104704762374
            ],
            [
              116.34363618390788,
              40.00835517250404
            ],
            [
              116.3445155933506,
              40.00845529375908
            ],
            [
              116.34456381509871,
              40.00820482563042
            ],
            [
              116.3436844087898,
              40.008104704762374
            ]
          ]
        ]
      }
    },
    {
      "type": "Feature",
      "id": "BLDG-062",
      "properties": {
        "id": "BLDG-062",
        "layer": "BUILDING_FOOTPRINT",
        "source_type": "agent_generated_design",
        "confidence": "low",
        "geometry_role": "design_proposal",
        "name_zh": "概念建筑062",
        "name_en": "Concept Building 062",
        "building_type": "education",
        "floors": 7,
        "height_m": 25.2,
        "status": "concept_massing_not_statutory",
        "zone": "north",
        "footprint_sqm": 1262.38
      },
      "geometry": {
        "type": "Polygon",
        "coordinates": [
          [
            [
              116.34944402344459,
              40.013384450883294
            ],
            [
              116.34948939275077,
              40.01293295550563
            ],
            [
              116.349167852205,
              40.01291385129945
            ],
            [
              116.34917922932016,
              40.013368718230176
            ],
            [
              116.34944402344459,
              40.013384450883294
            ]
          ]
        ]
      }
    },
    {
      "type": "Feature",
      "id": "BLDG-063",
      "properties": {
        "id": "BLDG-063",
        "layer": "BUILDING_FOOTPRINT",
        "source_type": "agent_generated_design",
        "confidence": "low",
        "geometry_role": "design_proposal",
        "name_zh": "概念建筑063",
        "name_en": "Concept Building 063",
        "building_type": "mixed_use",
        "floors": 8,
        "height_m": 28.8,
        "status": "concept_massing_not_statutory",
        "zone": "south_link",
        "footprint_sqm": 1266.42
      },
      "geometry": {
        "type": "Polygon",
        "coordinates": [
          [
            [
              116.35226467274182,
              39.9497491549703
            ],
            [
              116.35223342680844,
              39.95006055638571
            ],
            [
              116.35267117120388,
              39.9500865729117
            ],
            [
              116.35267899344083,
              39.94977377933791
            ],
            [
              116.35226467274182,
              39.9497491549703
            ]
          ]
        ]
      }
    },
    {
      "type": "Feature",
      "id": "BLDG-064",
      "properties": {
        "id": "BLDG-064",
        "layer": "BUILDING_FOOTPRINT",
        "source_type": "agent_generated_design",
        "confidence": "low",
        "geometry_role": "design_proposal",
        "name_zh": "概念建筑064",
        "name_en": "Concept Building 064",
        "building_type": "mixed_use",
        "floors": 6,
        "height_m": 21.6,
        "status": "concept_massing_not_statutory",
        "zone": "middle_link",
        "footprint_sqm": 2028.45
      },
      "geometry": {
        "type": "Polygon",
        "coordinates": [
          [
            [
              116.34116893726087,
              39.986545276204545
            ],
            [
              116.34117173192367,
              39.98625435837127
            ],
            [
              116.34042581389716,
              39.98625011540596
            ],
            [
              116.34044459070441,
              39.986541155918324
            ],
            [
              116.34116893726087,
              39.986545276204545
            ]
          ]
        ]
      }
    },
    {
      "type": "Feature",
      "id": "BLDG-065",
      "properties": {
        "id": "BLDG-065",
        "layer": "BUILDING_FOOTPRINT",
        "source_type": "agent_generated_design",
        "confidence": "low",
        "geometry_role": "design_proposal",
        "name_zh": "概念建筑065",
        "name_en": "Concept Building 065",
        "building_type": "mixed_use",
        "floors": 9,
        "height_m": 32.4,
        "status": "concept_massing_not_statutory",
        "zone": "south_link",
        "footprint_sqm": 3601.33
      },
      "geometry": {
        "type": "Polygon",
        "coordinates": [
          [
            [
              116.34108567014052,
              39.95262327130801
            ],
            [
              116.3411342597057,
              39.952139827087215
            ],
            [
              116.34033632437804,
              39.95209232239024
            ],
            [
              116.34032283732277,
              39.95257785638004
            ],
            [
              116.34108567014052,
              39.95262327130801
            ]
          ]
        ]
      }
    },
    {
      "type": "Feature",
      "id": "BLDG-066",
      "properties": {
        "id": "BLDG-066",
        "layer": "BUILDING_FOOTPRINT",
        "source_type": "agent_generated_design",
        "confidence": "low",
        "geometry_role": "design_proposal",
        "name_zh": "概念建筑066",
        "name_en": "Concept Building 066",
        "building_type": "community_service",
        "floors": 6,
        "height_m": 21.6,
        "status": "concept_massing_not_statutory",
        "zone": "south_link",
        "footprint_sqm": 2306.75
      },
      "geometry": {
        "type": "Polygon",
        "coordinates": [
          [
            [
              116.34893478923874,
              39.96914828951739
            ],
            [
              116.34893047526897,
              39.96960299338369
            ],
            [
              116.34946521252812,
              39.969605995595266
            ],
            [
              116.34946952295533,
              39.96915129168087
            ],
            [
              116.34893478923874,
              39.96914828951739
            ]
          ]
        ]
      }
    },
    {
      "type": "Feature",
      "id": "BLDG-067",
      "properties": {
        "id": "BLDG-067",
        "layer": "BUILDING_FOOTPRINT",
        "source_type": "agent_generated_design",
        "confidence": "low",
        "geometry_role": "design_proposal",
        "name_zh": "概念建筑067",
        "name_en": "Concept Building 067",
        "building_type": "community_service",
        "floors": 7,
        "height_m": 25.2,
        "status": "concept_massing_not_statutory",
        "zone": "south_link",
        "footprint_sqm": 2889.94
      },
      "geometry": {
        "type": "Polygon",
        "coordinates": [
          [
            [
              116.34210021634318,
              39.952103488176526
            ],
            [
              116.3420953885505,
              39.952607368355515
            ],
            [
              116.34269978586948,
              39.95261079676942
            ],
            [
              116.3427046092278,
              39.95210691652957
            ],
            [
              116.34210021634318,
              39.952103488176526
            ]
          ]
        ]
      }
    },
    {
      "type": "Feature",
      "id": "BLDG-068",
      "properties": {
        "id": "BLDG-068",
        "layer": "BUILDING_FOOTPRINT",
        "source_type": "agent_generated_design",
        "confidence": "low",
        "geometry_role": "design_proposal",
        "name_zh": "概念建筑068",
        "name_en": "Concept Building 068",
        "building_type": "community_service",
        "floors": 6,
        "height_m": 21.6,
        "status": "concept_massing_not_statutory",
        "zone": "south",
        "footprint_sqm": 1641.06
      },
      "geometry": {
        "type": "Polygon",
        "coordinates": [
          [
            [
              116.35061400927442,
              39.94489174561161
            ],
            [
              116.35056188363959,
              39.94516288875403
            ],
            [
              116.35118599215436,
              39.94523396797497
            ],
            [
              116.35123811538686,
              39.94496282453594
            ],
            [
              116.35061400927442,
              39.94489174561161
            ]
          ]
        ]
      }
    },
    {
      "type": "Feature",
      "id": "BLDG-069",
      "properties": {
        "id": "BLDG-069",
        "layer": "BUILDING_FOOTPRINT",
        "source_type": "agent_generated_design",
        "confidence": "low",
        "geometry_role": "design_proposal",
        "name_zh": "概念建筑069",
        "name_en": "Concept Building 069",
        "building_type": "mixed_use",
        "floors": 4,
        "height_m": 14.4,
        "status": "concept_massing_not_statutory",
        "zone": "south_link",
        "footprint_sqm": 1534.01
      },
      "geometry": {
        "type": "Polygon",
        "coordinates": [
          [
            [
              116.35391393515543,
              39.96444380599698
            ],
            [
              116.35395135716597,
              39.96466004860586
            ],
            [
              116.35468606565377,
              39.96458476415123
            ],
            [
              116.35464864136307,
              39.96436852175866
            ],
            [
              116.35391393515543,
              39.96444380599698
            ]
          ]
        ]
      }
    },
    {
      "type": "Feature",
      "id": "BLDG-070",
      "properties": {
        "id": "BLDG-070",
        "layer": "BUILDING_FOOTPRINT",
        "source_type": "agent_generated_design",
        "confidence": "low",
        "geometry_role": "design_proposal",
        "name_zh": "概念建筑070",
        "name_en": "Concept Building 070",
        "building_type": "community_service",
        "floors": 5,
        "height_m": 18.0,
        "status": "concept_massing_not_statutory",
        "zone": "south_link",
        "footprint_sqm": 2237.78
      },
      "geometry": {
        "type": "Polygon",
        "coordinates": [
          [
            [
              116.3404134252224,
              39.96187299909402
            ],
            [
              116.34037489024963,
              39.962256302520885
            ],
            [
              116.34098657653087,
              39.96229271448987
            ],
            [
              116.34102510811384,
              39.96190941083447
            ],
            [
              116.3404134252224,
              39.96187299909402
            ]
          ]
        ]
      }
    },
    {
      "type": "Feature",
      "id": "BLDG-071",
      "properties": {
        "id": "BLDG-071",
        "layer": "BUILDING_FOOTPRINT",
        "source_type": "agent_generated_design",
        "confidence": "low",
        "geometry_role": "design_proposal",
        "name_zh": "概念建筑071",
        "name_en": "Concept Building 071",
        "building_type": "mixed_use",
        "floors": 9,
        "height_m": 32.4,
        "status": "concept_massing_not_statutory",
        "zone": "south_link",
        "footprint_sqm": 3033.41
      },
      "geometry": {
        "type": "Polygon",
        "coordinates": [
          [
            [
              116.34538470862064,
              39.94243751071434
            ],
            [
              116.3453810573883,
              39.94282063754323
            ],
            [
              116.34621529373709,
              39.94282534495331
            ],
            [
              116.34621894031714,
              39.942442218060904
            ],
            [
              116.34538470862064,
              39.94243751071434
            ]
          ]
        ]
      }
    },
    {
      "type": "Feature",
      "id": "BLDG-072",
      "properties": {
        "id": "BLDG-072",
        "layer": "BUILDING_FOOTPRINT",
        "source_type": "agent_generated_design",
        "confidence": "low",
        "geometry_role": "design_proposal",
        "name_zh": "概念建筑072",
        "name_en": "Concept Building 072",
        "building_type": "mixed_use",
        "floors": 4,
        "height_m": 14.4,
        "status": "concept_massing_not_statutory",
        "zone": "middle_link",
        "footprint_sqm": 2627.36
      },
      "geometry": {
        "type": "Polygon",
        "coordinates": [
          [
            [
              116.3420953244763,
              39.97644082924626
            ],
            [
              116.34205285762971,
              39.97686324291828
            ],
            [
              116.34270467757226,
              39.97690202710317
            ],
            [
              116.34274714043595,
              39.97647961316285
            ],
            [
              116.3420953244763,
              39.97644082924626
            ]
          ]
        ]
      }
    },
    {
      "type": "Feature",
      "id": "BLDG-073",
      "properties": {
        "id": "BLDG-073",
        "layer": "BUILDING_FOOTPRINT",
        "source_type": "agent_generated_design",
        "confidence": "low",
        "geometry_role": "design_proposal",
        "name_zh": "概念建筑073",
        "name_en": "Concept Building 073",
        "building_type": "lab",
        "floors": 4,
        "height_m": 14.4,
        "status": "concept_massing_not_statutory",
        "zone": "north",
        "footprint_sqm": 2663.67
      },
      "geometry": {
        "type": "Polygon",
        "coordinates": [
          [
            [
              116.34533418792161,
              40.01301029321307
            ],
            [
              116.34535930130833,
              40.013319021182305
            ],
            [
              116.34626581390287,
              40.0132754192117
            ],
            [
              116.34624069644207,
              40.01296669140392
            ],
            [
              116.34533418792161,
              40.01301029321307
            ]
          ]
        ]
      }
    },
    {
      "type": "Feature",
      "id": "BLDG-074",
      "properties": {
        "id": "BLDG-074",
        "layer": "BUILDING_FOOTPRINT",
        "source_type": "agent_generated_design",
        "confidence": "low",
        "geometry_role": "design_proposal",
        "name_zh": "概念建筑074",
        "name_en": "Concept Building 074",
        "building_type": "mixed_use",
        "floors": 6,
        "height_m": 21.6,
        "status": "concept_massing_not_statutory",
        "zone": "south_link",
        "footprint_sqm": 3770.43
      },
      "geometry": {
        "type": "Polygon",
        "coordinates": [
          [
            [
              116.35044350347415,
              39.954596480369524
            ],
            [
              116.35052470138035,
              39.95506588207747
            ],
            [
              116.35135649909722,
              39.954980660704074
            ],
            [
              116.35127529558922,
              39.95451125952716
            ],
            [
              116.35044350347415,
              39.954596480369524
            ]
          ]
        ]
      }
    },
    {
      "type": "Feature",
      "id": "BLDG-075",
      "properties": {
        "id": "BLDG-075",
        "layer": "BUILDING_FOOTPRINT",
        "source_type": "agent_generated_design",
        "confidence": "low",
        "geometry_role": "design_proposal",
        "name_zh": "概念建筑075",
        "name_en": "Concept Building 075",
        "building_type": "education",
        "floors": 6,
        "height_m": 21.6,
        "status": "concept_massing_not_statutory",
        "zone": "middle_link",
        "footprint_sqm": 3326.63
      },
      "geometry": {
        "type": "Polygon",
        "coordinates": [
          [
            [
              116.34371225683616,
              39.998327149988164
            ],
            [
              116.34370795014554,
              39.99877700700417
            ],
            [
              116.34448774574074,
              39.99878142015499
            ],
            [
              116.34449204731514,
              39.99833156306906
            ],
            [
              116.34371225683616,
              39.998327149988164
            ]
          ]
        ]
      }
    },
    {
      "type": "Feature",
      "id": "BLDG-076",
      "properties": {
        "id": "BLDG-076",
        "layer": "BUILDING_FOOTPRINT",
        "source_type": "agent_generated_design",
        "confidence": "low",
        "geometry_role": "design_proposal",
        "name_zh": "概念建筑076",
        "name_en": "Concept Building 076",
        "building_type": "community_service",
        "floors": 7,
        "height_m": 25.2,
        "status": "concept_massing_not_statutory",
        "zone": "south_link",
        "footprint_sqm": 3005.97
      },
      "geometry": {
        "type": "Polygon",
        "coordinates": [
          [
            [
              116.34194074005948,
              39.96918335458728
            ],
            [
              116.34190747308128,
              39.96951429127458
            ],
            [
              116.34285926255181,
              39.96957092932192
            ],
            [
              116.34289252497484,
              39.969239992327715
            ],
            [
              116.34194074005948,
              39.96918335458728
            ]
          ]
        ]
      }
    },
    {
      "type": "Feature",
      "id": "BLDG-077",
      "properties": {
        "id": "BLDG-077",
        "layer": "BUILDING_FOOTPRINT",
        "source_type": "agent_generated_design",
        "confidence": "low",
        "geometry_role": "design_proposal",
        "name_zh": "概念建筑077",
        "name_en": "Concept Building 077",
        "building_type": "mixed_use",
        "floors": 4,
        "height_m": 14.4,
        "status": "concept_massing_not_statutory",
        "zone": "south_link",
        "footprint_sqm": 3207.91
      },
      "geometry": {
        "type": "Polygon",
        "coordinates": [
          [
            [
              116.34203716347616,
              39.96428520845887
            ],
            [
              116.34207706802611,
              39.964776353860735
            ],
            [
              116.34276283895096,
              39.96474336184456
            ],
            [
              116.34272292950634,
              39.96425221663638
            ],
            [
              116.34203716347616,
              39.96428520845887
            ]
          ]
        ]
      }
    },
    {
      "type": "Feature",
      "id": "BLDG-078",
      "properties": {
        "id": "BLDG-078",
        "layer": "BUILDING_FOOTPRINT",
        "source_type": "agent_generated_design",
        "confidence": "low",
        "geometry_role": "design_proposal",
        "name_zh": "概念建筑078",
        "name_en": "Concept Building 078",
        "building_type": "community_service",
        "floors": 6,
        "height_m": 21.6,
        "status": "concept_massing_not_statutory",
        "zone": "north_link",
        "footprint_sqm": 4564.9
      },
      "geometry": {
        "type": "Polygon",
        "coordinates": [
          [
            [
              116.34198552678635,
              40.00797306828344
            ],
            [
              116.34188764075655,
              40.00848139552263
            ],
            [
              116.34281447692797,
              40.00858693024797
            ],
            [
              116.34291235625474,
              40.008078602180795
            ],
            [
              116.34198552678635,
              40.00797306828344
            ]
          ]
        ]
      }
    },
    {
      "type": "Feature",
      "id": "BLDG-079",
      "properties": {
        "id": "BLDG-079",
        "layer": "BUILDING_FOOTPRINT",
        "source_type": "agent_generated_design",
        "confidence": "low",
        "geometry_role": "design_proposal",
        "name_zh": "概念建筑079",
        "name_en": "Concept Building 079",
        "building_type": "education",
        "floors": 8,
        "height_m": 28.8,
        "status": "concept_massing_not_statutory",
        "zone": "north",
        "footprint_sqm": 984.55
      },
      "geometry": {
        "type": "Polygon",
        "coordinates": [
          [
            [
              116.34707163479746,
              40.01302829660777
            ],
            [
              116.34706949751279,
              40.01325258023071
            ],
            [
              116.34753637041767,
              40.013255208964196
            ],
            [
              116.34753076492116,
              40.01303088173348
            ],
            [
              116.34707163479746,
              40.01302829660777
            ]
          ]
        ]
      }
    },
    {
      "type": "Feature",
      "id": "BLDG-080",
      "properties": {
        "id": "BLDG-080",
        "layer": "BUILDING_FOOTPRINT",
        "source_type": "agent_generated_design",
        "confidence": "low",
        "geometry_role": "design_proposal",
        "name_zh": "概念建筑080",
        "name_en": "Concept Building 080",
        "building_type": "education",
        "floors": 7,
        "height_m": 25.2,
        "status": "concept_massing_not_statutory",
        "zone": "middle_link",
        "footprint_sqm": 2479.03
      },
      "geometry": {
        "type": "Polygon",
        "coordinates": [
          [
            [
              116.34538618550759,
              39.9984268538122
            ],
            [
              116.34544391063007,
              39.99876050701097
            ],
            [
              116.3462138160478,
              39.99868171614836
            ],
            [
              116.34615608723395,
              39.998348063298934
            ],
            [
              116.34538618550759,
              39.9984268538122
            ]
          ]
        ]
      }
    },
    {
      "type": "Feature",
      "id": "BLDG-081",
      "properties": {
        "id": "BLDG-081",
        "layer": "BUILDING_FOOTPRINT",
        "source_type": "agent_generated_design",
        "confidence": "low",
        "geometry_role": "design_proposal",
        "name_zh": "概念建筑081",
        "name_en": "Concept Building 081",
        "building_type": "ai_r_and_d",
        "floors": 5,
        "height_m": 18.0,
        "status": "concept_massing_not_statutory",
        "zone": "north_link",
        "footprint_sqm": 2450.59
      },
      "geometry": {
        "type": "Polygon",
        "coordinates": [
          [
            [
              116.35053791377038,
              40.00081694625941
            ],
            [
              116.35056811250489,
              40.001187898071265
            ],
            [
              116.35126208802228,
              40.00115448119006
            ],
            [
              116.35123188554196,
              40.00078352952706
            ],
            [
              116.35053791377038,
              40.00081694625941
            ]
          ]
        ]
      }
    },
    {
      "type": "Feature",
      "id": "BLDG-082",
      "properties": {
        "id": "BLDG-082",
        "layer": "BUILDING_FOOTPRINT",
        "source_type": "agent_generated_design",
        "confidence": "low",
        "geometry_role": "design_proposal",
        "name_zh": "概念建筑082",
        "name_en": "Concept Building 082",
        "building_type": "retail",
        "floors": 4,
        "height_m": 14.4,
        "status": "concept_massing_not_statutory",
        "zone": "south_link",
        "footprint_sqm": 1975.31
      },
      "geometry": {
        "type": "Polygon",
        "coordinates": [
          [
            [
              116.34384129581193,
              39.95214957716656
            ],
            [
              116.34377424839705,
              39.95249811620132
            ],
            [
              116.34435870575146,
              39.95256470797562
            ],
            [
              116.3444257502739,
              39.952216168583334
            ],
            [
              116.34384129581193,
              39.95214957716656
            ]
          ]
        ]
      }
    },
    {
      "type": "Feature",
      "id": "BLDG-083",
      "properties": {
        "id": "BLDG-083",
        "layer": "BUILDING_FOOTPRINT",
        "source_type": "agent_generated_design",
        "confidence": "low",
        "geometry_role": "design_proposal",
        "name_zh": "概念建筑083",
        "name_en": "Concept Building 083",
        "building_type": "mixed_use",
        "floors": 5,
        "height_m": 18.0,
        "status": "concept_massing_not_statutory",
        "zone": "middle_link",
        "footprint_sqm": 2824.92
      },
      "geometry": {
        "type": "Polygon",
        "coordinates": [
          [
            [
              116.34965739413849,
              39.99870846881009
            ],
            [
              116.34962882272136,
              39.99835743830873
            ],
            [
              116.34879290469583,
              39.998397679532005
            ],
            [
              116.34880261754671,
              39.99874961785083
            ],
            [
              116.34965739413849,
              39.99870846881009
            ]
          ]
        ]
      }
    },
    {
      "type": "Feature",
      "id": "BLDG-084",
      "properties": {
        "id": "BLDG-084",
        "layer": "BUILDING_FOOTPRINT",
        "source_type": "agent_generated_design",
        "confidence": "low",
        "geometry_role": "design_proposal",
        "name_zh": "概念建筑084",
        "name_en": "Concept Building 084",
        "building_type": "community_service",
        "floors": 4,
        "height_m": 14.4,
        "status": "concept_massing_not_statutory",
        "zone": "middle_link",
        "footprint_sqm": 1665.17
      },
      "geometry": {
        "type": "Polygon",
        "coordinates": [
          [
            [
              116.34207747261209,
              39.99595939711267
            ],
            [
              116.3420297223989,
              39.99620741634513
            ],
            [
              116.34272252893285,
              39.99628631628333
            ],
            [
              116.34277027670241,
              39.99603829674894
            ],
            [
              116.34207747261209,
              39.99595939711267
            ]
          ]
        ]
      }
    },
    {
      "type": "Feature",
      "id": "BLDG-085",
      "properties": {
        "id": "BLDG-085",
        "layer": "BUILDING_FOOTPRINT",
        "source_type": "agent_generated_design",
        "confidence": "low",
        "geometry_role": "design_proposal",
        "name_zh": "概念建筑085",
        "name_en": "Concept Building 085",
        "building_type": "retail",
        "floors": 7,
        "height_m": 25.2,
        "status": "concept_massing_not_statutory",
        "zone": "south_link",
        "footprint_sqm": 2080.82
      },
      "geometry": {
        "type": "Polygon",
        "coordinates": [
          [
            [
              116.34890614610788,
              39.9497238463943
            ],
            [
              116.34884277327252,
              39.95005342536523
            ],
            [
              116.34949385562187,
              39.950127581439126
            ],
            [
              116.34955722541046,
              39.94979800209192
            ],
            [
              116.34890614610788,
              39.9497238463943
            ]
          ]
        ]
      }
    },
    {
      "type": "Feature",
      "id": "BLDG-086",
      "properties": {
        "id": "BLDG-086",
        "layer": "BUILDING_FOOTPRINT",
        "source_type": "agent_generated_design",
        "confidence": "low",
        "geometry_role": "design_proposal",
        "name_zh": "概念建筑086",
        "name_en": "Concept Building 086",
        "building_type": "community_service",
        "floors": 3,
        "height_m": 10.8,
        "status": "concept_massing_not_statutory",
        "zone": "north_link",
        "footprint_sqm": 2232.81
      },
      "geometry": {
        "type": "Polygon",
        "coordinates": [
          [
            [
              116.3427977086312,
              40.01332030384678
            ],
            [
              116.34282846327909,
              40.01301454442012
            ],
            [
              116.34203988511214,
              40.0129676447991
            ],
            [
              116.34205493308531,
              40.013276128248954
            ],
            [
              116.3427977086312,
              40.01332030384678
            ]
          ]
        ]
      }
    },
    {
      "type": "Feature",
      "id": "BLDG-087",
      "properties": {
        "id": "BLDG-087",
        "layer": "BUILDING_FOOTPRINT",
        "source_type": "agent_generated_design",
        "confidence": "low",
        "geometry_role": "design_proposal",
        "name_zh": "概念建筑087",
        "name_en": "Concept Building 087",
        "building_type": "community_service",
        "floors": 6,
        "height_m": 21.6,
        "status": "concept_massing_not_statutory",
        "zone": "middle_link",
        "footprint_sqm": 2712.37
      },
      "geometry": {
        "type": "Polygon",
        "coordinates": [
          [
            [
              116.34377804536615,
              39.974019448038604
            ],
            [
              116.34381626844713,
              39.97448969440615
            ],
            [
              116.34442195670626,
              39.974460551075495
            ],
            [
              116.34438372948473,
              39.973990304871926
            ],
            [
              116.34377804536615,
              39.974019448038604
            ]
          ]
        ]
      }
    },
    {
      "type": "Feature",
      "id": "BLDG-088",
      "properties": {
        "id": "BLDG-088",
        "layer": "BUILDING_FOOTPRINT",
        "source_type": "agent_generated_design",
        "confidence": "low",
        "geometry_role": "design_proposal",
        "name_zh": "概念建筑088",
        "name_en": "Concept Building 088",
        "building_type": "retail",
        "floors": 9,
        "height_m": 32.4,
        "status": "concept_massing_not_statutory",
        "zone": "south_link",
        "footprint_sqm": 1889.66
      },
      "geometry": {
        "type": "Polygon",
        "coordinates": [
          [
            [
              116.34560129818972,
              39.959419648968336
            ],
            [
              116.34552255999209,
              39.959828969688054
            ],
            [
              116.34599870314605,
              39.95988320783549
            ],
            [
              116.34607743857559,
              39.95947388677377
            ],
            [
              116.34560129818972,
              39.959419648968336
            ]
          ]
        ]
      }
    },
    {
      "type": "Feature",
      "id": "BLDG-089",
      "properties": {
        "id": "BLDG-089",
        "layer": "BUILDING_FOOTPRINT",
        "source_type": "agent_generated_design",
        "confidence": "low",
        "geometry_role": "design_proposal",
        "name_zh": "概念建筑089",
        "name_en": "Concept Building 089",
        "building_type": "education",
        "floors": 6,
        "height_m": 21.6,
        "status": "concept_massing_not_statutory",
        "zone": "middle",
        "footprint_sqm": 1183.59
      },
      "geometry": {
        "type": "Polygon",
        "coordinates": [
          [
            [
              116.35064934287057,
              39.9914238528613
            ],
            [
              116.35111496751107,
              39.99145151865899
            ],
            [
              116.35115065593348,
              39.991096146582414
            ],
            [
              116.35093106502022,
              39.99108309926236
            ],
            [
              116.35092481186,
              39.99110172457798
            ],
            [
              116.35090980344694,
              39.99113326235788
            ],
            [
              116.35089084837948,
              39.99116351675253
            ],
            [
              116.35086812920144,
              39.99119219639372
            ],
            [
              116.35084186470812,
              39.99121902507865
            ],
            [
              116.35081230783929,
              39.99124374443012
            ],
            [
              116.35077974324325,
              39.9912661163849
            ],
            [
              116.35074448453568,
              39.99128592548646
            ],
            [
              116.35070687127914,
              39.99130298096006
            ],
            [
              116.35066726571296,
              39.99131711855015
            ],
            [
              116.35065986250143,
              39.99131910935438
            ],
            [
              116.35064934287057,
              39.9914238528613
            ]
          ]
        ]
      }
    },
    {
      "type": "Feature",
      "id": "BLDG-090",
      "properties": {
        "id": "BLDG-090",
        "layer": "BUILDING_FOOTPRINT",
        "source_type": "agent_generated_design",
        "confidence": "low",
        "geometry_role": "design_proposal",
        "name_zh": "概念建筑090",
        "name_en": "Concept Building 090",
        "building_type": "mixed_use",
        "floors": 4,
        "height_m": 14.4,
        "status": "concept_massing_not_statutory",
        "zone": "south_link",
        "footprint_sqm": 1408.23
      },
      "geometry": {
        "type": "Polygon",
        "coordinates": [
          [
            [
              116.34886138657558,
              39.95470688729658
            ],
            [
              116.34890094037259,
              39.95493557759049
            ],
            [
              116.34953861424225,
              39.95487025457677
            ],
            [
              116.34949905835295,
              39.95464156448112
            ],
            [
              116.34886138657558,
              39.95470688729658
            ]
          ]
        ]
      }
    },
    {
      "type": "Feature",
      "id": "BLDG-091",
      "properties": {
        "id": "BLDG-091",
        "layer": "BUILDING_FOOTPRINT",
        "source_type": "agent_generated_design",
        "confidence": "low",
        "geometry_role": "design_proposal",
        "name_zh": "概念建筑091",
        "name_en": "Concept Building 091",
        "building_type": "education",
        "floors": 8,
        "height_m": 28.8,
        "status": "concept_massing_not_statutory",
        "zone": "north",
        "footprint_sqm": 1175.87
      },
      "geometry": {
        "type": "Polygon",
        "coordinates": [
          [
            [
              116.34557092027134,
              40.01543247803466
            ],
            [
              116.34554529480532,
              40.01568733559155
            ],
            [
              116.34602908067916,
              40.01571609294521
            ],
            [
              116.34605470435913,
              40.015461235268226
            ],
            [
              116.34557092027134,
              40.01543247803466
            ]
          ]
        ]
      }
    },
    {
      "type": "Feature",
      "id": "BLDG-092",
      "properties": {
        "id": "BLDG-092",
        "layer": "BUILDING_FOOTPRINT",
        "source_type": "agent_generated_design",
        "confidence": "low",
        "geometry_role": "design_proposal",
        "name_zh": "概念建筑092",
        "name_en": "Concept Building 092",
        "building_type": "mixed_use",
        "floors": 5,
        "height_m": 18.0,
        "status": "concept_massing_not_statutory",
        "zone": "south_link",
        "footprint_sqm": 2393.23
      },
      "geometry": {
        "type": "Polygon",
        "coordinates": [
          [
            [
              116.34108616504848,
              39.94771388394916
            ],
            [
              116.3411254476712,
              39.94732300802737
            ],
            [
              116.34046988952035,
              39.94728397726733
            ],
            [
              116.34045898492394,
              39.94767654273809
            ],
            [
              116.34108616504848,
              39.94771388394916
            ]
          ]
        ]
      }
    },
    {
      "type": "Feature",
      "id": "BLDG-093",
      "properties": {
        "id": "BLDG-093",
        "layer": "BUILDING_FOOTPRINT",
        "source_type": "agent_generated_design",
        "confidence": "low",
        "geometry_role": "design_proposal",
        "name_zh": "概念建筑093",
        "name_en": "Concept Building 093",
        "building_type": "lab",
        "floors": 8,
        "height_m": 28.8,
        "status": "concept_massing_not_statutory",
        "zone": "north_link",
        "footprint_sqm": 2585.31
      },
      "geometry": {
        "type": "Polygon",
        "coordinates": [
          [
            [
              116.35473628599146,
              40.018158645229114
            ],
            [
              116.35470804803813,
              40.017812111725995
            ],
            [
              116.35393516117011,
              40.01784934032217
            ],
            [
              116.35394137088875,
              40.01819693485291
            ],
            [
              116.35473628599146,
              40.018158645229114
            ]
          ]
        ]
      }
    },
    {
      "type": "Feature",
      "id": "BLDG-094",
      "properties": {
        "id": "BLDG-094",
        "layer": "BUILDING_FOOTPRINT",
        "source_type": "agent_generated_design",
        "confidence": "low",
        "geometry_role": "design_proposal",
        "name_zh": "概念建筑094",
        "name_en": "Concept Building 094",
        "building_type": "mixed_use",
        "floors": 7,
        "height_m": 25.2,
        "status": "concept_massing_not_statutory",
        "zone": "middle_link",
        "footprint_sqm": 1129.56
      },
      "geometry": {
        "type": "Polygon",
        "coordinates": [
          [
            [
              116.35064942752727,
              39.97413533361781
            ],
            [
              116.35069374433876,
              39.97439145552816
            ],
            [
              116.35115057324236,
              39.97434466584475
            ],
            [
              116.35110625475104,
              39.97408854409361
            ],
            [
              116.35064942752727,
              39.97413533361781
            ]
          ]
        ]
      }
    },
    {
      "type": "Feature",
      "id": "BLDG-095",
      "properties": {
        "id": "BLDG-095",
        "layer": "BUILDING_FOOTPRINT",
        "source_type": "agent_generated_design",
        "confidence": "low",
        "geometry_role": "design_proposal",
        "name_zh": "概念建筑095",
        "name_en": "Concept Building 095",
        "building_type": "retail",
        "floors": 5,
        "height_m": 18.0,
        "status": "concept_massing_not_statutory",
        "zone": "south_link",
        "footprint_sqm": 3211.13
      },
      "geometry": {
        "type": "Polygon",
        "coordinates": [
          [
            [
              116.35046889479617,
              39.94974242428732
            ],
            [
              116.35050196941435,
              39.95014896306551
            ],
            [
              116.35133110752024,
              39.95010900269358
            ],
            [
              116.35129802800624,
              39.949702464110004
            ],
            [
              116.35046889479617,
              39.94974242428732
            ]
          ]
        ]
      }
    },
    {
      "type": "Feature",
      "id": "BLDG-096",
      "properties": {
        "id": "BLDG-096",
        "layer": "BUILDING_FOOTPRINT",
        "source_type": "agent_generated_design",
        "confidence": "low",
        "geometry_role": "design_proposal",
        "name_zh": "概念建筑096",
        "name_en": "Concept Building 096",
        "building_type": "education",
        "floors": 5,
        "height_m": 18.0,
        "status": "concept_massing_not_statutory",
        "zone": "middle_link",
        "footprint_sqm": 967.94
      },
      "geometry": {
        "type": "Polygon",
        "coordinates": [
          [
            [
              116.34556298920965,
              39.981433766751515
            ],
            [
              116.34558112089276,
              39.9816567438209
            ],
            [
              116.34603701148959,
              39.98163480419625
            ],
            [
              116.34601887832837,
              39.98141182718545
            ],
            [
              116.34556298920965,
              39.981433766751515
            ]
          ]
        ]
      }
    },
    {
      "type": "Feature",
      "id": "BLDG-097",
      "properties": {
        "id": "BLDG-097",
        "layer": "BUILDING_FOOTPRINT",
        "source_type": "agent_generated_design",
        "confidence": "low",
        "geometry_role": "design_proposal",
        "name_zh": "概念建筑097",
        "name_en": "Concept Building 097",
        "building_type": "community_service",
        "floors": 8,
        "height_m": 28.8,
        "status": "concept_massing_not_statutory",
        "zone": "south_link",
        "footprint_sqm": 2550.55
      },
      "geometry": {
        "type": "Polygon",
        "coordinates": [
          [
            [
              116.3454867512388,
              39.96673076453849
            ],
            [
              116.34548268529832,
              39.967157104524844
            ],
            [
              116.34611325072581,
              39.967160663194285
            ],
            [
              116.3461173127498,
              39.9667343231545
            ],
            [
              116.3454867512388,
              39.96673076453849
            ]
          ]
        ]
      }
    },
    {
      "type": "Feature",
      "id": "BLDG-098",
      "properties": {
        "id": "BLDG-098",
        "layer": "BUILDING_FOOTPRINT",
        "source_type": "agent_generated_design",
        "confidence": "low",
        "geometry_role": "design_proposal",
        "name_zh": "概念建筑098",
        "name_en": "Concept Building 098",
        "building_type": "ai_r_and_d",
        "floors": 8,
        "height_m": 28.8,
        "status": "concept_massing_not_statutory",
        "zone": "north",
        "footprint_sqm": 1923.99
      },
      "geometry": {
        "type": "Polygon",
        "coordinates": [
          [
            [
              116.35215976739306,
              40.01788440953952
            ],
            [
              116.3521828902742,
              40.01816830145227
            ],
            [
              116.35288597574332,
              40.018134445448325
            ],
            [
              116.35288089292224,
              40.01784968481911
            ],
            [
              116.35215976739306,
              40.01788440953952
            ]
          ]
        ]
      }
    },
    {
      "type": "Feature",
      "id": "BLDG-099",
      "properties": {
        "id": "BLDG-099",
        "layer": "BUILDING_FOOTPRINT",
        "source_type": "agent_generated_design",
        "confidence": "low",
        "geometry_role": "design_proposal",
        "name_zh": "概念建筑099",
        "name_en": "Concept Building 099",
        "building_type": "mixed_use",
        "floors": 6,
        "height_m": 21.6,
        "status": "concept_massing_not_statutory",
        "zone": "middle_link",
        "footprint_sqm": 1605.64
      },
      "geometry": {
        "type": "Polygon",
        "coordinates": [
          [
            [
              116.34202363176317,
              39.998439997459535
            ],
            [
              116.34202147898937,
              39.9986642894869
            ],
            [
              116.34277636950587,
              39.998668572754646
            ],
            [
              116.34277851981027,
              39.998444280693455
            ],
            [
              116.34202363176317,
              39.998439997459535
            ]
          ]
        ]
      }
    },
    {
      "type": "Feature",
      "id": "BLDG-100",
      "properties": {
        "id": "BLDG-100",
        "layer": "BUILDING_FOOTPRINT",
        "source_type": "agent_generated_design",
        "confidence": "low",
        "geometry_role": "design_proposal",
        "name_zh": "概念建筑100",
        "name_en": "Concept Building 100",
        "building_type": "retail",
        "floors": 10,
        "height_m": 36.0,
        "status": "concept_massing_not_statutory",
        "zone": "south_link",
        "footprint_sqm": 1597.58
      },
      "geometry": {
        "type": "Polygon",
        "coordinates": [
          [
            [
              116.34883850468296,
              39.95222273235205
            ],
            [
              116.34881596723771,
              39.952447222462844
            ],
            [
              116.34956149674403,
              39.952491552243224
            ],
            [
              116.34958403177033,
              39.952267061969735
            ],
            [
              116.34883850468296,
              39.95222273235205
            ]
          ]
        ]
      }
    },
    {
      "type": "Feature",
      "id": "BLDG-101",
      "properties": {
        "id": "BLDG-101",
        "layer": "BUILDING_FOOTPRINT",
        "source_type": "agent_generated_design",
        "confidence": "low",
        "geometry_role": "design_proposal",
        "name_zh": "概念建筑101",
        "name_en": "Concept Building 101",
        "building_type": "education",
        "floors": 3,
        "height_m": 10.8,
        "status": "concept_massing_not_statutory",
        "zone": "north",
        "footprint_sqm": 1050.41
      },
      "geometry": {
        "type": "Polygon",
        "coordinates": [
          [
            [
              116.34893689855458,
              40.02540473362533
            ],
            [
              116.34941236287852,
              40.025458831485984
            ],
            [
              116.34946310064662,
              40.025195265768936
            ],
            [
              116.3490943842161,
              40.02515331359128
            ],
            [
              116.34908283872382,
              40.025187628331174
            ],
            [
              116.3490551476451,
              40.025245715371206
            ],
            [
              116.34902018400295,
              40.02530143605187
            ],
            [
              116.34897828450326,
              40.025354253746116
            ],
            [
              116.3489388776515,
              40.025394453249504
            ],
            [
              116.34893689855458,
              40.02540473362533
            ]
          ]
        ]
      }
    },
    {
      "type": "Feature",
      "id": "BLDG-102",
      "properties": {
        "id": "BLDG-102",
        "layer": "BUILDING_FOOTPRINT",
        "source_type": "agent_generated_design",
        "confidence": "low",
        "geometry_role": "design_proposal",
        "name_zh": "概念建筑102",
        "name_en": "Concept Building 102",
        "building_type": "mixed_use",
        "floors": 6,
        "height_m": 21.6,
        "status": "concept_massing_not_statutory",
        "zone": "south_link",
        "footprint_sqm": 1940.36
      },
      "geometry": {
        "type": "Polygon",
        "coordinates": [
          [
            [
              116.34387073352529,
              39.96186058418724
            ],
            [
              116.34386650925592,
              39.96230251130577
            ],
            [
              116.34432926795591,
              39.96230512964853
            ],
            [
              116.34433348924651,
              39.96186320248925
            ],
            [
              116.34387073352529,
              39.96186058418724
            ]
          ]
        ]
      }
    },
    {
      "type": "Feature",
      "id": "BLDG-103",
      "properties": {
        "id": "BLDG-103",
        "layer": "BUILDING_FOOTPRINT",
        "source_type": "agent_generated_design",
        "confidence": "low",
        "geometry_role": "design_proposal",
        "name_zh": "概念建筑103",
        "name_en": "Concept Building 103",
        "building_type": "mixed_use",
        "floors": 7,
        "height_m": 25.2,
        "status": "concept_massing_not_statutory",
        "zone": "middle_link",
        "footprint_sqm": 1751.04
      },
      "geometry": {
        "type": "Polygon",
        "coordinates": [
          [
            [
              116.35399437674248,
              39.976419552290835
            ],
            [
              116.3539477422924,
              39.97688422704073
            ],
            [
              116.35434736290037,
              39.97690796374545
            ],
            [
              116.35438458162407,
              39.97644272969907
            ],
            [
              116.35399437674248,
              39.976419552290835
            ]
          ]
        ]
      }
    },
    {
      "type": "Feature",
      "id": "BLDG-104",
      "properties": {
        "id": "BLDG-104",
        "layer": "BUILDING_FOOTPRINT",
        "source_type": "agent_generated_design",
        "confidence": "low",
        "geometry_role": "design_proposal",
        "name_zh": "概念建筑104",
        "name_en": "Concept Building 104",
        "building_type": "retail",
        "floors": 8,
        "height_m": 28.8,
        "status": "concept_massing_not_statutory",
        "zone": "south_link",
        "footprint_sqm": 1302.05
      },
      "geometry": {
        "type": "Polygon",
        "coordinates": [
          [
            [
              116.35224952788629,
              39.952168047736215
            ],
            [
              116.35224599738781,
              39.95254230281279
            ],
            [
              116.35260970833907,
              39.95254433393855
            ],
            [
              116.35261906677121,
              39.952170111391816
            ],
            [
              116.35224952788629,
              39.952168047736215
            ]
          ]
        ]
      }
    },
    {
      "type": "Feature",
      "id": "BLDG-105",
      "properties": {
        "id": "BLDG-105",
        "layer": "BUILDING_FOOTPRINT",
        "source_type": "agent_generated_design",
        "confidence": "low",
        "geometry_role": "design_proposal",
        "name_zh": "概念建筑105",
        "name_en": "Concept Building 105",
        "building_type": "community_service",
        "floors": 5,
        "height_m": 18.0,
        "status": "concept_massing_not_statutory",
        "zone": "south_link",
        "footprint_sqm": 1732.21
      },
      "geometry": {
        "type": "Polygon",
        "coordinates": [
          [
            [
              116.3505387320618,
              39.94251873532811
            ],
            [
              116.35055981772855,
              39.942777931437234
            ],
            [
              116.35126126913632,
              39.942744120696275
            ],
            [
              116.35124018082955,
              39.94248492469211
            ],
            [
              116.3505387320618,
              39.94251873532811
            ]
          ]
        ]
      }
    },
    {
      "type": "Feature",
      "id": "BLDG-106",
      "properties": {
        "id": "BLDG-106",
        "layer": "BUILDING_FOOTPRINT",
        "source_type": "agent_generated_design",
        "confidence": "low",
        "geometry_role": "design_proposal",
        "name_zh": "概念建筑106",
        "name_en": "Concept Building 106",
        "building_type": "mixed_use",
        "floors": 3,
        "height_m": 10.8,
        "status": "concept_massing_not_statutory",
        "zone": "middle_link",
        "footprint_sqm": 1393.14
      },
      "geometry": {
        "type": "Polygon",
        "coordinates": [
          [
            [
              116.34207738129142,
              39.9814050253271
            ],
            [
              116.34205538060202,
              39.98162384602044
            ],
            [
              116.34272261993343,
              39.981663545210424
            ],
            [
              116.34274461851044,
              39.98144472437479
            ],
            [
              116.34207738129142,
              39.9814050253271
            ]
          ]
        ]
      }
    },
    {
      "type": "Feature",
      "id": "BLDG-107",
      "properties": {
        "id": "BLDG-107",
        "layer": "BUILDING_FOOTPRINT",
        "source_type": "agent_generated_design",
        "confidence": "low",
        "geometry_role": "design_proposal",
        "name_zh": "概念建筑107",
        "name_en": "Concept Building 107",
        "building_type": "ai_r_and_d",
        "floors": 3,
        "height_m": 10.8,
        "status": "concept_massing_not_statutory",
        "zone": "north",
        "footprint_sqm": 1021.52
      },
      "geometry": {
        "type": "Polygon",
        "coordinates": [
          [
            [
              116.3523529925124,
              40.02276717967389
            ],
            [
              116.35237137614898,
              40.022992864081886
            ],
            [
              116.35284700822397,
              40.022969962660774
            ],
            [
              116.35282862302425,
              40.022744278314924
            ],
            [
              116.3523529925124,
              40.02276717967389
            ]
          ]
        ]
      }
    },
    {
      "type": "Feature",
      "id": "BLDG-108",
      "properties": {
        "id": "BLDG-108",
        "layer": "BUILDING_FOOTPRINT",
        "source_type": "agent_generated_design",
        "confidence": "low",
        "geometry_role": "design_proposal",
        "name_zh": "概念建筑108",
        "name_en": "Concept Building 108",
        "building_type": "community_service",
        "floors": 8,
        "height_m": 28.8,
        "status": "concept_massing_not_statutory",
        "zone": "north_link",
        "footprint_sqm": 2510.29
      },
      "geometry": {
        "type": "Polygon",
        "coordinates": [
          [
            [
              116.35059124293734,
              40.00563540944363
            ],
            [
              116.35062822750872,
              40.00608968448893
            ],
            [
              116.35120875898549,
              40.00606173259841
            ],
            [
              116.3511717705761,
              40.005607457705615
            ],
            [
              116.35059124293734,
              40.00563540944363
            ]
          ]
        ]
      }
    },
    {
      "type": "Feature",
      "id": "BLDG-109",
      "properties": {
        "id": "BLDG-109",
        "layer": "BUILDING_FOOTPRINT",
        "source_type": "agent_generated_design",
        "confidence": "low",
        "geometry_role": "design_proposal",
        "name_zh": "概念建筑109",
        "name_en": "Concept Building 109",
        "building_type": "mixed_use",
        "floors": 7,
        "height_m": 25.2,
        "status": "concept_massing_not_statutory",
        "zone": "middle_link",
        "footprint_sqm": 3117.79
      },
      "geometry": {
        "type": "Polygon",
        "coordinates": [
          [
            [
              116.35057906426913,
              39.99829163918915
            ],
            [
              116.35049391396437,
              39.998734191794426
            ],
            [
              116.35122093818855,
              39.99881693135841
            ],
            [
              116.35130608391694,
              39.998374378188636
            ],
            [
              116.35057906426913,
              39.99829163918915
            ]
          ]
        ]
      }
    },
    {
      "type": "Feature",
      "id": "BLDG-110",
      "properties": {
        "id": "BLDG-110",
        "layer": "BUILDING_FOOTPRINT",
        "source_type": "agent_generated_design",
        "confidence": "low",
        "geometry_role": "design_proposal",
        "name_zh": "概念建筑110",
        "name_en": "Concept Building 110",
        "building_type": "community_service",
        "floors": 8,
        "height_m": 28.8,
        "status": "concept_massing_not_statutory",
        "zone": "north_link",
        "footprint_sqm": 2471.4
      },
      "geometry": {
        "type": "Polygon",
        "coordinates": [
          [
            [
              116.35473218055601,
              40.023073856752916
            ],
            [
              116.35476804576221,
              40.02271672443959
            ],
            [
              116.35402132427505,
              40.02267239685044
            ],
            [
              116.35402707741764,
              40.022994434130105
            ],
            [
              116.3540253541375,
              40.02303189742454
            ],
            [
              116.35473218055601,
              40.023073856752916
            ]
          ]
        ]
      }
    },
    {
      "type": "Feature",
      "id": "BLDG-111",
      "properties": {
        "id": "BLDG-111",
        "layer": "BUILDING_FOOTPRINT",
        "source_type": "agent_generated_design",
        "confidence": "low",
        "geometry_role": "design_proposal",
        "name_zh": "概念建筑111",
        "name_en": "Concept Building 111",
        "building_type": "lab",
        "floors": 5,
        "height_m": 18.0,
        "status": "concept_massing_not_statutory",
        "zone": "north",
        "footprint_sqm": 1204.39
      },
      "geometry": {
        "type": "Polygon",
        "coordinates": [
          [
            [
              116.3471098162252,
              40.01541814521438
            ],
            [
              116.34708324478277,
              40.015682470388285
            ],
            [
              116.3475729722334,
              40.01571157369595
            ],
            [
              116.34757563287612,
              40.01544582754769
            ],
            [
              116.3471098162252,
              40.01541814521438
            ]
          ]
        ]
      }
    },
    {
      "type": "Feature",
      "id": "BLDG-112",
      "properties": {
        "id": "BLDG-112",
        "layer": "BUILDING_FOOTPRINT",
        "source_type": "agent_generated_design",
        "confidence": "low",
        "geometry_role": "design_proposal",
        "name_zh": "概念建筑112",
        "name_en": "Concept Building 112",
        "building_type": "cultural",
        "floors": 4,
        "height_m": 14.4,
        "status": "concept_massing_not_statutory",
        "zone": "middle",
        "footprint_sqm": 2057.17
      },
      "geometry": {
        "type": "Polygon",
        "coordinates": [
          [
            [
              116.34888185630898,
              39.98377346339537
            ],
            [
              116.34882310581435,
              39.9840788385415
            ],
            [
              116.3495181454791,
              39.984157964310704
            ],
            [
              116.34957689295645,
              39.983852588792175
            ],
            [
              116.34888185630898,
              39.98377346339537
            ]
          ]
        ]
      }
    },
    {
      "type": "Feature",
      "id": "BLDG-113",
      "properties": {
        "id": "BLDG-113",
        "layer": "BUILDING_FOOTPRINT",
        "source_type": "agent_generated_design",
        "confidence": "low",
        "geometry_role": "design_proposal",
        "name_zh": "概念建筑113",
        "name_en": "Concept Building 113",
        "building_type": "education",
        "floors": 8,
        "height_m": 28.8,
        "status": "concept_massing_not_statutory",
        "zone": "north_link",
        "footprint_sqm": 2310.86
      },
      "geometry": {
        "type": "Polygon",
        "coordinates": [
          [
            [
              116.343849722923,
              40.00560592988879
            ],
            [
              116.34384510422714,
              40.0060883533357
            ],
            [
              116.34435027884487,
              40.00609121243198
            ],
            [
              116.34435489398543,
              40.00560878893651
            ],
            [
              116.343849722923,
              40.00560592988879
            ]
          ]
        ]
      }
    },
    {
      "type": "Feature",
      "id": "BLDG-114",
      "properties": {
        "id": "BLDG-114",
        "layer": "BUILDING_FOOTPRINT",
        "source_type": "agent_generated_design",
        "confidence": "low",
        "geometry_role": "design_proposal",
        "name_zh": "概念建筑114",
        "name_en": "Concept Building 114",
        "building_type": "ai_r_and_d",
        "floors": 6,
        "height_m": 21.6,
        "status": "concept_massing_not_statutory",
        "zone": "north_link",
        "footprint_sqm": 1715.04
      },
      "geometry": {
        "type": "Polygon",
        "coordinates": [
          [
            [
              116.34282916404973,
              40.01571304751358
            ],
            [
              116.34283177923784,
              40.0154404078166
            ],
            [
              116.3421603218331,
              40.01543659757887
            ],
            [
              116.34217362573605,
              40.015709327589065
            ],
            [
              116.34282916404973,
              40.01571304751358
            ]
          ]
        ]
      }
    },
    {
      "type": "Feature",
      "id": "BLDG-115",
      "properties": {
        "id": "BLDG-115",
        "layer": "BUILDING_FOOTPRINT",
        "source_type": "agent_generated_design",
        "confidence": "low",
        "geometry_role": "design_proposal",
        "name_zh": "概念建筑115",
        "name_en": "Concept Building 115",
        "building_type": "lab",
        "floors": 5,
        "height_m": 18.0,
        "status": "concept_massing_not_statutory",
        "zone": "north_link",
        "footprint_sqm": 2170.87
      },
      "geometry": {
        "type": "Polygon",
        "coordinates": [
          [
            [
              116.34941653252143,
              40.00611523755184
            ],
            [
              116.34946723086956,
              40.005610650095555
            ],
            [
              116.34898446731131,
              40.00558196421259
            ],
            [
              116.34899718227965,
              40.006090319673845
            ],
            [
              116.34941653252143,
              40.00611523755184
            ]
          ]
        ]
      }
    },
    {
      "type": "Feature",
      "id": "BLDG-116",
      "properties": {
        "id": "BLDG-116",
        "layer": "BUILDING_FOOTPRINT",
        "source_type": "agent_generated_design",
        "confidence": "low",
        "geometry_role": "design_proposal",
        "name_zh": "概念建筑116",
        "name_en": "Concept Building 116",
        "building_type": "education",
        "floors": 7,
        "height_m": 25.2,
        "status": "concept_massing_not_statutory",
        "zone": "north",
        "footprint_sqm": 2647.23
      },
      "geometry": {
        "type": "Polygon",
        "coordinates": [
          [
            [
              116.34554890089699,
              40.01044669250147
            ],
            [
              116.34545992297778,
              40.01090886924686
            ],
            [
              116.34605110103678,
              40.01097616410084
            ],
            [
              116.3461400750682,
              40.010513986875516
            ],
            [
              116.34554890089699,
              40.01044669250147
            ]
          ]
        ]
      }
    },
    {
      "type": "Feature",
      "id": "BLDG-117",
      "properties": {
        "id": "BLDG-117",
        "layer": "BUILDING_FOOTPRINT",
        "source_type": "agent_generated_design",
        "confidence": "low",
        "geometry_role": "design_proposal",
        "name_zh": "概念建筑117",
        "name_en": "Concept Building 117",
        "building_type": "community_service",
        "floors": 3,
        "height_m": 10.8,
        "status": "concept_massing_not_statutory",
        "zone": "middle_link",
        "footprint_sqm": 2478.97
      },
      "geometry": {
        "type": "Polygon",
        "coordinates": [
          [
            [
              116.353856602716,
              39.97409137320355
            ],
            [
              116.3539226050175,
              39.97447271762864
            ],
            [
              116.3545473027432,
              39.97440871570995
            ],
            [
              116.35457860785155,
              39.97401740185573
            ],
            [
              116.353856602716,
              39.97409137320355
            ]
          ]
        ]
      }
    },
    {
      "type": "Feature",
      "id": "BLDG-118",
      "properties": {
        "id": "BLDG-118",
        "layer": "BUILDING_FOOTPRINT",
        "source_type": "agent_generated_design",
        "confidence": "low",
        "geometry_role": "design_proposal",
        "name_zh": "概念建筑118",
        "name_en": "Concept Building 118",
        "building_type": "lab",
        "floors": 8,
        "height_m": 28.8,
        "status": "concept_massing_not_statutory",
        "zone": "north_link",
        "footprint_sqm": 2594.28
      },
      "geometry": {
        "type": "Polygon",
        "coordinates": [
          [
            [
              116.35457369703187,
              40.02068405371222
            ],
            [
              116.35461975059214,
              40.02022546113841
            ],
            [
              116.354026304938,
              40.02019023136077
            ],
            [
              116.353984429562,
              40.020607182432194
            ],
            [
              116.35398517870563,
              40.0206491164143
            ],
            [
              116.35457369703187,
              40.02068405371222
            ]
          ]
        ]
      }
    },
    {
      "type": "Feature",
      "id": "BLDG-119",
      "properties": {
        "id": "BLDG-119",
        "layer": "BUILDING_FOOTPRINT",
        "source_type": "agent_generated_design",
        "confidence": "low",
        "geometry_role": "design_proposal",
        "name_zh": "概念建筑119",
        "name_en": "Concept Building 119",
        "building_type": "education",
        "floors": 5,
        "height_m": 18.0,
        "status": "concept_massing_not_statutory",
        "zone": "middle_link",
        "footprint_sqm": 2717.61
      },
      "geometry": {
        "type": "Polygon",
        "coordinates": [
          [
            [
              116.34379086502064,
              39.99589098815517
            ],
            [
              116.34378646009318,
              39.99635120140638
            ],
            [
              116.34440913707098,
              39.996354725313594
            ],
            [
              116.34441353781936,
              39.995894512005286
            ],
            [
              116.34379086502064,
              39.99589098815517
            ]
          ]
        ]
      }
    },
    {
      "type": "Feature",
      "id": "BLDG-120",
      "properties": {
        "id": "BLDG-120",
        "layer": "BUILDING_FOOTPRINT",
        "source_type": "agent_generated_design",
        "confidence": "low",
        "geometry_role": "design_proposal",
        "name_zh": "概念建筑120",
        "name_en": "Concept Building 120",
        "building_type": "community_service",
        "floors": 3,
        "height_m": 10.8,
        "status": "concept_massing_not_statutory",
        "zone": "north",
        "footprint_sqm": 1119.22
      },
      "geometry": {
        "type": "Polygon",
        "coordinates": [
          [
            [
              116.34964677920681,
              40.01813707791833
            ],
            [
              116.34964922562946,
              40.01787938087468
            ],
            [
              116.34919116990051,
              40.01787680844393
            ],
            [
              116.34918859602169,
              40.01813450475812
            ],
            [
              116.34964677920681,
              40.01813707791833
            ]
          ]
        ]
      }
    },
    {
      "type": "Feature",
      "id": "BLDG-121",
      "properties": {
        "id": "BLDG-121",
        "layer": "BUILDING_FOOTPRINT",
        "source_type": "agent_generated_design",
        "confidence": "low",
        "geometry_role": "design_proposal",
        "name_zh": "概念建筑121",
        "name_en": "Concept Building 121",
        "building_type": "cultural",
        "floors": 6,
        "height_m": 21.6,
        "status": "concept_massing_not_statutory",
        "zone": "middle_link",
        "footprint_sqm": 1247.03
      },
      "geometry": {
        "type": "Polygon",
        "coordinates": [
          [
            [
              116.354031923733,
              39.9716939822498
            ],
            [
              116.35405260926245,
              39.97194800885758
            ],
            [
              116.35456807716812,
              39.97192315999219
            ],
            [
              116.35454738973536,
              39.9716691334602
            ],
            [
              116.354031923733,
              39.9716939822498
            ]
          ]
        ]
      }
    },
    {
      "type": "Feature",
      "id": "BLDG-122",
      "properties": {
        "id": "BLDG-122",
        "layer": "BUILDING_FOOTPRINT",
        "source_type": "agent_generated_design",
        "confidence": "low",
        "geometry_role": "design_proposal",
        "name_zh": "概念建筑122",
        "name_en": "Concept Building 122",
        "building_type": "community_service",
        "floors": 8,
        "height_m": 28.8,
        "status": "concept_massing_not_statutory",
        "zone": "north",
        "footprint_sqm": 1707.02
      },
      "geometry": {
        "type": "Polygon",
        "coordinates": [
          [
            [
              116.35068995203326,
              40.01779784665544
            ],
            [
              116.35062065440951,
              40.01815790043765
            ],
            [
              116.35111004923809,
              40.018213581537964
            ],
            [
              116.35117934435381,
              40.01785352744648
            ],
            [
              116.35068995203326,
              40.01779784665544
            ]
          ]
        ]
      }
    },
    {
      "type": "Feature",
      "id": "BLDG-123",
      "properties": {
        "id": "BLDG-123",
        "layer": "BUILDING_FOOTPRINT",
        "source_type": "agent_generated_design",
        "confidence": "low",
        "geometry_role": "design_proposal",
        "name_zh": "概念建筑123",
        "name_en": "Concept Building 123",
        "building_type": "mixed_use",
        "floors": 9,
        "height_m": 32.4,
        "status": "concept_massing_not_statutory",
        "zone": "south_link",
        "footprint_sqm": 1253.3
      },
      "geometry": {
        "type": "Polygon",
        "coordinates": [
          [
            [
              116.34096479957064,
              39.94042721488233
            ],
            [
              116.34103897972804,
              39.94004160709524
            ],
            [
              116.34067222771489,
              39.93999980226379
            ],
            [
              116.34066131606113,
              39.940392621799184
            ],
            [
              116.34096479957064,
              39.94042721488233
            ]
          ]
        ]
      }
    },
    {
      "type": "Feature",
      "id": "BLDG-124",
      "properties": {
        "id": "BLDG-124",
        "layer": "BUILDING_FOOTPRINT",
        "source_type": "agent_generated_design",
        "confidence": "low",
        "geometry_role": "design_proposal",
        "name_zh": "概念建筑124",
        "name_en": "Concept Building 124",
        "building_type": "education",
        "floors": 4,
        "height_m": 14.4,
        "status": "concept_massing_not_statutory",
        "zone": "middle",
        "footprint_sqm": 2931.8
      },
      "geometry": {
        "type": "Polygon",
        "coordinates": [
          [
            [
              116.34195019508003,
              39.986204674130825
            ],
            [
              116.3419170688201,
              39.98653411750618
            ],
            [
              116.34284980746116,
              39.98658960985184
            ],
            [
              116.34288292927455,
              39.986260166177
            ],
            [
              116.34195019508003,
              39.986204674130825
            ]
          ]
        ]
      }
    },
    {
      "type": "Feature",
      "id": "BLDG-125",
      "properties": {
        "id": "BLDG-125",
        "layer": "BUILDING_FOOTPRINT",
        "source_type": "agent_generated_design",
        "confidence": "low",
        "geometry_role": "design_proposal",
        "name_zh": "概念建筑125",
        "name_en": "Concept Building 125",
        "building_type": "community_service",
        "floors": 7,
        "height_m": 25.2,
        "status": "concept_massing_not_statutory",
        "zone": "south_link",
        "footprint_sqm": 2124.24
      },
      "geometry": {
        "type": "Polygon",
        "coordinates": [
          [
            [
              116.3506101113701,
              39.95945792460765
            ],
            [
              116.35060648128717,
              39.959841665096924
            ],
            [
              116.3511898902666,
              39.95984493181689
            ],
            [
              116.35119351708887,
              39.95946119128346
            ],
            [
              116.3506101113701,
              39.95945792460765
            ]
          ]
        ]
      }
    },
    {
      "type": "Feature",
      "id": "BLDG-126",
      "properties": {
        "id": "BLDG-126",
        "layer": "BUILDING_FOOTPRINT",
        "source_type": "agent_generated_design",
        "confidence": "low",
        "geometry_role": "design_proposal",
        "name_zh": "概念建筑126",
        "name_en": "Concept Building 126",
        "building_type": "mixed_use",
        "floors": 7,
        "height_m": 25.2,
        "status": "concept_massing_not_statutory",
        "zone": "south_link",
        "footprint_sqm": 2432.92
      },
      "geometry": {
        "type": "Polygon",
        "coordinates": [
          [
            [
              116.34027078928357,
              39.964381099449234
            ],
            [
              116.34029568052604,
              39.964687558842265
            ],
            [
              116.34112921240052,
              39.96464747040054
            ],
            [
              116.34110431744583,
              39.964341011154254
            ],
            [
              116.34027078928357,
              39.964381099449234
            ]
          ]
        ]
      }
    },
    {
      "type": "Feature",
      "id": "BLDG-127",
      "properties": {
        "id": "BLDG-127",
        "layer": "BUILDING_FOOTPRINT",
        "source_type": "agent_generated_design",
        "confidence": "low",
        "geometry_role": "design_proposal",
        "name_zh": "概念建筑127",
        "name_en": "Concept Building 127",
        "building_type": "cultural",
        "floors": 4,
        "height_m": 14.4,
        "status": "concept_massing_not_statutory",
        "zone": "middle_link",
        "footprint_sqm": 2707.37
      },
      "geometry": {
        "type": "Polygon",
        "coordinates": [
          [
            [
              116.3421257258862,
              39.97155297000612
            ],
            [
              116.34207790453472,
              39.972028685072104
            ],
            [
              116.34267427615303,
              39.97206417220734
            ],
            [
              116.34272209340133,
              39.971588456864914
            ],
            [
              116.3421257258862,
              39.97155297000612
            ]
          ]
        ]
      }
    },
    {
      "type": "Feature",
      "id": "BLDG-128",
      "properties": {
        "id": "BLDG-128",
        "layer": "BUILDING_FOOTPRINT",
        "source_type": "agent_generated_design",
        "confidence": "low",
        "geometry_role": "design_proposal",
        "name_zh": "概念建筑128",
        "name_en": "Concept Building 128",
        "building_type": "lab",
        "floors": 4,
        "height_m": 14.4,
        "status": "concept_massing_not_statutory",
        "zone": "north_link",
        "footprint_sqm": 1825.32
      },
      "geometry": {
        "type": "Polygon",
        "coordinates": [
          [
            [
              116.35068245622799,
              40.00320180012091
            ],
            [
              116.3506420304027,
              40.00360423614567
            ],
            [
              116.35111754513537,
              40.00363248518794
            ],
            [
              116.35115796818974,
              40.003230048977095
            ],
            [
              116.35068245622799,
              40.00320180012091
            ]
          ]
        ]
      }
    },
    {
      "type": "Feature",
      "id": "BLDG-129",
      "properties": {
        "id": "BLDG-129",
        "layer": "BUILDING_FOOTPRINT",
        "source_type": "agent_generated_design",
        "confidence": "low",
        "geometry_role": "design_proposal",
        "name_zh": "概念建筑129",
        "name_en": "Concept Building 129",
        "building_type": "community_service",
        "floors": 4,
        "height_m": 14.4,
        "status": "concept_massing_not_statutory",
        "zone": "middle_link",
        "footprint_sqm": 2572.22
      },
      "geometry": {
        "type": "Polygon",
        "coordinates": [
          [
            [
              116.34367114750016,
              39.97647417368265
            ],
            [
              116.34361525252844,
              39.976764622684406
            ],
            [
              116.3445288549799,
              39.97686868188671
            ],
            [
              116.34458474618049,
              39.976578232419016
            ],
            [
              116.34367114750016,
              39.97647417368265
            ]
          ]
        ]
      }
    },
    {
      "type": "Feature",
      "id": "BLDG-130",
      "properties": {
        "id": "BLDG-130",
        "layer": "BUILDING_FOOTPRINT",
        "source_type": "agent_generated_design",
        "confidence": "low",
        "geometry_role": "design_proposal",
        "name_zh": "概念建筑130",
        "name_en": "Concept Building 130",
        "building_type": "community_service",
        "floors": 4,
        "height_m": 14.4,
        "status": "concept_massing_not_statutory",
        "zone": "north",
        "footprint_sqm": 1022.66
      },
      "geometry": {
        "type": "Polygon",
        "coordinates": [
          [
            [
              116.3495999579551,
              40.02296948211711
            ],
            [
              116.34958046870379,
              40.02273010527967
            ],
            [
              116.34914248451474,
              40.02275118108683
            ],
            [
              116.34914008309038,
              40.02299161129048
            ],
            [
              116.3495999579551,
              40.02296948211711
            ]
          ]
        ]
      }
    },
    {
      "type": "Feature",
      "id": "BLDG-131",
      "properties": {
        "id": "BLDG-131",
        "layer": "BUILDING_FOOTPRINT",
        "source_type": "agent_generated_design",
        "confidence": "low",
        "geometry_role": "design_proposal",
        "name_zh": "概念建筑131",
        "name_en": "Concept Building 131",
        "building_type": "cultural",
        "floors": 5,
        "height_m": 18.0,
        "status": "concept_massing_not_statutory",
        "zone": "middle_link",
        "footprint_sqm": 3776.63
      },
      "geometry": {
        "type": "Polygon",
        "coordinates": [
          [
            [
              116.34372300840903,
              39.971529475584475
            ],
            [
              116.34363407291269,
              39.97199165097713
            ],
            [
              116.34447699465902,
              39.97208766605794
            ],
            [
              116.34456592461981,
              39.971625489981285
            ],
            [
              116.34372300840903,
              39.971529475584475
            ]
          ]
        ]
      }
    },
    {
      "type": "Feature",
      "id": "BLDG-132",
      "properties": {
        "id": "BLDG-132",
        "layer": "BUILDING_FOOTPRINT",
        "source_type": "agent_generated_design",
        "confidence": "low",
        "geometry_role": "design_proposal",
        "name_zh": "概念建筑132",
        "name_en": "Concept Building 132",
        "building_type": "ai_r_and_d",
        "floors": 4,
        "height_m": 14.4,
        "status": "concept_massing_not_statutory",
        "zone": "north_link",
        "footprint_sqm": 2633.62
      },
      "geometry": {
        "type": "Polygon",
        "coordinates": [
          [
            [
              116.35389864991076,
              40.015427346544044
            ],
            [
              116.35396264015857,
              40.01579685669739
            ],
            [
              116.35470135182528,
              40.01572122350439
            ],
            [
              116.35463735765289,
              40.01535171372312
            ],
            [
              116.35389864991076,
              40.015427346544044
            ]
          ]
        ]
      }
    },
    {
      "type": "Feature",
      "id": "BLDG-133",
      "properties": {
        "id": "BLDG-133",
        "layer": "BUILDING_FOOTPRINT",
        "source_type": "agent_generated_design",
        "confidence": "low",
        "geometry_role": "design_proposal",
        "name_zh": "概念建筑133",
        "name_en": "Concept Building 133",
        "building_type": "cultural",
        "floors": 7,
        "height_m": 25.2,
        "status": "concept_massing_not_statutory",
        "zone": "middle_link",
        "footprint_sqm": 3720.16
      },
      "geometry": {
        "type": "Polygon",
        "coordinates": [
          [
            [
              116.35046352472993,
              39.97889881193532
            ],
            [
              116.35054811132791,
              39.97938764115361
            ],
            [
              116.35133647788064,
              39.97930690072034
            ],
            [
              116.35125188574881,
              39.97881807202649
            ],
            [
              116.35046352472993,
              39.97889881193532
            ]
          ]
        ]
      }
    },
    {
      "type": "Feature",
      "id": "BLDG-134",
      "properties": {
        "id": "BLDG-134",
        "layer": "BUILDING_FOOTPRINT",
        "source_type": "agent_generated_design",
        "confidence": "low",
        "geometry_role": "design_proposal",
        "name_zh": "概念建筑134",
        "name_en": "Concept Building 134",
        "building_type": "retail",
        "floors": 5,
        "height_m": 18.0,
        "status": "concept_massing_not_statutory",
        "zone": "south_link",
        "footprint_sqm": 2446.51
      },
      "geometry": {
        "type": "Polygon",
        "coordinates": [
          [
            [
              116.3421531569243,
              39.96669440915855
            ],
            [
              116.34206910299827,
              39.967131196738706
            ],
            [
              116.34264684487809,
              39.96719701889102
            ],
            [
              116.34273089521912,
              39.96676023086772
            ],
            [
              116.3421531569243,
              39.96669440915855
            ]
          ]
        ]
      }
    },
    {
      "type": "Feature",
      "id": "BLDG-135",
      "properties": {
        "id": "BLDG-135",
        "layer": "BUILDING_FOOTPRINT",
        "source_type": "agent_generated_design",
        "confidence": "low",
        "geometry_role": "design_proposal",
        "name_zh": "概念建筑135",
        "name_en": "Concept Building 135",
        "building_type": "education",
        "floors": 4,
        "height_m": 14.4,
        "status": "concept_massing_not_statutory",
        "zone": "north_link",
        "footprint_sqm": 1342.85
      },
      "geometry": {
        "type": "Polygon",
        "coordinates": [
          [
            [
              116.34211420527703,
              40.00088028747869
            ],
            [
              116.34215998017349,
              40.00114493370451
            ],
            [
              116.34268579560954,
              40.00109114039315
            ],
            [
              116.34264001871315,
              40.000826494356446
            ],
            [
              116.34211420527703,
              40.00088028747869
            ]
          ]
        ]
      }
    },
    {
      "type": "Feature",
      "id": "BLDG-136",
      "properties": {
        "id": "BLDG-136",
        "layer": "BUILDING_FOOTPRINT",
        "source_type": "agent_generated_design",
        "confidence": "low",
        "geometry_role": "design_proposal",
        "name_zh": "概念建筑136",
        "name_en": "Concept Building 136",
        "building_type": "community_service",
        "floors": 4,
        "height_m": 14.4,
        "status": "concept_massing_not_statutory",
        "zone": "middle_link",
        "footprint_sqm": 2930.2
      },
      "geometry": {
        "type": "Polygon",
        "coordinates": [
          [
            [
              116.35046399968444,
              39.976475042544536
            ],
            [
              116.35042996769232,
              39.97681396947693
            ],
            [
              116.35133600282627,
              39.97686781297157
            ],
            [
              116.35137003037619,
              39.976528885740734
            ],
            [
              116.35046399968444,
              39.976475042544536
            ]
          ]
        ]
      }
    },
    {
      "type": "Feature",
      "id": "BLDG-137",
      "properties": {
        "id": "BLDG-137",
        "layer": "BUILDING_FOOTPRINT",
        "source_type": "agent_generated_design",
        "confidence": "low",
        "geometry_role": "design_proposal",
        "name_zh": "概念建筑137",
        "name_en": "Concept Building 137",
        "building_type": "mixed_use",
        "floors": 6,
        "height_m": 21.6,
        "status": "concept_massing_not_statutory",
        "zone": "middle_link",
        "footprint_sqm": 2155.51
      },
      "geometry": {
        "type": "Polygon",
        "coordinates": [
          [
            [
              116.34880677730189,
              39.97895667079734
            ],
            [
              116.34880404400961,
              39.97924461116128
            ],
            [
              116.34959322438792,
              39.979249042164085
            ],
            [
              116.3495959543683,
              39.97896110175521
            ],
            [
              116.34880677730189,
              39.97895667079734
            ]
          ]
        ]
      }
    },
    {
      "type": "Feature",
      "id": "BLDG-138",
      "properties": {
        "id": "BLDG-138",
        "layer": "BUILDING_FOOTPRINT",
        "source_type": "agent_generated_design",
        "confidence": "low",
        "geometry_role": "design_proposal",
        "name_zh": "概念建筑138",
        "name_en": "Concept Building 138",
        "building_type": "education",
        "floors": 4,
        "height_m": 14.4,
        "status": "concept_massing_not_statutory",
        "zone": "middle_link",
        "footprint_sqm": 2107.48
      },
      "geometry": {
        "type": "Polygon",
        "coordinates": [
          [
            [
              116.34890023119789,
              39.99351165693371
            ],
            [
              116.34897180365039,
              39.99392525063862
            ],
            [
              116.34949977037824,
              39.993871199440804
            ],
            [
              116.34942819478846,
              39.99345760603307
            ],
            [
              116.34890023119789,
              39.99351165693371
            ]
          ]
        ]
      }
    },
    {
      "type": "Feature",
      "id": "BLDG-139",
      "properties": {
        "id": "BLDG-139",
        "layer": "BUILDING_FOOTPRINT",
        "source_type": "agent_generated_design",
        "confidence": "low",
        "geometry_role": "design_proposal",
        "name_zh": "概念建筑139",
        "name_en": "Concept Building 139",
        "building_type": "retail",
        "floors": 10,
        "height_m": 36.0,
        "status": "concept_massing_not_statutory",
        "zone": "south",
        "footprint_sqm": 1103.65
      },
      "geometry": {
        "type": "Polygon",
        "coordinates": [
          [
            [
              116.35238241629972,
              39.94491395379969
            ],
            [
              116.35235529421527,
              39.94518428300305
            ],
            [
              116.35279311526158,
              39.94521030569876
            ],
            [
              116.35279990578444,
              39.94493876803917
            ],
            [
              116.35238241629972,
              39.94491395379969
            ]
          ]
        ]
      }
    },
    {
      "type": "Feature",
      "id": "BLDG-140",
      "properties": {
        "id": "BLDG-140",
        "layer": "BUILDING_FOOTPRINT",
        "source_type": "agent_generated_design",
        "confidence": "low",
        "geometry_role": "design_proposal",
        "name_zh": "概念建筑140",
        "name_en": "Concept Building 140",
        "building_type": "mixed_use",
        "floors": 5,
        "height_m": 18.0,
        "status": "concept_massing_not_statutory",
        "zone": "south_link",
        "footprint_sqm": 4145.78
      },
      "geometry": {
        "type": "Polygon",
        "coordinates": [
          [
            [
              116.35386506791072,
              39.966693453159586
            ],
            [
              116.35386036383282,
              39.9671931021803
            ],
            [
              116.35473493529615,
              39.96719797379442
            ],
            [
              116.35473963300804,
              39.966698324687975
            ],
            [
              116.35386506791072,
              39.966693453159586
            ]
          ]
        ]
      }
    },
    {
      "type": "Feature",
      "id": "BLDG-141",
      "properties": {
        "id": "BLDG-141",
        "layer": "BUILDING_FOOTPRINT",
        "source_type": "agent_generated_design",
        "confidence": "low",
        "geometry_role": "design_proposal",
        "name_zh": "概念建筑141",
        "name_en": "Concept Building 141",
        "building_type": "community_service",
        "floors": 5,
        "height_m": 18.0,
        "status": "concept_massing_not_statutory",
        "zone": "south_link",
        "footprint_sqm": 3802.46
      },
      "geometry": {
        "type": "Polygon",
        "coordinates": [
          [
            [
              116.34196662996675,
              39.94238564752459
            ],
            [
              116.34192268575254,
              39.942822997348706
            ],
            [
              116.34283337314481,
              39.94287720801305
            ],
            [
              116.34287731160461,
              39.942439857801034
            ],
            [
              116.34196662996675,
              39.94238564752459
            ]
          ]
        ]
      }
    },
    {
      "type": "Feature",
      "id": "BLDG-142",
      "properties": {
        "id": "BLDG-142",
        "layer": "BUILDING_FOOTPRINT",
        "source_type": "agent_generated_design",
        "confidence": "low",
        "geometry_role": "design_proposal",
        "name_zh": "概念建筑142",
        "name_en": "Concept Building 142",
        "building_type": "community_service",
        "floors": 9,
        "height_m": 32.4,
        "status": "concept_massing_not_statutory",
        "zone": "south_link",
        "footprint_sqm": 1521.88
      },
      "geometry": {
        "type": "Polygon",
        "coordinates": [
          [
            [
              116.34550202168883,
              39.949767036803884
            ],
            [
              116.34545507088869,
              39.95001114660845
            ],
            [
              116.34609797969371,
              39.950084391008396
            ],
            [
              116.34614492826557,
              39.94984028092847
            ],
            [
              116.34550202168883,
              39.949767036803884
            ]
          ]
        ]
      }
    },
    {
      "type": "Feature",
      "id": "BLDG-143",
      "properties": {
        "id": "BLDG-143",
        "layer": "BUILDING_FOOTPRINT",
        "source_type": "agent_generated_design",
        "confidence": "low",
        "geometry_role": "design_proposal",
        "name_zh": "概念建筑143",
        "name_en": "Concept Building 143",
        "building_type": "community_service",
        "floors": 8,
        "height_m": 28.8,
        "status": "concept_massing_not_statutory",
        "zone": "south_link",
        "footprint_sqm": 969.98
      },
      "geometry": {
        "type": "Polygon",
        "coordinates": [
          [
            [
              116.35406032464012,
              39.94982649761346
            ],
            [
              116.35407829021969,
              39.95004718058084
            ],
            [
              116.35453967605717,
              39.95002493046625
            ],
            [
              116.35452170899875,
              39.94980424755779
            ],
            [
              116.35406032464012,
              39.94982649761346
            ]
          ]
        ]
      }
    },
    {
      "type": "Feature",
      "id": "BLDG-144",
      "properties": {
        "id": "BLDG-144",
        "layer": "BUILDING_FOOTPRINT",
        "source_type": "agent_generated_design",
        "confidence": "low",
        "geometry_role": "design_proposal",
        "name_zh": "概念建筑144",
        "name_en": "Concept Building 144",
        "building_type": "community_service",
        "floors": 4,
        "height_m": 14.4,
        "status": "concept_massing_not_statutory",
        "zone": "north",
        "footprint_sqm": 3077.96
      },
      "geometry": {
        "type": "Polygon",
        "coordinates": [
          [
            [
              116.34533970014617,
              40.00810172373413
            ],
            [
              116.34533634383645,
              40.008453058683116
            ],
            [
              116.34626030226735,
              40.00845827445135
            ],
            [
              116.34626365384098,
              40.00810693943783
            ],
            [
              116.34533970014617,
              40.00810172373413
            ]
          ]
        ]
      }
    },
    {
      "type": "Feature",
      "id": "BLDG-145",
      "properties": {
        "id": "BLDG-145",
        "layer": "BUILDING_FOOTPRINT",
        "source_type": "agent_generated_design",
        "confidence": "low",
        "geometry_role": "design_proposal",
        "name_zh": "概念建筑145",
        "name_en": "Concept Building 145",
        "building_type": "retail",
        "floors": 7,
        "height_m": 25.2,
        "status": "concept_massing_not_statutory",
        "zone": "south_link",
        "footprint_sqm": 1259.57
      },
      "geometry": {
        "type": "Polygon",
        "coordinates": [
          [
            [
              116.34889569313485,
              39.966847928979625
            ],
            [
              116.3489139162051,
              39.96707193576238
            ],
            [
              116.3495043077413,
              39.96704349879821
            ],
            [
              116.349486082749,
              39.966819492091794
            ],
            [
              116.34889569313485,
              39.966847928979625
            ]
          ]
        ]
      }
    },
    {
      "type": "Feature",
      "id": "BLDG-146",
      "properties": {
        "id": "BLDG-146",
        "layer": "BUILDING_FOOTPRINT",
        "source_type": "agent_generated_design",
        "confidence": "low",
        "geometry_role": "design_proposal",
        "name_zh": "概念建筑146",
        "name_en": "Concept Building 146",
        "building_type": "lab",
        "floors": 3,
        "height_m": 10.8,
        "status": "concept_massing_not_statutory",
        "zone": "north_link",
        "footprint_sqm": 2589.54
      },
      "geometry": {
        "type": "Polygon",
        "coordinates": [
          [
            [
              116.34957992270826,
              40.00121080043064
            ],
            [
              116.34964840724894,
              40.0008549045929
            ],
            [
              116.34885823756007,
              40.0007649699063
            ],
            [
              116.34886830637718,
              40.00112980641143
            ],
            [
              116.34957992270826,
              40.00121080043064
            ]
          ]
        ]
      }
    },
    {
      "type": "Feature",
      "id": "BLDG-147",
      "properties": {
        "id": "BLDG-147",
        "layer": "BUILDING_FOOTPRINT",
        "source_type": "agent_generated_design",
        "confidence": "low",
        "geometry_role": "design_proposal",
        "name_zh": "概念建筑147",
        "name_en": "Concept Building 147",
        "building_type": "mixed_use",
        "floors": 8,
        "height_m": 28.8,
        "status": "concept_massing_not_statutory",
        "zone": "south_link",
        "footprint_sqm": 2101.8
      },
      "geometry": {
        "type": "Polygon",
        "coordinates": [
          [
            [
              116.3454180244368,
              39.96438292319805
            ],
            [
              116.34544227801827,
              39.9646812552344
            ],
            [
              116.3461819770391,
              39.964645646980635
            ],
            [
              116.34615772025074,
              39.96434731507141
            ],
            [
              116.3454180244368,
              39.96438292319805
            ]
          ]
        ]
      }
    },
    {
      "type": "Feature",
      "id": "BLDG-148",
      "properties": {
        "id": "BLDG-148",
        "layer": "BUILDING_FOOTPRINT",
        "source_type": "agent_generated_design",
        "confidence": "low",
        "geometry_role": "design_proposal",
        "name_zh": "概念建筑148",
        "name_en": "Concept Building 148",
        "building_type": "mixed_use",
        "floors": 9,
        "height_m": 32.4,
        "status": "concept_massing_not_statutory",
        "zone": "south_link",
        "footprint_sqm": 1826.46
      },
      "geometry": {
        "type": "Polygon",
        "coordinates": [
          [
            [
              116.34107229351225,
              39.942863112062476
            ],
            [
              116.34114354581027,
              39.94249273530676
            ],
            [
              116.34060468570854,
              39.942431314492325
            ],
            [
              116.34059420505142,
              39.94280861814893
            ],
            [
              116.34107229351225,
              39.942863112062476
            ]
          ]
        ]
      }
    },
    {
      "type": "Feature",
      "id": "BLDG-149",
      "properties": {
        "id": "BLDG-149",
        "layer": "BUILDING_FOOTPRINT",
        "source_type": "agent_generated_design",
        "confidence": "low",
        "geometry_role": "design_proposal",
        "name_zh": "概念建筑149",
        "name_en": "Concept Building 149",
        "building_type": "mixed_use",
        "floors": 5,
        "height_m": 18.0,
        "status": "concept_massing_not_statutory",
        "zone": "south_link",
        "footprint_sqm": 953.21
      },
      "geometry": {
        "type": "Polygon",
        "coordinates": [
          [
            [
              116.35067500276338,
              39.96683333113756
            ],
            [
              116.35067290015319,
              39.96705556543186
            ],
            [
              116.3511249979769,
              39.967058097000866
            ],
            [
              116.3511270991234,
              39.96683586268674
            ],
            [
              116.35067500276338,
              39.96683333113756
            ]
          ]
        ]
      }
    },
    {
      "type": "Feature",
      "id": "BLDG-150",
      "properties": {
        "id": "BLDG-150",
        "layer": "BUILDING_FOOTPRINT",
        "source_type": "agent_generated_design",
        "confidence": "low",
        "geometry_role": "design_proposal",
        "name_zh": "概念建筑150",
        "name_en": "Concept Building 150",
        "building_type": "ai_r_and_d",
        "floors": 4,
        "height_m": 14.4,
        "status": "concept_massing_not_statutory",
        "zone": "north_link",
        "footprint_sqm": 2604.1
      },
      "geometry": {
        "type": "Polygon",
        "coordinates": [
          [
            [
              116.34530042998784,
              40.00089229436582
            ],
            [
              116.34534957540392,
              40.00117634933744
            ],
            [
              116.34629957140145,
              40.00107913206158
            ],
            [
              116.34625042210729,
              40.00079507745696
            ],
            [
              116.34530042998784,
              40.00089229436582
            ]
          ]
        ]
      }
    },
    {
      "type": "Feature",
      "id": "BLDG-151",
      "properties": {
        "id": "BLDG-151",
        "layer": "BUILDING_FOOTPRINT",
        "source_type": "agent_generated_design",
        "confidence": "low",
        "geometry_role": "design_proposal",
        "name_zh": "概念建筑151",
        "name_en": "Concept Building 151",
        "building_type": "community_service",
        "floors": 7,
        "height_m": 25.2,
        "status": "concept_massing_not_statutory",
        "zone": "north",
        "footprint_sqm": 1901.19
      },
      "geometry": {
        "type": "Polygon",
        "coordinates": [
          [
            [
              116.35229026065491,
              40.015367026757666
            ],
            [
              116.35222547376017,
              40.01570369869675
            ],
            [
              116.35284384392708,
              40.01577404709622
            ],
            [
              116.3528376904636,
              40.01542930465768
            ],
            [
              116.35229026065491,
              40.015367026757666
            ]
          ]
        ]
      }
    },
    {
      "type": "Feature",
      "id": "BLDG-152",
      "properties": {
        "id": "BLDG-152",
        "layer": "BUILDING_FOOTPRINT",
        "source_type": "agent_generated_design",
        "confidence": "low",
        "geometry_role": "design_proposal",
        "name_zh": "概念建筑152",
        "name_en": "Concept Building 152",
        "building_type": "retail",
        "floors": 5,
        "height_m": 18.0,
        "status": "concept_massing_not_statutory",
        "zone": "south_link",
        "footprint_sqm": 3424.38
      },
      "geometry": {
        "type": "Polygon",
        "coordinates": [
          [
            [
              116.34364828934983,
              39.94972427091248
            ],
            [
              116.343644487694,
              39.950122023107504
            ],
            [
              116.34455171331632,
              39.950127155913314
            ],
            [
              116.34455550971838,
              39.94972940364639
            ],
            [
              116.34364828934983,
              39.94972427091248
            ]
          ]
        ]
      }
    },
    {
      "type": "Feature",
      "id": "BLDG-153",
      "properties": {
        "id": "BLDG-153",
        "layer": "BUILDING_FOOTPRINT",
        "source_type": "agent_generated_design",
        "confidence": "low",
        "geometry_role": "design_proposal",
        "name_zh": "概念建筑153",
        "name_en": "Concept Building 153",
        "building_type": "community_service",
        "floors": 4,
        "height_m": 14.4,
        "status": "concept_massing_not_statutory",
        "zone": "south_link",
        "footprint_sqm": 2210.94
      },
      "geometry": {
        "type": "Polygon",
        "coordinates": [
          [
            [
              116.3506167754475,
              39.95215128034442
            ],
            [
              116.35061291189366,
              39.95255981142695
            ],
            [
              116.35118322625176,
              39.952563004684194
            ],
            [
              116.3511870864131,
              39.95215447355571
            ],
            [
              116.3506167754475,
              39.95215128034442
            ]
          ]
        ]
      }
    },
    {
      "type": "Feature",
      "id": "BLDG-154",
      "properties": {
        "id": "BLDG-154",
        "layer": "BUILDING_FOOTPRINT",
        "source_type": "agent_generated_design",
        "confidence": "low",
        "geometry_role": "design_proposal",
        "name_zh": "概念建筑154",
        "name_en": "Concept Building 154",
        "building_type": "community_service",
        "floors": 9,
        "height_m": 32.4,
        "status": "concept_massing_not_statutory",
        "zone": "south_link",
        "footprint_sqm": 1870.96
      },
      "geometry": {
        "type": "Polygon",
        "coordinates": [
          [
            [
              116.34383672156821,
              39.94000881801377
            ],
            [
              116.34380167166448,
              39.94035775768438
            ],
            [
              116.34436327989816,
              39.94039118139392
            ],
            [
              116.34439832697079,
              39.94004224153254
            ],
            [
              116.34383672156821,
              39.94000881801377
            ]
          ]
        ]
      }
    },
    {
      "type": "Feature",
      "id": "BLDG-155",
      "properties": {
        "id": "BLDG-155",
        "layer": "BUILDING_FOOTPRINT",
        "source_type": "agent_generated_design",
        "confidence": "low",
        "geometry_role": "design_proposal",
        "name_zh": "概念建筑155",
        "name_en": "Concept Building 155",
        "building_type": "community_service",
        "floors": 8,
        "height_m": 28.8,
        "status": "concept_massing_not_statutory",
        "zone": "south_link",
        "footprint_sqm": 2759.63
      },
      "geometry": {
        "type": "Polygon",
        "coordinates": [
          [
            [
              116.34022739404665,
              39.9667896298372
            ],
            [
              116.34022444487852,
              39.967096404038074
            ],
            [
              116.3411726081247,
              39.96710179682061
            ],
            [
              116.34117555305534,
              39.966795022561456
            ],
            [
              116.34022739404665,
              39.9667896298372
            ]
          ]
        ]
      }
    },
    {
      "type": "Feature",
      "id": "BLDG-156",
      "properties": {
        "id": "BLDG-156",
        "layer": "BUILDING_FOOTPRINT",
        "source_type": "agent_generated_design",
        "confidence": "low",
        "geometry_role": "design_proposal",
        "name_zh": "概念建筑156",
        "name_en": "Concept Building 156",
        "building_type": "community_service",
        "floors": 8,
        "height_m": 28.8,
        "status": "concept_massing_not_statutory",
        "zone": "south_link",
        "footprint_sqm": 3001.95
      },
      "geometry": {
        "type": "Polygon",
        "coordinates": [
          [
            [
              116.35380494524578,
              39.940081133632475
            ],
            [
              116.35386260762445,
              39.94041444778501
            ],
            [
              116.35479505649316,
              39.94031886426479
            ],
            [
              116.35473738965781,
              39.939985550535134
            ],
            [
              116.35380494524578,
              39.940081133632475
            ]
          ]
        ]
      }
    },
    {
      "type": "Feature",
      "id": "BLDG-157",
      "properties": {
        "id": "BLDG-157",
        "layer": "BUILDING_FOOTPRINT",
        "source_type": "agent_generated_design",
        "confidence": "low",
        "geometry_role": "design_proposal",
        "name_zh": "概念建筑157",
        "name_en": "Concept Building 157",
        "building_type": "retail",
        "floors": 5,
        "height_m": 18.0,
        "status": "concept_massing_not_statutory",
        "zone": "south_link",
        "footprint_sqm": 994.35
      },
      "geometry": {
        "type": "Polygon",
        "coordinates": [
          [
            [
              116.35067452364689,
              39.957103101678385
            ],
            [
              116.35067233640731,
              39.957334360628046
            ],
            [
              116.3511254771242,
              39.957336897886854
            ],
            [
              116.35112766283764,
              39.95710563891653
            ],
            [
              116.35067452364689,
              39.957103101678385
            ]
          ]
        ]
      }
    },
    {
      "type": "Feature",
      "id": "BLDG-158",
      "properties": {
        "id": "BLDG-158",
        "layer": "BUILDING_FOOTPRINT",
        "source_type": "agent_generated_design",
        "confidence": "low",
        "geometry_role": "design_proposal",
        "name_zh": "概念建筑158",
        "name_en": "Concept Building 158",
        "building_type": "education",
        "floors": 4,
        "height_m": 14.4,
        "status": "concept_massing_not_statutory",
        "zone": "north",
        "footprint_sqm": 2201.27
      },
      "geometry": {
        "type": "Polygon",
        "coordinates": [
          [
            [
              116.34367308076773,
              40.01545513937664
            ],
            [
              116.34369570942455,
              40.0157333966604
            ],
            [
              116.34452692073582,
              40.015693430488646
            ],
            [
              116.34450428871173,
              40.0154151733382
            ],
            [
              116.34367308076773,
              40.01545513937664
            ]
          ]
        ]
      }
    },
    {
      "type": "Feature",
      "id": "BLDG-159",
      "properties": {
        "id": "BLDG-159",
        "layer": "BUILDING_FOOTPRINT",
        "source_type": "agent_generated_design",
        "confidence": "low",
        "geometry_role": "design_proposal",
        "name_zh": "概念建筑159",
        "name_en": "Concept Building 159",
        "building_type": "community_service",
        "floors": 7,
        "height_m": 25.2,
        "status": "concept_massing_not_statutory",
        "zone": "south_link",
        "footprint_sqm": 1958.54
      },
      "geometry": {
        "type": "Polygon",
        "coordinates": [
          [
            [
              116.34031691715133,
              39.95708356478446
            ],
            [
              116.34031433720298,
              39.95735206188538
            ],
            [
              116.341083084385,
              39.957356433958765
            ],
            [
              116.34108566132743,
              39.957087936816514
            ],
            [
              116.34031691715133,
              39.95708356478446
            ]
          ]
        ]
      }
    },
    {
      "type": "Feature",
      "id": "BLDG-160",
      "properties": {
        "id": "BLDG-160",
        "layer": "BUILDING_FOOTPRINT",
        "source_type": "agent_generated_design",
        "confidence": "low",
        "geometry_role": "design_proposal",
        "name_zh": "概念建筑160",
        "name_en": "Concept Building 160",
        "building_type": "mixed_use",
        "floors": 5,
        "height_m": 18.0,
        "status": "concept_massing_not_statutory",
        "zone": "middle",
        "footprint_sqm": 1500.4
      },
      "geometry": {
        "type": "Polygon",
        "coordinates": [
          [
            [
              116.3455424650834,
              39.98622845005145
            ],
            [
              116.34548997435597,
              39.98650120699324
            ],
            [
              116.34605753618571,
              39.986565835095874
            ],
            [
              116.3461100247123,
              39.9862930778823
            ],
            [
              116.3455424650834,
              39.98622845005145
            ]
          ]
        ]
      }
    },
    {
      "type": "Feature",
      "id": "BLDG-161",
      "properties": {
        "id": "BLDG-161",
        "layer": "BUILDING_FOOTPRINT",
        "source_type": "agent_generated_design",
        "confidence": "low",
        "geometry_role": "design_proposal",
        "name_zh": "概念建筑161",
        "name_en": "Concept Building 161",
        "building_type": "community_service",
        "floors": 5,
        "height_m": 18.0,
        "status": "concept_massing_not_statutory",
        "zone": "south_link",
        "footprint_sqm": 1308.34
      },
      "geometry": {
        "type": "Polygon",
        "coordinates": [
          [
            [
              116.34895596652898,
              39.94005158974732
            ],
            [
              116.34892924698079,
              39.94031779531709
            ],
            [
              116.3494440345281,
              39.940348409743684
            ],
            [
              116.34947075209648,
              39.94008220404072
            ],
            [
              116.34895596652898,
              39.94005158974732
            ]
          ]
        ]
      }
    },
    {
      "type": "Feature",
      "id": "BLDG-162",
      "properties": {
        "id": "BLDG-162",
        "layer": "BUILDING_FOOTPRINT",
        "source_type": "agent_generated_design",
        "confidence": "low",
        "geometry_role": "design_proposal",
        "name_zh": "概念建筑162",
        "name_en": "Concept Building 162",
        "building_type": "lab",
        "floors": 3,
        "height_m": 10.8,
        "status": "concept_massing_not_statutory",
        "zone": "north",
        "footprint_sqm": 1286.96
      },
      "geometry": {
        "type": "Polygon",
        "coordinates": [
          [
            [
              116.34720235691192,
              40.02022727453204
            ],
            [
              116.34728410294522,
              40.020699554813945
            ],
            [
              116.34752327772227,
              40.020675083021295
            ],
            [
              116.34752809485428,
              40.02019394578584
            ],
            [
              116.34720235691192,
              40.02022727453204
            ]
          ]
        ]
      }
    },
    {
      "type": "Feature",
      "id": "BLDG-163",
      "properties": {
        "id": "BLDG-163",
        "layer": "BUILDING_FOOTPRINT",
        "source_type": "agent_generated_design",
        "confidence": "low",
        "geometry_role": "design_proposal",
        "name_zh": "概念建筑163",
        "name_en": "Concept Building 163",
        "building_type": "mixed_use",
        "floors": 4,
        "height_m": 14.4,
        "status": "concept_massing_not_statutory",
        "zone": "south_link",
        "footprint_sqm": 2003.67
      },
      "geometry": {
        "type": "Polygon",
        "coordinates": [
          [
            [
              116.35398071791903,
              39.95463102565292
            ],
            [
              116.35400876707469,
              39.95497555574156
            ],
            [
              116.3546192835532,
              39.95494611633223
            ],
            [
              116.35459123134197,
              39.95460158636526
            ],
            [
              116.35398071791903,
              39.95463102565292
            ]
          ]
        ]
      }
    },
    {
      "type": "Feature",
      "id": "BLDG-164",
      "properties": {
        "id": "BLDG-164",
        "layer": "BUILDING_FOOTPRINT",
        "source_type": "agent_generated_design",
        "confidence": "low",
        "geometry_role": "design_proposal",
        "name_zh": "概念建筑164",
        "name_en": "Concept Building 164",
        "building_type": "mixed_use",
        "floors": 5,
        "height_m": 18.0,
        "status": "concept_massing_not_statutory",
        "zone": "middle_link",
        "footprint_sqm": 3196.91
      },
      "geometry": {
        "type": "Polygon",
        "coordinates": [
          [
            [
              116.34023282357674,
              39.978920503846616
            ],
            [
              116.34022936730878,
              39.9792798742673
            ],
            [
              116.34116717892626,
              39.97928520857054
            ],
            [
              116.34117063028226,
              39.97892583808235
            ],
            [
              116.34023282357674,
              39.978920503846616
            ]
          ]
        ]
      }
    },
    {
      "type": "Feature",
      "id": "BLDG-165",
      "properties": {
        "id": "BLDG-165",
        "layer": "BUILDING_FOOTPRINT",
        "source_type": "agent_generated_design",
        "confidence": "low",
        "geometry_role": "design_proposal",
        "name_zh": "概念建筑165",
        "name_en": "Concept Building 165",
        "building_type": "community_service",
        "floors": 7,
        "height_m": 25.2,
        "status": "concept_massing_not_statutory",
        "zone": "middle_link",
        "footprint_sqm": 2280.35
      },
      "geometry": {
        "type": "Polygon",
        "coordinates": [
          [
            [
              116.34215406825881,
              39.993447882903666
            ],
            [
              116.34214942187535,
              39.99393215657718
            ],
            [
              116.34264593348368,
              39.993934973721274
            ],
            [
              116.3426505763609,
              39.99345069999971
            ],
            [
              116.34215406825881,
              39.993447882903666
            ]
          ]
        ]
      }
    },
    {
      "type": "Feature",
      "id": "BLDG-166",
      "properties": {
        "id": "BLDG-166",
        "layer": "BUILDING_FOOTPRINT",
        "source_type": "agent_generated_design",
        "confidence": "low",
        "geometry_role": "design_proposal",
        "name_zh": "概念建筑166",
        "name_en": "Concept Building 166",
        "building_type": "lab",
        "floors": 5,
        "height_m": 18.0,
        "status": "concept_massing_not_statutory",
        "zone": "north",
        "footprint_sqm": 1856.96
      },
      "geometry": {
        "type": "Polygon",
        "coordinates": [
          [
            [
              116.34380362235828,
              40.01055224531436
            ],
            [
              116.34383171982542,
              40.01089776320393
            ],
            [
              116.34439637902405,
              40.01087061107727
            ],
            [
              116.344368278717,
              40.01052509330013
            ],
            [
              116.34380362235828,
              40.01055224531436
            ]
          ]
        ]
      }
    },
    {
      "type": "Feature",
      "id": "BLDG-167",
      "properties": {
        "id": "BLDG-167",
        "layer": "BUILDING_FOOTPRINT",
        "source_type": "agent_generated_design",
        "confidence": "low",
        "geometry_role": "design_proposal",
        "name_zh": "概念建筑167",
        "name_en": "Concept Building 167",
        "building_type": "ai_r_and_d",
        "floors": 3,
        "height_m": 10.8,
        "status": "concept_massing_not_statutory",
        "zone": "north",
        "footprint_sqm": 4413.66
      },
      "geometry": {
        "type": "Polygon",
        "coordinates": [
          [
            [
              116.34361103649823,
              40.025088084272646
            ],
            [
              116.34370011052434,
              40.025602825716035
            ],
            [
              116.34458896654695,
              40.02551191368069
            ],
            [
              116.34449988593978,
              40.0249971728597
            ],
            [
              116.34361103649823,
              40.025088084272646
            ]
          ]
        ]
      }
    },
    {
      "type": "Feature",
      "id": "BLDG-168",
      "properties": {
        "id": "BLDG-168",
        "layer": "BUILDING_FOOTPRINT",
        "source_type": "agent_generated_design",
        "confidence": "low",
        "geometry_role": "design_proposal",
        "name_zh": "概念建筑168",
        "name_en": "Concept Building 168",
        "building_type": "community_service",
        "floors": 10,
        "height_m": 36.0,
        "status": "concept_massing_not_statutory",
        "zone": "south_link",
        "footprint_sqm": 1692.73
      },
      "geometry": {
        "type": "Polygon",
        "coordinates": [
          [
            [
              116.35060427401986,
              39.9619310933738
            ],
            [
              116.35060143394702,
              39.962231292452046
            ],
            [
              116.35119572729347,
              39.96223462016396
            ],
            [
              116.35119856476769,
              39.96193442105052
            ],
            [
              116.35060427401986,
              39.9619310933738
            ]
          ]
        ]
      }
    },
    {
      "type": "Feature",
      "id": "BLDG-169",
      "properties": {
        "id": "BLDG-169",
        "layer": "BUILDING_FOOTPRINT",
        "source_type": "agent_generated_design",
        "confidence": "low",
        "geometry_role": "design_proposal",
        "name_zh": "概念建筑169",
        "name_en": "Concept Building 169",
        "building_type": "community_service",
        "floors": 10,
        "height_m": 36.0,
        "status": "concept_massing_not_statutory",
        "zone": "south_link",
        "footprint_sqm": 1877.17
      },
      "geometry": {
        "type": "Polygon",
        "coordinates": [
          [
            [
              116.34023040738805,
              39.9595898130668
            ],
            [
              116.34026766300467,
              39.95980536106794
            ],
            [
              116.34116959348034,
              39.95971304217993
            ],
            [
              116.3411323350738,
              39.95949749444263
            ],
            [
              116.34023040738805,
              39.9595898130668
            ]
          ]
        ]
      }
    },
    {
      "type": "Feature",
      "id": "BLDG-170",
      "properties": {
        "id": "BLDG-170",
        "layer": "BUILDING_FOOTPRINT",
        "source_type": "agent_generated_design",
        "confidence": "low",
        "geometry_role": "design_proposal",
        "name_zh": "概念建筑170",
        "name_en": "Concept Building 170",
        "building_type": "community_service",
        "floors": 5,
        "height_m": 18.0,
        "status": "concept_massing_not_statutory",
        "zone": "south",
        "footprint_sqm": 2363.05
      },
      "geometry": {
        "type": "Polygon",
        "coordinates": [
          [
            [
              116.34380054491515,
              39.9448561774309
            ],
            [
              116.34383633478635,
              39.945296644903884
            ],
            [
              116.3443994568892,
              39.94526953608856
            ],
            [
              116.34436366341593,
              39.94482906875824
            ],
            [
              116.34380054491515,
              39.9448561774309
            ]
          ]
        ]
      }
    },
    {
      "type": "Feature",
      "id": "BLDG-171",
      "properties": {
        "id": "BLDG-171",
        "layer": "BUILDING_FOOTPRINT",
        "source_type": "agent_generated_design",
        "confidence": "low",
        "geometry_role": "design_proposal",
        "name_zh": "概念建筑171",
        "name_en": "Concept Building 171",
        "building_type": "community_service",
        "floors": 4,
        "height_m": 14.4,
        "status": "concept_massing_not_statutory",
        "zone": "south_link",
        "footprint_sqm": 1236.51
      },
      "geometry": {
        "type": "Polygon",
        "coordinates": [
          [
            [
              116.35068917593382,
              39.96435710588115
            ],
            [
              116.35066030637148,
              39.96464468776811
            ],
            [
              116.3511108250321,
              39.964671465167456
            ],
            [
              116.351139692721,
              39.96438388315462
            ],
            [
              116.35068917593382,
              39.96435710588115
            ]
          ]
        ]
      }
    },
    {
      "type": "Feature",
      "id": "BLDG-172",
      "properties": {
        "id": "BLDG-172",
        "layer": "BUILDING_FOOTPRINT",
        "source_type": "agent_generated_design",
        "confidence": "low",
        "geometry_role": "design_proposal",
        "name_zh": "概念建筑172",
        "name_en": "Concept Building 172",
        "building_type": "lab",
        "floors": 4,
        "height_m": 14.4,
        "status": "concept_massing_not_statutory",
        "zone": "north",
        "footprint_sqm": 1307.24
      },
      "geometry": {
        "type": "Polygon",
        "coordinates": [
          [
            [
              116.34963802535641,
              40.008421343402546
            ],
            [
              116.34966106110194,
              40.0081920770494
            ],
            [
              116.34904884149717,
              40.008155699990304
            ],
            [
              116.34905461871942,
              40.00838667834648
            ],
            [
              116.34963802535641,
              40.008421343402546
            ]
          ]
        ]
      }
    },
    {
      "type": "Feature",
      "id": "BLDG-173",
      "properties": {
        "id": "BLDG-173",
        "layer": "BUILDING_FOOTPRINT",
        "source_type": "agent_generated_design",
        "confidence": "low",
        "geometry_role": "design_proposal",
        "name_zh": "概念建筑173",
        "name_en": "Concept Building 173",
        "building_type": "cultural",
        "floors": 3,
        "height_m": 10.8,
        "status": "concept_massing_not_statutory",
        "zone": "middle",
        "footprint_sqm": 1720.66
      },
      "geometry": {
        "type": "Polygon",
        "coordinates": [
          [
            [
              116.3505813384603,
              39.98626459347415
            ],
            [
              116.35060532055998,
              39.986559232939534
            ],
            [
              116.35121866277983,
              39.98652969137081
            ],
            [
              116.351194678052,
              39.98623505200988
            ],
            [
              116.3505813384603,
              39.98626459347415
            ]
          ]
        ]
      }
    },
    {
      "type": "Feature",
      "id": "BLDG-174",
      "properties": {
        "id": "BLDG-174",
        "layer": "BUILDING_FOOTPRINT",
        "source_type": "agent_generated_design",
        "confidence": "low",
        "geometry_role": "design_proposal",
        "name_zh": "概念建筑174",
        "name_en": "Concept Building 174",
        "building_type": "community_service",
        "floors": 6,
        "height_m": 21.6,
        "status": "concept_massing_not_statutory",
        "zone": "south_link",
        "footprint_sqm": 2199.8
      },
      "geometry": {
        "type": "Polygon",
        "coordinates": [
          [
            [
              116.34101955273825,
              39.945291103975634
            ],
            [
              116.34093092270967,
              39.9447782515409
            ],
            [
              116.34053837664669,
              39.944818440719146
            ],
            [
              116.34052383734212,
              39.94534185568384
            ],
            [
              116.34101955273825,
              39.945291103975634
            ]
          ]
        ]
      }
    },
    {
      "type": "Feature",
      "id": "BLDG-175",
      "properties": {
        "id": "BLDG-175",
        "layer": "BUILDING_FOOTPRINT",
        "source_type": "agent_generated_design",
        "confidence": "low",
        "geometry_role": "design_proposal",
        "name_zh": "概念建筑175",
        "name_en": "Concept Building 175",
        "building_type": "education",
        "floors": 6,
        "height_m": 21.6,
        "status": "concept_massing_not_statutory",
        "zone": "middle",
        "footprint_sqm": 2928.39
      },
      "geometry": {
        "type": "Polygon",
        "coordinates": [
          [
            [
              116.34549159527727,
              39.991008904839696
            ],
            [
              116.3454450851567,
              39.991471652702465
            ],
            [
              116.34610840698014,
              39.991511094346976
            ],
            [
              116.34615491265812,
              39.99104834618532
            ],
            [
              116.34549159527727,
              39.991008904839696
            ]
          ]
        ]
      }
    },
    {
      "type": "Feature",
      "id": "BLDG-176",
      "properties": {
        "id": "BLDG-176",
        "layer": "BUILDING_FOOTPRINT",
        "source_type": "agent_generated_design",
        "confidence": "low",
        "geometry_role": "design_proposal",
        "name_zh": "概念建筑176",
        "name_en": "Concept Building 176",
        "building_type": "retail",
        "floors": 10,
        "height_m": 36.0,
        "status": "concept_massing_not_statutory",
        "zone": "south_link",
        "footprint_sqm": 3174.41
      },
      "geometry": {
        "type": "Polygon",
        "coordinates": [
          [
            [
              116.34198191579391,
              39.949709535867505
            ],
            [
              116.34194369825869,
              39.95008984614848
            ],
            [
              116.34281808684976,
              39.95014189120943
            ],
            [
              116.34285629957922,
              39.949761580604566
            ],
            [
              116.34198191579391,
              39.949709535867505
            ]
          ]
        ]
      }
    },
    {
      "type": "Feature",
      "id": "BLDG-177",
      "properties": {
        "id": "BLDG-177",
        "layer": "BUILDING_FOOTPRINT",
        "source_type": "agent_generated_design",
        "confidence": "low",
        "geometry_role": "design_proposal",
        "name_zh": "概念建筑177",
        "name_en": "Concept Building 177",
        "building_type": "community_service",
        "floors": 3,
        "height_m": 10.8,
        "status": "concept_massing_not_statutory",
        "zone": "middle_link",
        "footprint_sqm": 1922.01
      },
      "geometry": {
        "type": "Polygon",
        "coordinates": [
          [
            [
              116.34552611541534,
              39.99593961675603
            ],
            [
              116.3455579403438,
              39.99633092041405
            ],
            [
              116.34607388605089,
              39.99630609688843
            ],
            [
              116.34604205818523,
              39.995914793346834
            ],
            [
              116.34552611541534,
              39.99593961675603
            ]
          ]
        ]
      }
    },
    {
      "type": "Feature",
      "id": "BLDG-178",
      "properties": {
        "id": "BLDG-178",
        "layer": "BUILDING_FOOTPRINT",
        "source_type": "agent_generated_design",
        "confidence": "low",
        "geometry_role": "design_proposal",
        "name_zh": "概念建筑178",
        "name_en": "Concept Building 178",
        "building_type": "education",
        "floors": 4,
        "height_m": 14.4,
        "status": "concept_massing_not_statutory",
        "zone": "middle",
        "footprint_sqm": 1590.82
      },
      "geometry": {
        "type": "Polygon",
        "coordinates": [
          [
            [
              116.34386271915022,
              39.99108065023406
            ],
            [
              116.34382969327031,
              39.99140916016261
            ],
            [
              116.34433728209127,
              39.99143934928463
            ],
            [
              116.34437030555785,
              39.991110839193645
            ],
            [
              116.34386271915022,
              39.99108065023406
            ]
          ]
        ]
      }
    },
    {
      "type": "Feature",
      "id": "BLDG-179",
      "properties": {
        "id": "BLDG-179",
        "layer": "BUILDING_FOOTPRINT",
        "source_type": "agent_generated_design",
        "confidence": "low",
        "geometry_role": "design_proposal",
        "name_zh": "概念建筑179",
        "name_en": "Concept Building 179",
        "building_type": "mixed_use",
        "floors": 5,
        "height_m": 18.0,
        "status": "concept_massing_not_statutory",
        "zone": "middle_link",
        "footprint_sqm": 1975.53
      },
      "geometry": {
        "type": "Polygon",
        "coordinates": [
          [
            [
              116.34878031777403,
              39.97652587905595
            ],
            [
              116.34875623611022,
              39.97676565120489
            ],
            [
              116.34961968402318,
              39.976816976577936
            ],
            [
              116.34964376269211,
              39.97657720422768
            ],
            [
              116.34878031777403,
              39.97652587905595
            ]
          ]
        ]
      }
    },
    {
      "type": "Feature",
      "id": "BLDG-180",
      "properties": {
        "id": "BLDG-180",
        "layer": "BUILDING_FOOTPRINT",
        "source_type": "agent_generated_design",
        "confidence": "low",
        "geometry_role": "design_proposal",
        "name_zh": "概念建筑180",
        "name_en": "Concept Building 180",
        "building_type": "education",
        "floors": 4,
        "height_m": 14.4,
        "status": "concept_massing_not_statutory",
        "zone": "middle_link",
        "footprint_sqm": 2488.35
      },
      "geometry": {
        "type": "Polygon",
        "coordinates": [
          [
            [
              116.35053053636922,
              39.98137709911325
            ],
            [
              116.35059685691424,
              39.981760353569186
            ],
            [
              116.35126946533512,
              39.98169147114685
            ],
            [
              116.35120314108818,
              39.98130821704174
            ],
            [
              116.35053053636922,
              39.98137709911325
            ]
          ]
        ]
      }
    }
  ],
  "metadata": {
    "building_massing_status": "conceptual_not_existing_conditions"
  }
}
