{
  "type": "FeatureCollection",
  "name": "public_space",
  "features": [
    {
      "type": "Feature",
      "id": "PS-01",
      "properties": {
        "id": "PS-01",
        "layer": "PUBLIC_SPACE",
        "source_type": "agent_generated_design",
        "confidence": "medium",
        "geometry_role": "design_proposal",
        "name_zh": "现实礼让训练场",
        "name_en": "Real-World Courtesy Test",
        "public_space_type": "industry_test",
        "scenario_ids": [
          "SC01"
        ],
        "dual_gate_record_id": "DG-01",
        "zone": "north",
        "land_use_code": "1403",
        "area_sqm": 8481.227,
        "reversibility": "required",
        "ai_off_path": true
      },
      "geometry": {
        "type": "Polygon",
        "coordinates": [
          [
            [
              116.34660659048674,
              40.02045751889146
            ],
            [
              116.34659825361359,
              40.020412011022366
            ],
            [
              116.34658415525261,
              40.02036735054877
            ],
            [
              116.34656443118932,
              40.02032396757349
            ],
            [
              116.34653927138642,
              40.020282279895575
            ],
            [
              116.34650891815429,
              40.02024268898681
            ],
            [
              116.34647366381694,
              40.02020557612545
            ],
            [
              116.3464338478966,
              40.02017129872438
            ],
            [
              116.3463898538438,
              40.020140186889286
            ],
            [
              116.34634210534445,
              40.02011254023972
            ],
            [
              116.34629106223959,
              40.02008862502369
            ],
            [
              116.34623721609692,
              40.02006867155378
            ],
            [
              116.34618108547703,
              40.02005287198928
            ],
            [
              116.34612321093955,
              40.02004137848567
            ],
            [
              116.34606414983772,
              40.02003430172943
            ],
            [
              116.34600447095106,
              40.02003170987214
            ],
            [
              116.34594474900817,
              40.020033627874206
            ],
            [
              116.34588555915234,
              40.02004003726449
            ],
            [
              116.34582747140288,
              40.020050876318216
            ],
            [
              116.34577104516607,
              40.020066040651315
            ],
            [
              116.34571682384816,
              40.020085384225716
            ],
            [
              116.34566532962238,
              40.02010872075553
            ],
            [
              116.34561705840046,
              40.0201358255011
            ],
            [
              116.345572475057,
              40.02016643743313
            ],
            [
              116.3455320089525,
              40.0202002617464
            ],
            [
              116.34549604979853,
              40.020236972698754
            ],
            [
              116.3454649439045,
              40.02027621674797
            ],
            [
              116.34543899084251,
              40.02031761595641
            ],
            [
              116.34541844056193,
              40.02036077163059
            ],
            [
              116.34540349098208,
              40.02040526816078
            ],
            [
              116.34539428608582,
              40.020450677023284
            ],
            [
              116.3453909145325,
              40.0204965609074
            ],
            [
              116.34539340880369,
              40.02054247792681
            ],
            [
              116.3454017448899,
              40.02058798587528
            ],
            [
              116.34541584252143,
              40.02063264648521
            ],
            [
              116.34543556594083,
              40.02067602964855
            ],
            [
              116.34546072521013,
              40.02071771755904
            ],
            [
              116.34549107803943,
              40.02075730873596
            ],
            [
              116.34552633212024,
              40.02079442189075
            ],
            [
              116.34556614794018,
              40.02082869959923
            ],
            [
              116.34561014205256,
              40.02085981174391
            ],
            [
              116.34565789076919,
              40.020887458693345
            ],
            [
              116.34570893424068,
              40.020911374188
            ],
            [
              116.34576278088522,
              40.0209313279046
            ],
            [
              116.34581891212298,
              40.02094712767434
            ],
            [
              116.34587678737056,
              40.02095862133387
            ],
            [
              116.34593584924744,
              40.02096569819074
            ],
            [
              116.34599552894431,
              40.02096829008946
            ],
            [
              116.3460552517014,
              40.02096637206808
            ],
            [
              116.34611444234419,
              40.02095996259843
            ],
            [
              116.34617253082307,
              40.02094912340838
            ],
            [
              116.34622895770377,
              40.02093395888721
            ],
            [
              116.34628317955531,
              40.02091461508024
            ],
            [
              116.34633467418391,
              40.020891278282264
            ],
            [
              116.34638294566234,
              40.020864173243275
            ],
            [
              116.34642752910622,
              40.02083356100385
            ],
            [
              116.34646799515114,
              40.02079973638098
            ],
            [
              116.34650395408784,
              40.020763025128744
            ],
            [
              116.34653505961522,
              40.0207237808009
            ],
            [
              116.34656101217531,
              40.020682381345786
            ],
            [
              116.34658156183805,
              40.020639225466354
            ],
            [
              116.34659651070781,
              40.020594728780246
            ],
            [
              116.34660571482902,
              40.020549319817114
            ],
            [
              116.34660908557215,
              40.02050343589156
            ],
            [
              116.34660659048674,
              40.02045751889146
            ]
          ]
        ]
      }
    },
    {
      "type": "Feature",
      "id": "PS-02",
      "properties": {
        "id": "PS-02",
        "layer": "PUBLIC_SPACE",
        "source_type": "agent_generated_design",
        "confidence": "medium",
        "geometry_role": "design_proposal",
        "name_zh": "断网仍可服务的公共问询",
        "name_en": "Offline-Equivalent Civic Guidance",
        "public_space_type": "public_interface",
        "scenario_ids": [
          "SC02"
        ],
        "dual_gate_record_id": "DG-02",
        "zone": "north",
        "land_use_code": "1403",
        "area_sqm": 4529.176,
        "reversibility": "required",
        "ai_off_path": true
      },
      "geometry": {
        "type": "Polygon",
        "coordinates": [
          [
            [
              116.35094325196154,
              40.01676893898472
            ],
            [
              116.35093715782554,
              40.01673568342704
            ],
            [
              116.35092685363223,
              40.01670304728032
            ],
            [
              116.35091243862223,
              40.01667134484749
            ],
            [
              116.35089405162489,
              40.01664088143886
            ],
            [
              116.35087186972117,
              40.01661195043189
            ],
            [
              116.350846106538,
              40.01658483044595
            ],
            [
              116.35081701019092,
              40.01655978265907
            ],
            [
              116.35078486089441,
              40.01653704829278
            ],
            [
              116.35074996826332,
              40.01651684628905
            ],
            [
              116.35071266833108,
              40.016499371201924
            ],
            [
              116.35067332031359,
              40.016484791323904
            ],
            [
              116.35063230314996,
              40.0164732470653
            ],
            [
              116.35059001185311,
              40.01646484960205
            ],
            [
              116.3505468537059,
              40.0164596798051
            ],
            [
              116.35050324433891,
              40.01645778746166
            ],
            [
              116.35045960372797,
              40.016459190795715
            ],
            [
              116.35041635214975,
              40.016463876292555
            ],
            [
              116.35037390613455,
              40.01647179882886
            ],
            [
              116.35033267445507,
              40.01648288210735
            ],
            [
              116.35029305418999,
              40.01649701939143
            ],
            [
              116.35025542690003,
              40.01651407453312
            ],
            [
              116.35022015495346,
              40.01653388328415
            ],
            [
              116.35018757803641,
              40.016556254877635
            ],
            [
              116.35015800988165,
              40.01658097386533
            ],
            [
              116.35013173524717,
              40.0166078021922
            ],
            [
              116.35010900717367,
              40.01663648148913
            ],
            [
              116.35009004454776,
              40.01666673556092
            ],
            [
              116.35007502999376,
              40.01669827304623
            ],
            [
              116.35006410811481,
              40.016730790223434
            ],
            [
              116.35005738409998,
              40.01676397393552
            ],
            [
              116.35005492271122,
              40.01679750460598
            ],
            [
              116.35005674765925,
              40.01683105931643
            ],
            [
              116.35006284137509,
              40.016864314916546
            ],
            [
              116.35007314517897,
              40.01689695113609
            ],
            [
              116.35008755984524,
              40.01692865366936
            ],
            [
              116.35010594655773,
              40.016959117202205
            ],
            [
              116.35012812824644,
              40.01698804835239
            ],
            [
              116.3501538912927,
              40.017015168495
            ],
            [
              116.35018298758625,
              40.01704021644603
            ],
            [
              116.35021513691463,
              40.01706295097763
            ],
            [
              116.35025002966181,
              40.01708315314147
            ],
            [
              116.3502873297899,
              40.01710062837735
            ],
            [
              116.35032667807539,
              40.017115208387054
            ],
            [
              116.35036769556895,
              40.017126752755225
            ],
            [
              116.35040998724499,
              40.0171351503017
            ],
            [
              116.35045314580604,
              40.01714032015234
            ],
            [
              116.35049675560562,
              40.01714221251787
            ],
            [
              116.35054039665128,
              40.017140809173455
            ],
            [
              116.35058364864966,
              40.01713612363421
            ],
            [
              116.35062609505428,
              40.017128201025066
            ],
            [
              116.35066732707752,
              40.01711711764613
            ],
            [
              116.35070694762742,
              40.01710298023783
            ],
            [
              116.35074457513241,
              40.017085924952944
            ],
            [
              116.35077984721589,
              40.017066116045235
            ],
            [
              116.35081242418644,
              40.01704374428758
            ],
            [
              116.35084199230933,
              40.01701902513459
            ],
            [
              116.35086826682773,
              40.016992196647614
            ],
            [
              116.35089099470542,
              40.01696351720194
            ],
            [
              116.3509099570633,
              40.01693326299845
            ],
            [
              116.35092497128734,
              40.01690172540357
            ],
            [
              116.35093589278713,
              40.016869208143156
            ],
            [
              116.35094261638811,
              40.01683602437737
            ],
            [
              116.35094507734428,
              40.01680249368483
            ],
            [
              116.35094325196154,
              40.01676893898472
            ]
          ]
        ]
      }
    },
    {
      "type": "Feature",
      "id": "PS-03",
      "properties": {
        "id": "PS-03",
        "layer": "PUBLIC_SPACE",
        "source_type": "agent_generated_design",
        "confidence": "medium",
        "geometry_role": "design_proposal",
        "name_zh": "季节与能耗公开的环境智能",
        "name_en": "Season-Aware Environmental Intelligence",
        "public_space_type": "public_interface",
        "scenario_ids": [
          "SC03"
        ],
        "dual_gate_record_id": "DG-03",
        "zone": "north",
        "land_use_code": "1403",
        "area_sqm": 4529.176,
        "reversibility": "required",
        "ai_off_path": true
      },
      "geometry": {
        "type": "Polygon",
        "coordinates": [
          [
            [
              116.3452432231664,
              40.01196896053292
            ],
            [
              116.34523713219653,
              40.01193570467368
            ],
            [
              116.34522683141614,
              40.01190306802082
            ],
            [
              116.345212420033,
              40.01187136488208
            ],
            [
              116.34519403684155,
              40.01184090057459
            ],
            [
              116.34517185888605,
              40.0118119684845
            ],
            [
              116.34514609975548,
              40.01178484724158
            ],
            [
              116.34511700752628,
              40.01175979803597
            ],
            [
              116.34508486237333,
              40.01173706210285
            ],
            [
              116.34504997387153,
              40.011716858399325
            ],
            [
              116.34501267801458,
              40.011699381495774
            ],
            [
              116.34497333397911,
              40.01168479970219
            ],
            [
              116.34493232066592,
              40.01167325344734
            ],
            [
              116.34489003305079,
              40.011664853926376
            ],
            [
              116.34484687838116,
              40.011659682030086
            ],
            [
              116.34480327225413,
              40.01165778756588
            ],
            [
              116.34475963461429,
              40.011659188778175
            ],
            [
              116.34471638570977,
              40.01166387217267
            ],
            [
              116.34467394204505,
              40.01167179264631
            ],
            [
              116.34463271237024,
              40.01168287392167
            ],
            [
              116.34459309374469,
              40.01169700928148
            ],
            [
              116.34455546771332,
              40.01171406259624
            ],
            [
              116.34452019663232,
              40.0117338696353
            ],
            [
              116.34448762017946,
              40.011756239648285
            ],
            [
              116.34445805208304,
              40.011780957202106
            ],
            [
              116.34443177710045,
              40.011807784255595
            ],
            [
              116.34440904827578,
              40.011836462451846
            ],
            [
              116.3443900845029,
              40.01186671560634
            ],
            [
              116.34437506841712,
              40.01189825236651
            ],
            [
              116.34436414463636,
              40.01193076901772
            ],
            [
              116.34435741836799,
              40.01196395240803
            ],
            [
              116.34435495439567,
              40.01199748296403
            ],
            [
              116.34435677645496,
              40.012031037768466
            ],
            [
              116.34436286700476,
              40.01206429367006
            ],
            [
              116.34437316739577,
              40.01209693039569
            ],
            [
              116.3443875784352,
              40.01212863363482
            ],
            [
              116.34440596134179,
              40.01215909806647
            ],
            [
              116.34442813908224,
              40.01218803029972
            ],
            [
              116.34445389807584,
              40.01221515169929
            ],
            [
              116.34448299025142,
              40.012240201069
            ],
            [
              116.34451513543617,
              40.01226293716739
            ],
            [
              116.34455002405392,
              40.01228314103101
            ],
            [
              116.34458732010658,
              40.01230061808332
            ],
            [
              116.34462666440992,
              40.01231520000861
            ],
            [
              116.34466767805293,
              40.01232674637305
            ],
            [
              116.34470996604708,
              40.01233514597726
            ],
            [
              116.34475312113041,
              40.01234031792728
            ],
            [
              116.34479672768994,
              40.01234221241363
            ],
            [
              116.34484036576437,
              40.01234081119103
            ],
            [
              116.344883615089,
              40.01233612775418
            ],
            [
              116.3449260591431,
              40.012328207207766
            ],
            [
              116.34496728916162,
              40.01231712583199
            ],
            [
              116.34500690807204,
              40.01230299034804
            ],
            [
              116.34504453431842,
              40.01228593689013
            ],
            [
              116.34507980553641,
              40.01226612969444
            ],
            [
              116.34511238204288,
              40.01224375951733
            ],
            [
              116.34514195010752,
              40.01221904179823
            ],
            [
              116.34516822497416,
              40.01219221458465
            ],
            [
              116.34519095360312,
              40.01216353623962
            ],
            [
              116.34520991710811,
              40.01213328295344
            ],
            [
              116.34522493286407,
              40.01210174608368
            ],
            [
              116.34523585626583,
              40.012069229349216
            ],
            [
              116.34524258212049,
              40.01203604590519
            ],
            [
              116.34524504566033,
              40.01200251532705
            ],
            [
              116.3452432231664,
              40.01196896053292
            ]
          ]
        ]
      }
    },
    {
      "type": "Feature",
      "id": "PS-04",
      "properties": {
        "id": "PS-04",
        "layer": "PUBLIC_SPACE",
        "source_type": "agent_generated_design",
        "confidence": "medium",
        "geometry_role": "design_proposal",
        "name_zh": "微扰日常居",
        "name_en": "Low-Interference Everyday Home",
        "public_space_type": "public_interface",
        "scenario_ids": [
          "SC04"
        ],
        "dual_gate_record_id": "DG-04",
        "zone": "middle",
        "land_use_code": "1403",
        "area_sqm": 4529.176,
        "reversibility": "required",
        "ai_off_path": true
      },
      "geometry": {
        "type": "Polygon",
        "coordinates": [
          [
            [
              116.35094308497975,
              39.99096893751511
            ],
            [
              116.35093699296851,
              39.99093568182816
            ],
            [
              116.3509266924876,
              39.990903045567606
            ],
            [
              116.35091228274187,
              39.990871343037405
            ],
            [
              116.35089390251004,
              39.990840879548834
            ],
            [
              116.35087172880779,
              39.99081194848013
            ],
            [
              116.35084597518318,
              39.99078482845124
            ],
            [
              116.3508168896596,
              39.99075978064063
            ],
            [
              116.35078475234735,
              39.99073704627005
            ],
            [
              116.35074987274584,
              39.9907168442815
            ],
            [
              116.35071258676301,
              39.990699369228935
            ],
            [
              116.35067325348047,
              39.99068478940446
            ],
            [
              116.35063225169537,
              39.9906732452179
            ],
            [
              116.35058997627259,
              39.9906648478445
            ],
            [
              116.3505468343421,
              39.99065967815433
            ],
            [
              116.35050324137826,
              39.99065778593361
            ],
            [
              116.35045961719902,
              39.99065918940509
            ],
            [
              116.35041638192277,
              39.99066387505276
            ],
            [
              116.3503739519228,
              39.990671797751865
            ],
            [
              116.35033273581764,
              39.99068288120352
            ],
            [
              116.35029313053595,
              39.99069701866951
            ],
            [
              116.35025551749413,
              39.990714074000046
            ],
            [
              116.35022025892327,
              39.990733882945065
            ],
            [
              116.35018769438072,
              39.99075625473585
            ],
            [
              116.35015813748004,
              39.99078097392217
            ],
            [
              116.35013187287079,
              39.99080780244713
            ],
            [
              116.3501091534972,
              39.99083648193968
            ],
            [
              116.35009019816205,
              39.99086673620279
            ],
            [
              116.35007518941947,
              39.99089827387321
            ],
            [
              116.35006427181658,
              39.99093079122755
            ],
            [
              116.35005755050133,
              39.99096397510711
            ],
            [
              116.35005509020957,
              39.990997505933734
            ],
            [
              116.35005691464153,
              39.99103106078758
            ],
            [
              116.35006300623316,
              39.991064316516876
            ],
            [
              116.35007330632513,
              39.99109695285021
            ],
            [
              116.35008771572755,
              39.99112865548077
            ],
            [
              116.35010609567493,
              39.99115911909343
            ],
            [
              116.35012826916241,
              39.99118805030521
            ],
            [
              116.35015402265032,
              39.99121517049064
            ],
            [
              116.35018310812042,
              39.991240218465244
            ],
            [
              116.35021524546453,
              39.99126295300099
            ],
            [
              116.35025012518196,
              39.99128315514946
            ],
            [
              116.35028741136036,
              39.99130063035067
            ],
            [
              116.35032674491057,
              39.99131521030671
            ],
            [
              116.35036774702516,
              39.99132675460275
            ],
            [
              116.35041002282665,
              39.9913351520593
            ],
            [
              116.35045316517045,
              39.9913403218031
            ],
            [
              116.35049675856631,
              39.991342214045915
            ],
            [
              116.35054038317973,
              39.99134081056407
            ],
            [
              116.35058361887559,
              39.991336124874024
            ],
            [
              116.35062604926448,
              39.99132820210218
            ],
            [
              116.35066726571296,
              39.99131711855015
            ],
            [
              116.35070687127914,
              39.99130298096006
            ],
            [
              116.35074448453568,
              39.99128592548646
            ],
            [
              116.35077974324325,
              39.9912661163849
            ],
            [
              116.35081230783929,
              39.99124374443012
            ],
            [
              116.35084186470812,
              39.99121902507865
            ],
            [
              116.35086812920144,
              39.99119219639372
            ],
            [
              116.35089084837948,
              39.99116351675253
            ],
            [
              116.35090980344694,
              39.99113326235788
            ],
            [
              116.35092481186,
              39.99110172457798
            ],
            [
              116.3509357290842,
              39.99106920714049
            ],
            [
              116.35094244998615,
              39.9910360232073
            ],
            [
              116.35094490984586,
              39.991002492358604
            ],
            [
              116.35094308497975,
              39.99096893751511
            ]
          ]
        ]
      }
    },
    {
      "type": "Feature",
      "id": "PS-05",
      "properties": {
        "id": "PS-05",
        "layer": "PUBLIC_SPACE",
        "source_type": "agent_generated_design",
        "confidence": "medium",
        "geometry_role": "design_proposal",
        "name_zh": "儿童真实世界探索",
        "name_en": "Children Explore the Real World",
        "public_space_type": "public_interface",
        "scenario_ids": [
          "SC05"
        ],
        "dual_gate_record_id": "DG-05",
        "zone": "middle",
        "land_use_code": "1403",
        "area_sqm": 4529.176,
        "reversibility": "required",
        "ai_off_path": true
      },
      "geometry": {
        "type": "Polygon",
        "coordinates": [
          [
            [
              116.34494306992296,
              39.98826896032018
            ],
            [
              116.34493698104788,
              39.988235704327785
            ],
            [
              116.34492668381793,
              39.98820306754508
            ],
            [
              116.34491227740665,
              39.988171364281094
            ],
            [
              116.34489390056059,
              39.98814089985414
            ],
            [
              116.34487173026295,
              39.988111967651506
            ],
            [
              116.34484598002888,
              39.98808484630408
            ],
            [
              116.34481689784921,
              39.98805979700299
            ],
            [
              116.34478476380197,
              39.98803706098434
            ],
            [
              116.34474988735512,
              39.98801685720606
            ],
            [
              116.34471260438633,
              39.98799938023926
            ],
            [
              116.34467327394806,
              39.98798479839453
            ],
            [
              116.34463227481014,
              39.98797325210114
            ],
            [
              116.3445900018119,
              39.98796485255462
            ],
            [
              116.34454686205999,
              39.987959680645986
            ],
            [
              116.34450327100785,
              39.98795778618279
            ],
            [
              116.34445964845493,
              39.987959187409416
            ],
            [
              116.34441641450401,
              39.98796387083144
            ],
            [
              116.3443739855156,
              39.98797179134555
            ],
            [
              116.34433277009849,
              39.987982872673925
            ],
            [
              116.34429316517472,
              39.98799700809875
            ],
            [
              116.34425555215724,
              39.988014061489956
            ],
            [
              116.34422029327689,
              39.988033868616085
            ],
            [
              116.34418772809403,
              39.98805623872599
            ],
            [
              116.34415817022834,
              39.98808095638561
            ],
            [
              116.34413190433872,
              39.98810778355275
            ],
            [
              116.3441091833817,
              39.988136461869445
            ],
            [
              116.34409022617533,
              39.988166715149966
            ],
            [
              116.34407521529174,
              39.988198252040576
            ],
            [
              116.34406429529865,
              39.98823076882534
            ],
            [
              116.34405757136706,
              39.98826395235107
            ],
            [
              116.34405510825803,
              39.98829748304302
            ],
            [
              116.34405692969885,
              39.98833103798264
            ],
            [
              116.34406301815434,
              39.98836429401733
            ],
            [
              116.34407331499538,
              39.988396930872746
            ],
            [
              116.34408772106335,
              39.98842863423703
            ],
            [
              116.34410609762487,
              39.98845909878803
            ],
            [
              116.34412826770772,
              39.98848803113369
            ],
            [
              116.34415401780498,
              39.988515152637646
            ],
            [
              116.34418309993112,
              39.98854020210271
            ],
            [
              116.3442152340101,
              39.98856293828649
            ],
            [
              116.34425011057274,
              39.98858314222473
            ],
            [
              116.34428739373702,
              39.98860061934018
            ],
            [
              116.34432672444282,
              39.988615201316485
            ],
            [
              116.34436772391015,
              39.98862674771939
            ],
            [
              116.34440999728699,
              39.988635147349086
            ],
            [
              116.3444531374521,
              39.98864031931141
            ],
            [
              116.34449672893619,
              39.98864221379672
            ],
            [
              116.34454035192324,
              39.988640812559815
            ],
            [
              116.34458358629375,
              39.988636129095475
            ],
            [
              116.34462601567107,
              39.98862820850866
            ],
            [
              116.3446672314315,
              39.98861712707998
            ],
            [
              116.34470683663982,
              39.9886029915311
            ],
            [
              116.34474444987208,
              39.988585937996874
            ],
            [
              116.3447797088892,
              39.988566130714226
            ],
            [
              116.34481227412566,
              39.988543760440365
            ],
            [
              116.3448418319596,
              39.98851904261559
            ],
            [
              116.34486809773341,
              39.98849221528849
            ],
            [
              116.34489081849497,
              39.988463536823154
            ],
            [
              116.34490977543378,
              39.98843328341104
            ],
            [
              116.34492478598796,
              39.98840174641095
            ],
            [
              116.34493570560245,
              39.98836922954298
            ],
            [
              116.34494242912083,
              39.988336045963585
            ],
            [
              116.34494489179791,
              39.9883025152495
            ],
            [
              116.34494306992296,
              39.98826896032018
            ]
          ]
        ]
      }
    },
    {
      "type": "Feature",
      "id": "PS-06",
      "properties": {
        "id": "PS-06",
        "layer": "PUBLIC_SPACE",
        "source_type": "agent_generated_design",
        "confidence": "medium",
        "geometry_role": "design_proposal",
        "name_zh": "无障碍共行街角",
        "name_en": "Accessible Shared Corner",
        "public_space_type": "public_interface",
        "scenario_ids": [
          "SC06"
        ],
        "dual_gate_record_id": "DG-06",
        "zone": "middle",
        "land_use_code": "1403",
        "area_sqm": 4529.176,
        "reversibility": "required",
        "ai_off_path": true
      },
      "geometry": {
        "type": "Polygon",
        "coordinates": [
          [
            [
              116.34994305110523,
              39.985668941039414
            ],
            [
              116.34993696001574,
              39.98563568527724
            ],
            [
              116.3499266607739,
              39.985603048908246
            ],
            [
              116.34991225257268,
              39.98557134623743
            ],
            [
              116.34989387417586,
              39.985540882577425
            ],
            [
              116.34987170258151,
              39.98551195130811
            ],
            [
              116.34984595131738,
              39.985484831051394
            ],
            [
              116.3498168683841,
              39.98545978298791
            ],
            [
              116.34978473386701,
              39.98543704834184
            ],
            [
              116.34974985723866,
              39.985416846057895
            ],
            [
              116.34971257437833,
              39.98539937069277
            ],
            [
              116.34967324433755,
              39.98538479054168
            ],
            [
              116.34963224588226,
              39.98537324601753
            ],
            [
              116.34958997384526,
              39.98536484829885
            ],
            [
              116.34954683532389,
              39.98535967825904
            ],
            [
              116.34950324575976,
              39.98535778568765
            ],
            [
              116.34945962493802,
              39.98535918881085
            ],
            [
              116.34941639294473,
              39.98536387411598
            ],
            [
              116.3493739661216,
              39.985371796481544
            ],
            [
              116.34933275305652,
              39.98538287961191
            ],
            [
              116.34929315064892,
              39.98539701677193
            ],
            [
              116.34925554028749,
              39.98541407181478
            ],
            [
              116.34922028417753,
              39.985433880493154
            ],
            [
              116.34918772185264,
              39.985456252040905
            ],
            [
              116.34915816690507,
              39.98548097101015
            ],
            [
              116.34913190396558,
              39.985507799346095
            ],
            [
              116.34910918596228,
              39.985536478679485
            ],
            [
              116.34909023168478,
              39.9855667328148
            ],
            [
              116.349075223677,
              39.98559827039009
            ],
            [
              116.34906430647902,
              39.98563078768283
            ],
            [
              116.34905758523483,
              39.98566397153491
            ],
            [
              116.34905512467967,
              39.98569750236848
            ],
            [
              116.3490569485162,
              39.985731057263585
            ],
            [
              116.34906303918622,
              39.98576431306812
            ],
            [
              116.34907333803922,
              39.98579694950985
            ],
            [
              116.34908774589721,
              39.985828652280986
            ],
            [
              116.34910612400961,
              39.98585911606507
            ],
            [
              116.34912829538924,
              39.98588804747742
            ],
            [
              116.34915404651669,
              39.985915167890646
            ],
            [
              116.34918312939651,
              39.98594021611808
            ],
            [
              116.3492152639454,
              39.98596295092927
            ],
            [
              116.34925014068962,
              39.98598315337317
            ],
            [
              116.34928742374545,
              39.986000628886885
            ],
            [
              116.34932675405383,
              39.98601520916954
            ],
            [
              116.34936775283855,
              39.98602675380313
            ],
            [
              116.34941002525413,
              39.98603515160495
            ],
            [
              116.34945316418869,
              39.986040321698404
            ],
            [
              116.34949675418471,
              39.986042214291864
            ],
            [
              116.34954037544051,
              39.98604081115832
            ],
            [
              116.3495836078533,
              39.986036125810855
            ],
            [
              116.34962603506527,
              39.986028203372555
            ],
            [
              116.34966724847358,
              39.986017120141845
            ],
            [
              116.34970685116562,
              39.98600298285777
            ],
            [
              116.34974446174172,
              39.985985927671884
            ],
            [
              116.3497797179884,
              39.98596611883699
            ],
            [
              116.34981228036675,
              39.985943747125276
            ],
            [
              116.3498418352825,
              39.98591902799091
            ],
            [
              116.34986809810611,
              39.985892199495034
            ],
            [
              116.34989081591391,
              39.98586352001304
            ],
            [
              116.3499097699238,
              39.98583326574617
            ],
            [
              116.34992477760215,
              39.98580172806144
            ],
            [
              116.34993569442159,
              39.98576921068556
            ],
            [
              116.3499424152526,
              39.98573602677982
            ],
            [
              116.34994487537584,
              39.98570249592418
            ],
            [
              116.34994305110523,
              39.985668941039414
            ]
          ]
        ]
      }
    },
    {
      "type": "Feature",
      "id": "PS-07",
      "properties": {
        "id": "PS-07",
        "layer": "PUBLIC_SPACE",
        "source_type": "agent_generated_design",
        "confidence": "medium",
        "geometry_role": "design_proposal",
        "name_zh": "小店数字员工公示柜台",
        "name_en": "Small-Shop Digital Worker Counter",
        "public_space_type": "public_interface",
        "scenario_ids": [
          "SC07"
        ],
        "dual_gate_record_id": "DG-07",
        "zone": "south",
        "land_use_code": "1403",
        "area_sqm": 4529.176,
        "reversibility": "required",
        "ai_off_path": true
      },
      "geometry": {
        "type": "Polygon",
        "coordinates": [
          [
            [
              116.35244280784568,
              39.94816892934114
            ],
            [
              116.35243671862537,
              39.94813567351284
            ],
            [
              116.35242642357746,
              39.948103037190975
            ],
            [
              116.35241202185442,
              39.948071334680144
            ],
            [
              116.35239365215772,
              39.9480408712914
            ],
            [
              116.3523714914016,
              39.948011940402054
            ],
            [
              116.35234575300937,
              39.947984820630325
            ],
            [
              116.35231668485781,
              39.947959773152185
            ],
            [
              116.35228456688984,
              39.94793703918619
            ],
            [
              116.35224970841858,
              39.947916837670505
            ],
            [
              116.35221244514855,
              39.94789936315442
            ],
            [
              116.35217313594256,
              39.947884783924984
            ],
            [
              116.35213215936591,
              39.94787324038622
            ],
            [
              116.35208991004069,
              39.94786484370717
            ],
            [
              116.35204679484559,
              39.94785967475126
            ],
            [
              116.35200322899755,
              39.94785778329755
            ],
            [
              116.35195963205327,
              39.94785918756148
            ],
            [
              116.35191642386897,
              39.947863874019376
            ],
            [
              116.35187402055702,
              39.94787179753867
            ],
            [
              116.35183283047888,
              39.94788288181261
            ],
            [
              116.35179325031267,
              39.947897020095006
            ],
            [
              116.35175566123284,
              39.94791407622827
            ],
            [
              116.35172042523978,
              39.94793388595456
            ],
            [
              116.35168788167334,
              39.94795625849763
            ],
            [
              116.35165834394512,
              39.94798097840003
            ],
            [
              116.35163209652005,
              39.94800780759797
            ],
            [
              116.35160939217681,
              39.948036487713864
            ],
            [
              116.35159044957348,
              39.948066742544704
            ],
            [
              116.35157545114151,
              39.9480982807218
            ],
            [
              116.35156454132877,
              39.948130798516836
            ],
            [
              116.3515578252081,
              39.948163982766864
            ],
            [
              116.35155536746544,
              39.948197513890214
            ],
            [
              116.35155719177632,
              39.94823106896413
            ],
            [
              116.3515632805779,
              39.94826432483474
            ],
            [
              116.35157357523774,
              39.94829696122926
            ],
            [
              116.3515879766182,
              39.9483286638403
            ],
            [
              116.35160634603108,
              39.94835912735295
            ],
            [
              116.35162850657291,
              39.948388058385156
            ],
            [
              116.35165424482871,
              39.94841517831319
            ],
            [
              116.35168331292694,
              39.948440225955075
            ],
            [
              116.35171543092672,
              39.94846296008597
            ],
            [
              116.35175028951366,
              39.94848316176139
            ],
            [
              116.35178755297888,
              39.948500636425855
            ],
            [
              116.35182686245201,
              39.948515215786664
            ],
            [
              116.35186783935748,
              39.948526759434706
            ],
            [
              116.35191008906058,
              39.94853515619676
            ],
            [
              116.3519532046681,
              39.94854032520625
            ],
            [
              116.35199677094727,
              39.948542216681986
            ],
            [
              116.35204036832478,
              39.94854081240771
            ],
            [
              116.3520835769278,
              39.9485361259075
            ],
            [
              116.35212598062785,
              39.94852820231555
            ],
            [
              116.3521671710485,
              39.9485171179414
            ],
            [
              116.35220675149861,
              39.948502979535085
            ],
            [
              116.35224434079268,
              39.94848592325896
            ],
            [
              116.35227957692216,
              39.94846611337637
            ],
            [
              116.35231212054192,
              39.94844374066955
            ],
            [
              116.35234165823837,
              39.94841902060224
            ],
            [
              116.35236790554774,
              39.94839219124461
            ],
            [
              116.35239060969582,
              39.94836351098031
            ],
            [
              116.352409552032,
              39.94833325601811
            ],
            [
              116.35242455013513,
              39.948301717731724
            ],
            [
              116.35243545957,
              39.94826919985366
            ],
            [
              116.35244217527823,
              39.94823601555009
            ],
            [
              116.3524446325898,
              39.94820248440472
            ],
            [
              116.35244280784568,
              39.94816892934114
            ]
          ]
        ]
      }
    },
    {
      "type": "Feature",
      "id": "PS-08",
      "properties": {
        "id": "PS-08",
        "layer": "PUBLIC_SPACE",
        "source_type": "agent_generated_design",
        "confidence": "medium",
        "geometry_role": "design_proposal",
        "name_zh": "智能健康转人工站",
        "name_en": "AI Health-to-Human Handover",
        "public_space_type": "public_interface",
        "scenario_ids": [
          "SC08"
        ],
        "dual_gate_record_id": "DG-08",
        "zone": "south",
        "land_use_code": "1403",
        "area_sqm": 4529.176,
        "reversibility": "required",
        "ai_off_path": true
      },
      "geometry": {
        "type": "Polygon",
        "coordinates": [
          [
            [
              116.34664280242379,
              39.94696895144749
            ],
            [
              116.34663671611476,
              39.94693569533115
            ],
            [
              116.34662642400227,
              39.94690305851113
            ],
            [
              116.3466120252106,
              39.946871355296835
            ],
            [
              116.34659365841291,
              39.94684089100607
            ],
            [
              116.34657150049559,
              39.946811959024835
            ],
            [
              116.34654576485457,
              39.94678483798188
            ],
            [
              116.34651669934009,
              39.94675978906542
            ],
            [
              116.34648458386974,
              39.94673705350786
            ],
            [
              116.3464497277326,
              39.946716850262646
            ],
            [
              116.34641246661067,
              39.94669937389582
            ],
            [
              116.34637315934609,
              39.946684792712155
            ],
            [
              116.34633218448546,
              39.946673247134584
            ],
            [
              116.34628993663439,
              39.94666484835172
            ],
            [
              116.34624682265729,
              39.94665967724726
            ],
            [
              116.34620325775941,
              39.94665778362097
            ],
            [
              116.34615966148834,
              39.9466591857092
            ],
            [
              116.34611645369375,
              39.946663870009246
            ],
            [
              116.34607405048429,
              39.94667179140931
            ],
            [
              116.34603286022048,
              39.94668287362303
            ],
            [
              116.34599327958213,
              39.9466970099241
            ],
            [
              116.34595568974832,
              39.946714064173975
            ],
            [
              116.3459204527266,
              39.94673387213296
            ],
            [
              116.34588790786685,
              39.946756243041825
            ],
            [
              116.34585836859306,
              39.94678096145888
            ],
            [
              116.345832119385,
              39.9468077893346
            ],
            [
              116.34580941303862,
              39.946836468304184
            ],
            [
              116.34579046823119,
              39.94686672217561
            ],
            [
              116.34577546741549,
              39.94689825958946
            ],
            [
              116.34576455506225,
              39.94693077682478
            ],
            [
              116.34575783626885,
              39.94696396072399
            ],
            [
              116.34575537574686,
              39.946997491708785
            ],
            [
              116.3457571971987,
              39.94703104685778
            ],
            [
              116.34576328308901,
              39.94706430301638
            ],
            [
              116.34577357481336,
              39.947096939909
            ],
            [
              116.34578797326245,
              39.94712864322347
            ],
            [
              116.34580633977623,
              39.9471591076381
            ],
            [
              116.34582849747925,
              39.94718803976216
            ],
            [
              116.34585423298375,
              39.9472151609614
            ],
            [
              116.3458832984448,
              39.947240210041606
            ],
            [
              116.34591541394684,
              39.94726294576406
            ],
            [
              116.34595027019958,
              39.94728314916899
            ],
            [
              116.34598753151658,
              39.947300625684235
            ],
            [
              116.34602683904819,
              39.94731520699928
            ],
            [
              116.34606781423756,
              39.947326752686195
            ],
            [
              116.34611006246648,
              39.947335151552096
            ],
            [
              116.34615317685594,
              39.947340322710176
            ],
            [
              116.34619674218489,
              39.94734221635855
            ],
            [
              116.34624033888917,
              39.94734081426001
            ],
            [
              116.34628354710247,
              39.947336129917716
            ],
            [
              116.34632595070005,
              39.94732820844505
            ],
            [
              116.34636714130644,
              39.94731712613114
            ],
            [
              116.34640672222874,
              39.94730298970622
            ],
            [
              116.34644431227689,
              39.947285935313516
            ],
            [
              116.34647954943509,
              39.94726612719826
            ],
            [
              116.34651209434827,
              39.94724375612565
            ],
            [
              116.34654163359036,
              39.94721903754369
            ],
            [
              116.3465678826828,
              39.94719220950825
            ],
            [
              116.34659058883415,
              39.94716353039025
            ],
            [
              116.3466095333745,
              39.94713327638743
            ],
            [
              116.34662453386147,
              39.94710173886426
            ],
            [
              116.34663544583691,
              39.94706922154588
            ],
            [
              116.34664216421794,
              39.94703603759308
            ],
            [
              116.34664462430884,
              39.94700250658619
            ],
            [
              116.34664280242379,
              39.94696895144749
            ]
          ]
        ]
      }
    },
    {
      "type": "Feature",
      "id": "PS-09",
      "properties": {
        "id": "PS-09",
        "layer": "PUBLIC_SPACE",
        "source_type": "agent_generated_design",
        "confidence": "medium",
        "geometry_role": "design_proposal",
        "name_zh": "暗夜友好照明试验",
        "name_en": "Darkness-Friendly Lighting Test",
        "public_space_type": "industry_test",
        "scenario_ids": [
          "SC09"
        ],
        "dual_gate_record_id": "DG-09",
        "zone": "north",
        "land_use_code": "1403",
        "area_sqm": 8481.227,
        "reversibility": "required",
        "ai_off_path": true
      },
      "geometry": {
        "type": "Polygon",
        "coordinates": [
          [
            [
              116.35290648954701,
              40.009457485026445
            ],
            [
              116.3528981497231,
              40.009411977501834
            ],
            [
              116.35288404941193,
              40.00936731769554
            ],
            [
              116.35286432441768,
              40.00932393570393
            ],
            [
              116.35283916471214,
              40.00928224931663
            ],
            [
              116.35280881260468,
              40.009242659992935
            ],
            [
              116.35277356040842,
              40.00920554899587
            ],
            [
              116.35273374762508,
              40.00917127372036
            ],
            [
              116.35268975767491,
              40.00914016425164
            ],
            [
              116.35264201420428,
              40.00911252018643
            ],
            [
              116.35259097700586,
              40.0090886077479
            ],
            [
              116.35253713759043,
              40.00906865722187
            ],
            [
              116.35248101445382,
              40.00905286073927
            ],
            [
              116.35242314808357,
              40.009041370425905
            ],
            [
              116.35236409575428,
              40.00903429693754
            ],
            [
              116.35230442616098,
              40.00903170839429
            ],
            [
              116.35224471394284,
              40.00903362972462
            ],
            [
              116.35218553414938,
              40.00904004242539
            ],
            [
              116.35212745670313,
              40.00905088473989
            ],
            [
              116.35207104091108,
              40.00906605225269
            ],
            [
              116.35201683007892,
              40.00908539889507
            ],
            [
              116.35196534627889,
              40.0091087383516
            ],
            [
              116.35191708532238,
              40.009135845854445
            ],
            [
              116.35187251198505,
              40.00916646034776
            ],
            [
              116.35183205553109,
              40.00920028700163
            ],
            [
              116.35179610557908,
              40.009237000051385
            ],
            [
              116.35176500834991,
              40.00927624593457
            ],
            [
              116.35173906333215,
              40.0093176466959
            ],
            [
              116.35171852039768,
              40.009360803626976
            ],
            [
              116.35170357739516,
              40.009405301105865
            ],
            [
              116.35169437824402,
              40.00945071059982
            ],
            [
              116.35169101154833,
              40.00949659479201
            ],
            [
              116.35169350974283,
              40.009542511793164
            ],
            [
              116.35170184878028,
              40.00958801939721
            ],
            [
              116.35171594836251,
              40.00963267933989
            ],
            [
              116.3517356727133,
              40.00967606151956
            ],
            [
              116.35176083188571,
              40.00971774813944
            ],
            [
              116.35179118359075,
              40.00975733773123
            ],
            [
              116.35182643553077,
              40.00979444902163
            ],
            [
              116.35186624821397,
              40.009828724604446
            ],
            [
              116.35191023822388,
              40.009859834382624
            ],
            [
              116.35195798191185,
              40.009887478747544
            ],
            [
              116.35200901947687,
              40.009911391464556
            ],
            [
              116.35206285939407,
              40.00993134223712
            ],
            [
              116.35211898314834,
              40.0099471389248
            ],
            [
              116.35217685022839,
              40.00995862939393
            ],
            [
              116.35223590333236,
              40.00996570298278
            ],
            [
              116.35229557373543,
              40.00996829156736
            ],
            [
              116.35235528676735,
              40.00996637021759
            ],
            [
              116.35241446734723,
              40.00995995743741
            ],
            [
              116.35247254552245,
              40.00994911498654
            ],
            [
              116.35252896195792,
              40.00993394728566
            ],
            [
              116.35258317332323,
              40.00991460041072
            ],
            [
              116.35263465752568,
              40.00989126068609
            ],
            [
              116.35268291873842,
              40.00986415288991
            ],
            [
              116.35272749217592,
              40.0098335380893
            ],
            [
              116.35276794857012,
              40.00979971112596
            ],
            [
              116.35280389830477,
              40.00976299777649
            ],
            [
              116.35283499516734,
              40.009723751614814
            ],
            [
              116.35286093968335,
              40.00968235060696
            ],
            [
              116.35288148200014,
              40.009639193470825
            ],
            [
              116.35289642429288,
              40.009594695836135
            ],
            [
              116.35290562266933,
              40.00954928624171
            ],
            [
              116.35290898855526,
              40.00950340200821
            ],
            [
              116.35290648954701,
              40.009457485026445
            ]
          ]
        ]
      }
    },
    {
      "type": "Feature",
      "id": "PS-10",
      "properties": {
        "id": "PS-10",
        "layer": "PUBLIC_SPACE",
        "source_type": "agent_generated_design",
        "confidence": "medium",
        "geometry_role": "design_proposal",
        "name_zh": "树根与土壤低扰动感知",
        "name_en": "Low-Impact Root and Soil Sensing",
        "public_space_type": "industry_test",
        "scenario_ids": [
          "SC10"
        ],
        "dual_gate_record_id": "DG-10",
        "zone": "north",
        "land_use_code": "1403",
        "area_sqm": 8481.227,
        "reversibility": "required",
        "ai_off_path": true
      },
      "geometry": {
        "type": "Polygon",
        "coordinates": [
          [
            [
              116.34540662217272,
              40.023957525454
            ],
            [
              116.34539828570361,
              40.02391201752893
            ],
            [
              116.34538418743765,
              40.02386735693673
            ],
            [
              116.3453644631594,
              40.023823973781305
            ],
            [
              116.34533930283366,
              40.023782285863476
            ],
            [
              116.34530894877587,
              40.02374269465732
            ],
            [
              116.34527369331795,
              40.02370558144396
            ],
            [
              116.34523387599292,
              40.02367130363968
            ],
            [
              116.3451898802649,
              40.02364019135405
            ],
            [
              116.34514212983585,
              40.02361254421092
            ],
            [
              116.34509108456544,
              40.023588628463095
            ],
            [
              116.34503723604226,
              40.02356867442826
            ],
            [
              116.34498110284974,
              40.023552874271154
            ],
            [
              116.34492322557236,
              40.02354138015296
            ],
            [
              116.3448641615897,
              40.02353430276608
            ],
            [
              116.34480447970903,
              40.02353171026816
            ],
            [
              116.34474475468778,
              40.023533627625774
            ],
            [
              116.34468556169892,
              40.023540036374
            ],
            [
              116.3446274707919,
              40.023550874794225
            ],
            [
              116.34457104140341,
              40.02356603850852
            ],
            [
              116.34451681697003,
              40.02358538148473
            ],
            [
              116.34446531969505,
              40.023608717442755
            ],
            [
              116.3444170455195,
              40.02363582164844
            ],
            [
              116.34437245934645,
              40.02366643307768
            ],
            [
              116.34433199056367,
              40.023700256930105
            ],
            [
              116.34429602890847,
              40.02373696746799
            ],
            [
              116.34426492071442,
              40.02377621115312
            ],
            [
              116.34423896557573,
              40.023817610051346
            ],
            [
              116.34421841346176,
              40.02386076547219
            ],
            [
              116.3442034623095,
              40.023905261808345
            ],
            [
              116.34419425611695,
              40.023950670538
            ],
            [
              116.34419088355597,
              40.02399655435172
            ],
            [
              116.34419337711779,
              40.02404247136386
            ],
            [
              116.34420171279982,
              40.02408797936828
            ],
            [
              116.3442158103362,
              40.02413264009682
            ],
            [
              116.34423553397042,
              40.02417602344032
            ],
            [
              116.3442606937624,
              40.024217711590744
            ],
            [
              116.3442910474173,
              40.02425730306507
            ],
            [
              116.3443263026186,
              40.0242944165719
            ],
            [
              116.34436611984314,
              40.024328694683625
            ],
            [
              116.34441011563074,
              40.02435980727889
            ],
            [
              116.34445786627705,
              40.024387454721925
            ],
            [
              116.34450891191412,
              40.024411370748425
            ],
            [
              116.34456276093927,
              40.02443132502997
            ],
            [
              116.34461889474973,
              40.02444712539236
            ],
            [
              116.34467677273732,
              40.02445861966652
            ],
            [
              116.34473583749515,
              40.02446569715406
            ],
            [
              116.34479552018615,
              40.02446828969345
            ],
            [
              116.34485524602174,
              40.02446637231653
            ],
            [
              116.34491443979769,
              40.02445996348895
            ],
            [
              116.34497253143431,
              40.024449124932396
            ],
            [
              116.34502896146684,
              40.02443396103002
            ],
            [
              116.34508318643392,
              40.024414617821215
            ],
            [
              116.34513468411185,
              40.024391281595015
            ],
            [
              116.34518295854402,
              40.0243641770959
            ],
            [
              116.34522754481752,
              40.0243335653592
            ],
            [
              116.34526801354077,
              40.02429974119713
            ],
            [
              116.34530397497868,
              40.024263030359336
            ],
            [
              116.34533508280603,
              40.02422378639554
            ],
            [
              116.3453610374428,
              40.02418238725059
            ],
            [
              116.34538158893882,
              40.02413923162445
            ],
            [
              116.34539653938089,
              40.02409473513234
            ],
            [
              116.34540574479827,
              40.02404932630202
            ],
            [
              116.34540911654891,
              40.024003442446855
            ],
            [
              116.34540662217272,
              40.023957525454
            ]
          ]
        ]
      }
    },
    {
      "type": "Feature",
      "id": "PS-11",
      "properties": {
        "id": "PS-11",
        "layer": "PUBLIC_SPACE",
        "source_type": "agent_generated_design",
        "confidence": "medium",
        "geometry_role": "design_proposal",
        "name_zh": "双门复核与人工申诉台",
        "name_en": "Dual-Gate Review and Human Appeal Desk",
        "public_space_type": "public_interface",
        "scenario_ids": [
          "SC11"
        ],
        "dual_gate_record_id": "DG-11",
        "zone": "middle",
        "land_use_code": "1403",
        "area_sqm": 4529.176,
        "reversibility": "required",
        "ai_off_path": true
      },
      "geometry": {
        "type": "Polygon",
        "coordinates": [
          [
            [
              116.34804309778615,
              39.99276894871544
            ],
            [
              116.3480370070354,
              39.99273569289636
            ],
            [
              116.3480267076795,
              39.992703056397055
            ],
            [
              116.3480122989125,
              39.99267135352383
            ],
            [
              116.3479939195036,
              39.992640889591236
            ],
            [
              116.3479717464607,
              39.992611957981794
            ],
            [
              116.34794599332537,
              39.99258483732069
            ],
            [
              116.34791690811639,
              39.992559788792434
            ],
            [
              116.34788477094101,
              39.99253705362569
            ],
            [
              116.34784989129726,
              39.992516850770166
            ],
            [
              116.34781260509357,
              39.9924993747881
            ],
            [
              116.34777327141364,
              39.99248479398062
            ],
            [
              116.34773226905844,
              39.99247324876697
            ],
            [
              116.34768999289834,
              39.992464850332304
            ],
            [
              116.3476468500704,
              39.992459679556916
            ],
            [
              116.34760325605771,
              39.99245778623745
            ],
            [
              116.3475596306882,
              39.99245918860728
            ],
            [
              116.34751639409178,
              39.99246387316097
            ],
            [
              116.34747396265446,
              39.992471794784315
            ],
            [
              116.34743274500859,
              39.99248287718879
            ],
            [
              116.34739313809766,
              39.99249701364626
            ],
            [
              116.3473555233538,
              39.992514068016646
            ],
            [
              116.34732026302447,
              39.99253387605915
            ],
            [
              116.34728769668394,
              39.99255624701371
            ],
            [
              116.34725813796308,
              39.99258096543818
            ],
            [
              116.34723187152903,
              39.99260779328301
            ],
            [
              116.34720915034355,
              39.99263647218367
            ],
            [
              116.34719019322687,
              39.99266672594884
            ],
            [
              116.34717518275026,
              39.99269826322007
            ],
            [
              116.34716426347761,
              39.99273078027783
            ],
            [
              116.34715754057284,
              39.99276396396624
            ],
            [
              116.34715507878724,
              39.992797494709016
            ],
            [
              116.34715690183533,
              39.99283104958712
            ],
            [
              116.34716299216642,
              39.99286430544855
            ],
            [
              116.3471732911333,
              39.992896942020586
            ],
            [
              116.34718769955695,
              39.99292864499416
            ],
            [
              116.34720607868128,
              39.99295910905084
            ],
            [
              116.3472282515094,
              39.992988040803326
            ],
            [
              116.34725400450793,
              39.99301516162099
            ],
            [
              116.34728308966338,
              39.99304021031326
            ],
            [
              116.3473152268706,
              39.99306294564516
            ],
            [
              116.34735010663023,
              39.99308314866066
            ],
            [
              116.34738739302945,
              39.993100624791374
            ],
            [
              116.34742672697706,
              39.99311520573044
            ],
            [
              116.34746772966176,
              39.99312675105358
            ],
            [
              116.34751000620055,
              39.99313514957143
            ],
            [
              116.34755314944181,
              39.99314032040048
            ],
            [
              116.34759674388657,
              39.99314221374205
            ],
            [
              116.34764036969032,
              39.9931408113619
            ],
            [
              116.3476836067064,
              39.99313612676586
            ],
            [
              116.3477260385327,
              39.99312820506977
            ],
            [
              116.34776725652195,
              39.993117122564946
            ],
            [
              116.3478068637174,
              39.993102985983406
            ],
            [
              116.34784447867604,
              39.99308593146994
            ],
            [
              116.34787973914219,
              39.9930661232709
            ],
            [
              116.34791230553623,
              39.993043752152346
            ],
            [
              116.34794186422528,
              39.99301903356269
            ],
            [
              116.34796813054345,
              39.992992205557904
            ],
            [
              116.3479908515334,
              39.99296352650858
            ],
            [
              116.3480098083824,
              39.99293327261183
            ],
            [
              116.34802481852948,
              39.9929017352311
            ],
            [
              116.34803573742346,
              39.99286921809016
            ],
            [
              116.34804245991488,
              39.992836034348095
            ],
            [
              116.34804492126841,
              39.9928025035832
            ],
            [
              116.34804309778615,
              39.99276894871544
            ]
          ]
        ]
      }
    },
    {
      "type": "Feature",
      "id": "PS-12",
      "properties": {
        "id": "PS-12",
        "layer": "PUBLIC_SPACE",
        "source_type": "agent_generated_design",
        "confidence": "medium",
        "geometry_role": "design_proposal",
        "name_zh": "退役与恢复演练",
        "name_en": "Retirement and Restoration Drill",
        "public_space_type": "industry_test",
        "scenario_ids": [
          "SC12"
        ],
        "dual_gate_record_id": "DG-12",
        "zone": "north",
        "land_use_code": "1403",
        "area_sqm": 8481.227,
        "reversibility": "required",
        "ai_off_path": true
      },
      "geometry": {
        "type": "Polygon",
        "coordinates": [
          [
            [
              116.35210660785229,
              40.02275749025212
            ],
            [
              116.35209826706023,
              40.02271198276536
            ],
            [
              116.35208416465089,
              40.02266732294625
            ],
            [
              116.3520644364487,
              40.02262394089128
            ],
            [
              116.3520392724563,
              40.022582254390635
            ],
            [
              116.35200891502436,
              40.02254266490476
            ],
            [
              116.35197365651736,
              40.02250555369819
            ],
            [
              116.3519338364977,
              40.02247127816791
            ],
            [
              116.35188983845534,
              40.022440168401566
            ],
            [
              116.35184208611463,
              40.02241252399879
            ],
            [
              116.35179103935361,
              40.02238861118593
            ],
            [
              116.3517371897752,
              40.02236866025249
            ],
            [
              116.35168105597305,
              40.02235286333326
            ],
            [
              116.35162317853745,
              40.02234137255829
            ],
            [
              116.35156411484951,
              40.02233429858775
            ],
            [
              116.3515044337137,
              40.022331709546414
            ],
            [
              116.35144470988028,
              40.02233363036758
            ],
            [
              116.35138551851071,
              40.022340042552955
            ],
            [
              116.35132742963891,
              40.02235088435083
            ],
            [
              116.35127100268197,
              40.02236605135072
            ],
            [
              116.35121678105303,
              40.02238539748888
            ],
            [
              116.35116528692834,
              40.02240873645473
            ],
            [
              116.35111701621872,
              40.022435843485134
            ],
            [
              116.35107243379372,
              40.02246645752882
            ],
            [
              116.35103196900509,
              40.02250028376022
            ],
            [
              116.3509960115517,
              40.02253699641871
            ],
            [
              116.3509649077266,
              40.02257624194561
            ],
            [
              116.35093895708194,
              40.022617642389086
            ],
            [
              116.35091840954382,
              40.022660799043756
            ],
            [
              116.35090346300515,
              40.02270529629042
            ],
            [
              116.35089426141954,
              40.02275070559851
            ],
            [
              116.35089089341442,
              40.02279658965301
            ],
            [
              116.35089339143718,
              40.022842506565986
            ],
            [
              116.35090173144225,
              40.02288801413219
            ],
            [
              116.35091583312214,
              40.022932674087734
            ],
            [
              116.35093556068047,
              40.02297605633086
            ],
            [
              116.35096072413933,
              40.02301774306418
            ],
            [
              116.35099108116856,
              40.023057332818276
            ],
            [
              116.35102633941915,
              40.02309444431832
            ],
            [
              116.35106615933857,
              40.023128720156045
            ],
            [
              116.35111015744069,
              40.023159830232
            ],
            [
              116.35115790999885,
              40.023187474934645
            ],
            [
              116.35120895712669,
              40.02321138802609
            ],
            [
              116.35126280720719,
              40.0232313392062
            ],
            [
              116.3513189416274,
              40.023247136330625
            ],
            [
              116.35137681977328,
              40.02325862726145
            ],
            [
              116.35143588423638,
              40.023265701332534
            ],
            [
              116.35149556618252,
              40.02326829041522
            ],
            [
              116.3515552908302,
              40.02326636957463
            ],
            [
              116.35161448298678,
              40.0232599573098
            ],
            [
              116.35167257258801,
              40.0232491153755
            ],
            [
              116.35172900018883,
              40.02323394818743
            ],
            [
              116.35178322235132,
              40.023214601816626
            ],
            [
              116.3518347168787,
              40.023191262582564
            ],
            [
              116.35188298784473,
              40.02316415525868
            ],
            [
              116.35192757036997,
              40.02313354090754
            ],
            [
              116.35196803509885,
              40.02309971436653
            ],
            [
              116.35200399233479,
              40.02306300140818
            ],
            [
              116.35203509579304,
              40.02302375560266
            ],
            [
              116.35206104593563,
              40.02298235491255
            ],
            [
              116.3520815928557,
              40.022939198052676
            ],
            [
              116.3520965386841,
              40.02289470065016
            ],
            [
              116.35210573949453,
              40.02284929124153
            ],
            [
              116.35210910668935,
              40.02280340714568
            ],
            [
              116.35210660785229,
              40.02275749025212
            ]
          ]
        ]
      }
    },
    {
      "type": "Feature",
      "id": "LM01",
      "properties": {
        "id": "LM01",
        "layer": "PUBLIC_SPACE",
        "source_type": "agent_generated_design",
        "confidence": "medium",
        "geometry_role": "design_proposal",
        "name_zh": "错误广场",
        "name_en": "ERROR SQUARE",
        "public_space_type": "ai_pilgrimage_landmark",
        "landmark_id": "LM01",
        "zone": "north",
        "land_use_code": "1403",
        "area_sqm": 15369.088,
        "conceptual_only": true,
        "meaning_zh": "公开技术错误、责任错误、生态错误，以及停止、修正和恢复。",
        "meaning_en": "Makes technical, accountability and ecological errors public, together with stopping, correction and restoration."
      },
      "geometry": {
        "type": "Polygon",
        "coordinates": [
          [
            [
              116.34901653726791,
              40.01834279741255
            ],
            [
              116.34900531271897,
              40.018281537015966
            ],
            [
              116.34898633260737,
              40.01822141750724
            ],
            [
              116.348959779741,
              40.01816301786651
            ],
            [
              116.34892590985525,
              40.018106900509395
            ],
            [
              116.3488850491496,
              40.01805360587059
            ],
            [
              116.34883759114547,
              40.01800364719962
            ],
            [
              116.34878399289606,
              40.017957505618156
            ],
            [
              116.34872477058444,
              40.01791562548683
            ],
            [
              116.34866049455229,
              40.0178784101261
            ],
            [
              116.34859178380727,
              40.017846217932444
            ],
            [
              116.34851930006181,
              40.01781935892697
            ],
            [
              116.34844374136095,
              40.017798091770196
            ],
            [
              116.34836583536016,
              40.01778262127109
            ],
            [
              116.34828633231825,
              40.01777309641495
            ],
            [
              116.34820599787281,
              40.017769608928724
            ],
            [
              116.34812560566728,
              40.01777219239772
            ],
            [
              116.34804592990133,
              40.01778082194225
            ],
            [
              116.34796773787559,
              40.017795414457126
            ],
            [
              116.34789178260303,
              40.01781582941202
            ],
            [
              116.34781879555757,
              40.0178418702047
            ],
            [
              116.3477494796305,
              40.0178732860541
            ],
            [
              116.34768450236153,
              40.01790977441546
            ],
            [
              116.34762448951064,
              40.017950983893535
            ],
            [
              116.34757001903175,
              40.017996517626585
            ],
            [
              116.34752161550688,
              40.018045937107935
            ],
            [
              116.34747974509413,
              40.01809876640877
            ],
            [
              116.34744481103805,
              40.01815449676131
            ],
            [
              116.34741714978576,
              40.018212591458266
            ],
            [
              116.34739702774637,
              40.01827249102127
            ],
            [
              116.34738463872463,
              40.018333618588855
            ],
            [
              116.34738010205383,
              40.018395385471784
            ],
            [
              116.34738346144576,
              40.01845719682224
            ],
            [
              116.34739468456884,
              40.01851845736268
            ],
            [
              116.3474136633588,
              40.01857857711852
            ],
            [
              116.34744021505854,
              40.018636977100066
            ],
            [
              116.3474740839775,
              40.01869309487868
            ],
            [
              116.3475149439534,
              40.0187463900034
            ],
            [
              116.34756240149281,
              40.01879634920607
            ],
            [
              116.3476159995604,
              40.018842491344564
            ],
            [
              116.3476752219801,
              40.01888437203688
            ],
            [
              116.34773949840609,
              40.01892158794094
            ],
            [
              116.34780820981554,
              40.01895378063946
            ],
            [
              116.34788069447048,
              40.01898064009185
            ],
            [
              116.34795625429095,
              40.019001907620485
            ],
            [
              116.34803416157847,
              40.01901737840208
            ],
            [
              116.34811366602473,
              40.01902690344047
            ],
            [
              116.3481940019382,
              40.01903039100173
            ],
            [
              116.34827439561903,
              40.01902780749764
            ],
            [
              116.34835407281085,
              40.019019177809255
            ],
            [
              116.34843226615823,
              40.019004585047284
            ],
            [
              116.34850822259742,
              40.018984169751555
            ],
            [
              116.34858121060964,
              40.01895812853741
            ],
            [
              116.3486505272665,
              40.018926712202074
            ],
            [
              116.34871550500017,
              40.01889022330903
            ],
            [
              116.34877551803288,
              40.0188490132739
            ],
            [
              116.3488299884037,
              40.018803478979876
            ],
            [
              116.34887839153474,
              40.01875405895519
            ],
            [
              116.34892026128304,
              40.018701229149514
            ],
            [
              116.34895519442965,
              40.01864549835003
            ],
            [
              116.34898285456234,
              40.01858740328122
            ],
            [
              116.34900297531502,
              40.018527503435735
            ],
            [
              116.34901536293236,
              40.01846637568588
            ],
            [
              116.34901989813514,
              40.01840460872794
            ],
            [
              116.34901653726791,
              40.01834279741255
            ]
          ]
        ]
      }
    },
    {
      "type": "Feature",
      "id": "LM02",
      "properties": {
        "id": "LM02",
        "layer": "PUBLIC_SPACE",
        "source_type": "agent_generated_design",
        "confidence": "medium",
        "geometry_role": "design_proposal",
        "name_zh": "微扰日常居",
        "name_en": "LOW-INTERFERENCE EVERYDAY HOME",
        "public_space_type": "ai_pilgrimage_landmark",
        "landmark_id": "LM02",
        "zone": "middle",
        "land_use_code": "1403",
        "area_sqm": 15369.088,
        "conceptual_only": true,
        "meaning_zh": "让智能退入背景，把注意力、身体和感官还给真实世界。",
        "meaning_en": "Moves intelligence into the background and returns attention, bodies and senses to the real world."
      },
      "geometry": {
        "type": "Polygon",
        "coordinates": [
          [
            [
              116.34801618987264,
              39.9891428013891
            ],
            [
              116.3480049706465,
              39.98908154063354
            ],
            [
              116.347985999152,
              39.98902142073094
            ],
            [
              116.34795945811398,
              39.9889630206653
            ],
            [
              116.34792560315395,
              39.988906902856264
            ],
            [
              116.34788476032755,
              39.98885360774296
            ],
            [
              116.34783732298405,
              39.98880364857947
            ],
            [
              116.34778374797766,
              39.98875750649218
            ],
            [
              116.3477245512676,
              39.98871562584662
            ],
            [
              116.34766030294898,
              39.98867840996824
            ],
            [
              116.34759162176259,
              39.98864621725848
            ],
            [
              116.34751916913625,
              39.98861935774343
            ],
            [
              116.34744364281525,
              39.98859809008854
            ],
            [
              116.34736577014328,
              39.98858261910753
            ],
            [
              116.34728630105822,
              39.988573093790386
            ],
            [
              116.34720600087064,
              39.9885696058685
            ],
            [
              116.34712564289411,
              39.98857218893137
            ],
            [
              116.34704600099866,
              39.988580818103195
            ],
            [
              116.3469678421588,
              39.98859541028241
            ],
            [
              116.34689191906784,
              39.98861582494189
            ],
            [
              116.34681896288996,
              39.98864186548222
            ],
            [
              116.34674967621903,
              39.98867328112482
            ],
            [
              116.34668472631313,
              39.988709769326874
            ],
            [
              116.34662473866865,
              39.988750978694675
            ],
            [
              116.34657029099682,
              39.988796512367536
            ],
            [
              116.34652190766003,
              39.98884593183933
            ],
            [
              116.34648005462186,
              39.98889876118135
            ],
            [
              116.3464451349596,
              39.98895449162542
            ],
            [
              116.34641748498169,
              39.98901258646333
            ],
            [
              116.34639737098861,
              39.9890724862154
            ],
            [
              116.34638498670769,
              39.98913361401828
            ],
            [
              116.34638045142646,
              39.9891953811805
            ],
            [
              116.34638380884329,
              39.98925719285157
            ],
            [
              116.3463950266456,
              39.9893184537508
            ],
            [
              116.34641399682037,
              39.98937857390018
            ],
            [
              116.34644053669342,
              39.98943697430629
            ],
            [
              116.34647439068803,
              39.98949309253632
            ],
            [
              116.34651523278566,
              39.98954638813503
            ],
            [
              116.34656266966506,
              39.98959634782966
            ],
            [
              116.34661624448984,
              39.9896424904734
            ],
            [
              116.34667544130777,
              39.98968437167935
            ],
            [
              116.34673969001955,
              39.98972158810053
            ],
            [
              116.34680837186934,
              39.98975378131464
            ],
            [
              116.3468808254038,
              39.989780641276184
            ],
            [
              116.34695635284277,
              39.98980190930259
            ],
            [
              116.34703422679952,
              39.989817380565825
            ],
            [
              116.34711369728687,
              39.989826906065055
            ],
            [
              116.34719399894036,
              39.989830394061954
            ],
            [
              116.34727435839004,
              39.989827810964066
            ],
            [
              116.34735400170929,
              39.98981918164858
            ],
            [
              116.3474321618689,
              39.98980458922258
            ],
            [
              116.3475080861248,
              39.989784174222656
            ],
            [
              116.34758104326814,
              39.9897581332613
            ],
            [
              116.3476503306678,
              39.989726717133294
            ],
            [
              116.34771528103782,
              39.98969022840012
            ],
            [
              116.34777526886388,
              39.989649018475845
            ],
            [
              116.34782971642787,
              39.9896034842426
            ],
            [
              116.34787809937148,
              39.98955406422801
            ],
            [
              116.34791995174623,
              39.989501234381656
            ],
            [
              116.3479548705004,
              39.98944550349108
            ],
            [
              116.34798251936039,
              39.98938740828166
            ],
            [
              116.34800263206863,
              39.98932750824738
            ],
            [
              116.34801501494726,
              39.989266380262386
            ],
            [
              116.3480195487626,
              39.989204613025166
            ],
            [
              116.34801618987264,
              39.9891428013891
            ]
          ]
        ]
      }
    },
    {
      "type": "Feature",
      "id": "LM03",
      "properties": {
        "id": "LM03",
        "layer": "PUBLIC_SPACE",
        "source_type": "agent_generated_design",
        "confidence": "medium",
        "geometry_role": "design_proposal",
        "name_zh": "相成门槛",
        "name_en": "COEVOLUTION THRESHOLD",
        "public_space_type": "ai_pilgrimage_landmark",
        "landmark_id": "LM03",
        "zone": "south",
        "land_use_code": "1403",
        "area_sqm": 15369.088,
        "conceptual_only": true,
        "meaning_zh": "生命史与智能史的公众复核场、城市接口博物馆和相成实验室。",
        "meaning_en": "A public review space for life and intelligence history, an urban-interface museum and a coevolution laboratory."
      },
      "geometry": {
        "type": "Polygon",
        "coordinates": [
          [
            [
              116.34961568052111,
              39.94644278561973
            ],
            [
              116.34960446632743,
              39.94638152461379
            ],
            [
              116.34958550472214,
              39.94632140461506
            ],
            [
              116.34955897833488,
              39.94626300460845
            ],
            [
              116.34952514264593,
              39.946206887013076
            ],
            [
              116.34948432352542,
              39.94615359226597
            ],
            [
              116.34943691409421,
              39.946103633617724
            ],
            [
              116.34938337093776,
              39.94605749218979
            ],
            [
              116.34932420970846,
              39.946015612341334
            ],
            [
              116.3492600001598,
              39.94597839739015
            ],
            [
              116.34919136065918,
              39.94594620572875
            ],
            [
              116.34911895223294,
              39.94591934737316
            ],
            [
              116.34904347220082,
              39.94589808097765
            ],
            [
              116.34896564746067,
              39.94588261134386
            ],
            [
              116.34888622748885,
              39.945873087448774
            ],
            [
              116.34880597712296,
              39.94586960101009
            ],
            [
              116.34872566919681,
              39.94587218560304
            ],
            [
              116.34864607709845,
              39.94588081633708
            ],
            [
              116.34856796732291,
              39.9458954100956
            ],
            [
              116.34849209209098,
              39.94591582633626
            ],
            [
              116.34841918210594,
              39.94594186844443
            ],
            [
              116.3483499395169,
              39.94597328562638
            ],
            [
              116.34828503115737,
              39.94600977532447
            ],
            [
              116.34822508212372,
              39.946050986130615
            ],
            [
              116.34817066975526,
              39.94609652117021
            ],
            [
              116.34812231807439,
              39.94614594192398
            ],
            [
              116.34808049273988,
              39.946198772450856
            ],
            [
              116.34804559656213,
              39.94625450397125
            ],
            [
              116.34801796562344,
              39.946312599766564
            ],
            [
              116.3479978660409,
              39.94637250034788
            ],
            [
              116.34798549140297,
              39.94643362884389
            ],
            [
              116.34798096090428,
              39.946495396556394
            ],
            [
              116.34798431819712,
              39.94655720862965
            ],
            [
              116.34799553097007,
              39.946618469779075
            ],
            [
              116.34801449125845,
              39.94667859002424
            ],
            [
              116.3480410164833,
              39.946736990370816
            ],
            [
              116.3480748512089,
              39.94679310838658
            ],
            [
              116.3481156696023,
              39.94684640361836
            ],
            [
              116.34816307857047,
              39.94689636279695
            ],
            [
              116.34821662154579,
              39.9469425047805
            ],
            [
              116.34827578288277,
              39.94698438518849
            ],
            [
              116.34833999282384,
              39.947021600681644
            ],
            [
              116.34840863298652,
              39.947053792846596
            ],
            [
              116.348481042319,
              39.94708065164799
            ],
            [
              116.34855652346674,
              39.94710191841442
            ],
            [
              116.34863434948898,
              39.94711738832998
            ],
            [
              116.34871377086014,
              39.94712691240688
            ],
            [
              116.3487940226888,
              39.94713039892041
            ],
            [
              116.34887433208496,
              39.94712781429248
            ],
            [
              116.34895392560405,
              39.947119183414955
            ],
            [
              116.3490320366965,
              39.94710458940999
            ],
            [
              116.34910791309086,
              39.94708417282938
            ],
            [
              116.34918082403921,
              39.94705813030082
            ],
            [
              116.3492500673554,
              39.94702671263419
            ],
            [
              116.34931497617795,
              39.94699022240575
            ],
            [
              116.34937492539278,
              39.946949011044005
            ],
            [
              116.34942933765353,
              39.94690347544486
            ],
            [
              116.34947768894199,
              39.94685405414913
            ],
            [
              116.34951951361441,
              39.94680122311869
            ],
            [
              116.34955440888594,
              39.9467454911525
            ],
            [
              116.34958203870902,
              39.94668739498626
            ],
            [
              116.34960213700946,
              39.94662749412318
            ],
            [
              116.34961451024809,
              39.94656636544536
            ],
            [
              116.34961903928398,
              39.946504597658
            ],
            [
              116.34961568052111,
              39.94644278561973
            ]
          ]
        ]
      }
    }
  ],
  "metadata": {
    "public_space_system": "civic_ai_dual_gate_and_living_ground_interfaces"
  }
}
