{"type":"FeatureCollection","name":"buildings","features":[{"type":"Feature","id":"BLDG-001","properties":{"id":"BLDG-001","layer":"BUILDING_FOOTPRINT","building_type":"ai_r_and_d","name_zh":"混合功能概念体量","source_type":"agent_generated_design","confidence":"low","geometry_role":"design_proposal","area_sqm_declared":1979.8,"note_zh":"概念体量示意，非建筑方案或拆改留结论"},"geometry":{"type":"Polygon","coordinates":[[[116.343309,39.939173],[116.343305,39.939524],[116.342711,39.939521],[116.342714,39.93917],[116.343309,39.939173]]]}},{"type":"Feature","id":"BLDG-002","properties":{"id":"BLDG-002","layer":"BUILDING_FOOTPRINT","building_type":"ai_r_and_d","name_zh":"混合功能概念体量","source_type":"agent_generated_design","confidence":"low","geometry_role":"design_proposal","area_sqm_declared":2501.2,"note_zh":"概念体量示意，非建筑方案或拆改留结论"},"geometry":{"type":"Polygon","coordinates":[[[116.341574,39.939424],[116.34157,39.93986],[116.340966,39.939857],[116.34097,39.939421],[116.341574,39.939424]]]}},{"type":"Feature","id":"BLDG-003","properties":{"id":"BLDG-003","layer":"BUILDING_FOOTPRINT","building_type":"ai_r_and_d","name_zh":"混合功能概念体量","source_type":"agent_generated_design","confidence":"low","geometry_role":"design_proposal","area_sqm_declared":3654.4,"note_zh":"概念体量示意，非建筑方案或拆改留结论"},"geometry":{"type":"Polygon","coordinates":[[[116.34275,39.940607],[116.342746,39.940982],[116.341721,39.940977],[116.341724,39.940601],[116.34275,39.940607]]]}},{"type":"Feature","id":"BLDG-004","properties":{"id":"BLDG-004","layer":"BUILDING_FOOTPRINT","building_type":"ai_r_and_d","name_zh":"混合功能概念体量","source_type":"agent_generated_design","confidence":"low","geometry_role":"design_proposal","area_sqm_declared":2952.0,"note_zh":"概念体量示意，非建筑方案或拆改留结论"},"geometry":{"type":"Polygon","coordinates":[[[116.34414,39.940739],[116.344137,39.941093],[116.343257,39.941088],[116.343261,39.940734],[116.34414,39.940739]]]}},{"type":"Feature","id":"BLDG-005","properties":{"id":"BLDG-005","layer":"BUILDING_FOOTPRINT","building_type":"ai_r_and_d","name_zh":"混合功能概念体量","source_type":"agent_generated_design","confidence":"low","geometry_role":"design_proposal","area_sqm_declared":2590.9,"note_zh":"概念体量示意，非建筑方案或拆改留结论"},"geometry":{"type":"Polygon","coordinates":[[[116.343056,39.939954],[116.343053,39.940232],[116.34207,39.940226],[116.342073,39.939949],[116.343056,39.939954]]]}},{"type":"Feature","id":"BLDG-006","properties":{"id":"BLDG-006","layer":"BUILDING_FOOTPRINT","building_type":"ai_r_and_d","name_zh":"混合功能概念体量","source_type":"agent_generated_design","confidence":"low","geometry_role":"design_proposal","area_sqm_declared":2443.4,"note_zh":"概念体量示意，非建筑方案或拆改留结论"},"geometry":{"type":"Polygon","coordinates":[[[116.344427,39.939775],[116.344425,39.940067],[116.343544,39.940062],[116.343546,39.93977],[116.344427,39.939775]]]}},{"type":"Feature","id":"BLDG-007","properties":{"id":"BLDG-007","layer":"BUILDING_FOOTPRINT","building_type":"ai_r_and_d","name_zh":"混合功能概念体量","source_type":"agent_generated_design","confidence":"low","geometry_role":"design_proposal","area_sqm_declared":3717.7,"note_zh":"概念体量示意，非建筑方案或拆改留结论"},"geometry":{"type":"Polygon","coordinates":[[[116.342656,39.939114],[116.342652,39.939504],[116.341649,39.939499],[116.341653,39.939108],[116.342656,39.939114]]]}},{"type":"Feature","id":"BLDG-008","properties":{"id":"BLDG-008","layer":"BUILDING_FOOTPRINT","building_type":"ai_r_and_d","name_zh":"混合功能概念体量","source_type":"agent_generated_design","confidence":"low","geometry_role":"design_proposal","area_sqm_declared":2528.3,"note_zh":"概念体量示意，非建筑方案或拆改留结论"},"geometry":{"type":"Polygon","coordinates":[[[116.341688,39.940904],[116.341685,39.941195],[116.340769,39.94119],[116.340772,39.940899],[116.341688,39.940904]]]}},{"type":"Feature","id":"BLDG-009","properties":{"id":"BLDG-009","layer":"BUILDING_FOOTPRINT","building_type":"ai_r_and_d","name_zh":"混合功能概念体量","source_type":"agent_generated_design","confidence":"low","geometry_role":"design_proposal","area_sqm_declared":2803.8,"note_zh":"概念体量示意，非建筑方案或拆改留结论"},"geometry":{"type":"Polygon","coordinates":[[[116.344445,39.940069],[116.34444,39.940515],[116.343778,39.940511],[116.343782,39.940065],[116.344445,39.940069]]]}},{"type":"Feature","id":"BLDG-010","properties":{"id":"BLDG-010","layer":"BUILDING_FOOTPRINT","building_type":"ai_r_and_d","name_zh":"混合功能概念体量","source_type":"agent_generated_design","confidence":"low","geometry_role":"design_proposal","area_sqm_declared":2278.3,"note_zh":"概念体量示意，非建筑方案或拆改留结论"},"geometry":{"type":"Polygon","coordinates":[[[116.342678,39.939619],[116.342676,39.939878],[116.34175,39.939873],[116.341752,39.939614],[116.342678,39.939619]]]}},{"type":"Feature","id":"BLDG-011","properties":{"id":"BLDG-011","layer":"BUILDING_FOOTPRINT","building_type":"ai_r_and_d","name_zh":"混合功能概念体量","source_type":"agent_generated_design","confidence":"low","geometry_role":"design_proposal","area_sqm_declared":2250.9,"note_zh":"概念体量示意，非建筑方案或拆改留结论"},"geometry":{"type":"Polygon","coordinates":[[[116.343401,39.93953],[116.343397,39.939955],[116.342839,39.939952],[116.342843,39.939527],[116.343401,39.93953]]]}},{"type":"Feature","id":"BLDG-012","properties":{"id":"BLDG-012","layer":"BUILDING_FOOTPRINT","building_type":"ai_r_and_d","name_zh":"混合功能概念体量","source_type":"agent_generated_design","confidence":"low","geometry_role":"design_proposal","area_sqm_declared":1427.2,"note_zh":"概念体量示意，非建筑方案或拆改留结论"},"geometry":{"type":"Polygon","coordinates":[[[116.343116,39.941036],[116.343113,39.941311],[116.342566,39.941308],[116.342569,39.941033],[116.343116,39.941036]]]}},{"type":"Feature","id":"BLDG-013","properties":{"id":"BLDG-013","layer":"BUILDING_FOOTPRINT","building_type":"ai_r_and_d","name_zh":"混合功能概念体量","source_type":"agent_generated_design","confidence":"low","geometry_role":"design_proposal","area_sqm_declared":2171.8,"note_zh":"概念体量示意，非建筑方案或拆改留结论"},"geometry":{"type":"Polygon","coordinates":[[[116.344173,39.957409],[116.34417,39.95774],[116.343477,39.957736],[116.34348,39.957405],[116.344173,39.957409]]]}},{"type":"Feature","id":"BLDG-014","properties":{"id":"BLDG-014","layer":"BUILDING_FOOTPRINT","building_type":"ai_r_and_d","name_zh":"混合功能概念体量","source_type":"agent_generated_design","confidence":"low","geometry_role":"design_proposal","area_sqm_declared":1972.4,"note_zh":"概念体量示意，非建筑方案或拆改留结论"},"geometry":{"type":"Polygon","coordinates":[[[116.344272,39.959817],[116.344269,39.96018],[116.343697,39.960177],[116.3437,39.959814],[116.344272,39.959817]]]}},{"type":"Feature","id":"BLDG-015","properties":{"id":"BLDG-015","layer":"BUILDING_FOOTPRINT","building_type":"ai_r_and_d","name_zh":"混合功能概念体量","source_type":"agent_generated_design","confidence":"low","geometry_role":"design_proposal","area_sqm_declared":2254.7,"note_zh":"概念体量示意，非建筑方案或拆改留结论"},"geometry":{"type":"Polygon","coordinates":[[[116.343875,39.959178],[116.343872,39.959444],[116.342977,39.959439],[116.342979,39.959173],[116.343875,39.959178]]]}},{"type":"Feature","id":"BLDG-016","properties":{"id":"BLDG-016","layer":"BUILDING_FOOTPRINT","building_type":"ai_r_and_d","name_zh":"混合功能概念体量","source_type":"agent_generated_design","confidence":"low","geometry_role":"design_proposal","area_sqm_declared":3534.5,"note_zh":"概念体量示意，非建筑方案或拆改留结论"},"geometry":{"type":"Polygon","coordinates":[[[116.343727,39.95783],[116.343723,39.958242],[116.342818,39.958237],[116.342822,39.957825],[116.343727,39.95783]]]}},{"type":"Feature","id":"BLDG-017","properties":{"id":"BLDG-017","layer":"BUILDING_FOOTPRINT","building_type":"ai_r_and_d","name_zh":"混合功能概念体量","source_type":"agent_generated_design","confidence":"low","geometry_role":"design_proposal","area_sqm_declared":3646.9,"note_zh":"概念体量示意，非建筑方案或拆改留结论"},"geometry":{"type":"Polygon","coordinates":[[[116.343703,39.958737],[116.3437,39.959125],[116.342711,39.95912],[116.342715,39.958731],[116.343703,39.958737]]]}},{"type":"Feature","id":"BLDG-018","properties":{"id":"BLDG-018","layer":"BUILDING_FOOTPRINT","building_type":"ai_r_and_d","name_zh":"混合功能概念体量","source_type":"agent_generated_design","confidence":"low","geometry_role":"design_proposal","area_sqm_declared":3213.5,"note_zh":"概念体量示意，非建筑方案或拆改留结论"},"geometry":{"type":"Polygon","coordinates":[[[116.343471,39.959469],[116.343467,39.959882],[116.342648,39.959878],[116.342652,39.959464],[116.343471,39.959469]]]}},{"type":"Feature","id":"BLDG-019","properties":{"id":"BLDG-019","layer":"BUILDING_FOOTPRINT","building_type":"ai_r_and_d","name_zh":"混合功能概念体量","source_type":"agent_generated_design","confidence":"low","geometry_role":"design_proposal","area_sqm_declared":1310.1,"note_zh":"概念体量示意，非建筑方案或拆改留结论"},"geometry":{"type":"Polygon","coordinates":[[[116.3429,39.961379],[116.342897,39.961637],[116.342361,39.961634],[116.342364,39.961376],[116.3429,39.961379]]]}},{"type":"Feature","id":"BLDG-020","properties":{"id":"BLDG-020","layer":"BUILDING_FOOTPRINT","building_type":"ai_r_and_d","name_zh":"混合功能概念体量","source_type":"agent_generated_design","confidence":"low","geometry_role":"design_proposal","area_sqm_declared":1479.7,"note_zh":"概念体量示意，非建筑方案或拆改留结论"},"geometry":{"type":"Polygon","coordinates":[[[116.342089,39.961704],[116.342087,39.961982],[116.341525,39.961979],[116.341527,39.961701],[116.342089,39.961704]]]}},{"type":"Feature","id":"BLDG-021","properties":{"id":"BLDG-021","layer":"BUILDING_FOOTPRINT","building_type":"ai_r_and_d","name_zh":"混合功能概念体量","source_type":"agent_generated_design","confidence":"low","geometry_role":"design_proposal","area_sqm_declared":1817.9,"note_zh":"概念体量示意，非建筑方案或拆改留结论"},"geometry":{"type":"Polygon","coordinates":[[[116.342823,39.962595],[116.34282,39.962857],[116.34209,39.962853],[116.342092,39.962591],[116.342823,39.962595]]]}},{"type":"Feature","id":"BLDG-022","properties":{"id":"BLDG-022","layer":"BUILDING_FOOTPRINT","building_type":"ai_r_and_d","name_zh":"混合功能概念体量","source_type":"agent_generated_design","confidence":"low","geometry_role":"design_proposal","area_sqm_declared":2124.0,"note_zh":"概念体量示意，非建筑方案或拆改留结论"},"geometry":{"type":"Polygon","coordinates":[[[116.344062,39.962959],[116.344059,39.963253],[116.3433,39.963249],[116.343302,39.962954],[116.344062,39.962959]]]}},{"type":"Feature","id":"BLDG-023","properties":{"id":"BLDG-023","layer":"BUILDING_FOOTPRINT","building_type":"ai_r_and_d","name_zh":"混合功能概念体量","source_type":"agent_generated_design","confidence":"low","geometry_role":"design_proposal","area_sqm_declared":4028.0,"note_zh":"概念体量示意，非建筑方案或拆改留结论"},"geometry":{"type":"Polygon","coordinates":[[[116.344316,39.961008],[116.344312,39.961423],[116.343288,39.961417],[116.343292,39.961002],[116.344316,39.961008]]]}},{"type":"Feature","id":"BLDG-024","properties":{"id":"BLDG-024","layer":"BUILDING_FOOTPRINT","building_type":"ai_r_and_d","name_zh":"混合功能概念体量","source_type":"agent_generated_design","confidence":"low","geometry_role":"design_proposal","area_sqm_declared":2796.0,"note_zh":"概念体量示意，非建筑方案或拆改留结论"},"geometry":{"type":"Polygon","coordinates":[[[116.341944,39.963179],[116.34194,39.963512],[116.341054,39.963507],[116.341057,39.963174],[116.341944,39.963179]]]}},{"type":"Feature","id":"BLDG-025","properties":{"id":"BLDG-025","layer":"BUILDING_FOOTPRINT","building_type":"ai_r_and_d","name_zh":"混合功能概念体量","source_type":"agent_generated_design","confidence":"low","geometry_role":"design_proposal","area_sqm_declared":2738.0,"note_zh":"概念体量示意，非建筑方案或拆改留结论"},"geometry":{"type":"Polygon","coordinates":[[[116.343431,39.963511],[116.343427,39.963859],[116.342598,39.963854],[116.342601,39.963506],[116.343431,39.963511]]]}},{"type":"Feature","id":"BLDG-026","properties":{"id":"BLDG-026","layer":"BUILDING_FOOTPRINT","building_type":"ai_r_and_d","name_zh":"混合功能概念体量","source_type":"agent_generated_design","confidence":"low","geometry_role":"design_proposal","area_sqm_declared":2509.3,"note_zh":"概念体量示意，非建筑方案或拆改留结论"},"geometry":{"type":"Polygon","coordinates":[[[116.343007,39.962195],[116.343004,39.962575],[116.342307,39.962571],[116.34231,39.962191],[116.343007,39.962195]]]}},{"type":"Feature","id":"BLDG-027","properties":{"id":"BLDG-027","layer":"BUILDING_FOOTPRINT","building_type":"ai_r_and_d","name_zh":"混合功能概念体量","source_type":"agent_generated_design","confidence":"low","geometry_role":"design_proposal","area_sqm_declared":3069.3,"note_zh":"概念体量示意，非建筑方案或拆改留结论"},"geometry":{"type":"Polygon","coordinates":[[[116.344124,39.962486],[116.344121,39.962801],[116.343092,39.962795],[116.343095,39.962481],[116.344124,39.962486]]]}},{"type":"Feature","id":"BLDG-028","properties":{"id":"BLDG-028","layer":"BUILDING_FOOTPRINT","building_type":"ai_r_and_d","name_zh":"混合功能概念体量","source_type":"agent_generated_design","confidence":"low","geometry_role":"design_proposal","area_sqm_declared":1470.9,"note_zh":"概念体量示意，非建筑方案或拆改留结论"},"geometry":{"type":"Polygon","coordinates":[[[116.344157,39.9618],[116.344155,39.962056],[116.343549,39.962053],[116.343551,39.961797],[116.344157,39.9618]]]}},{"type":"Feature","id":"BLDG-029","properties":{"id":"BLDG-029","layer":"BUILDING_FOOTPRINT","building_type":"ai_r_and_d","name_zh":"混合功能概念体量","source_type":"agent_generated_design","confidence":"low","geometry_role":"design_proposal","area_sqm_declared":1914.2,"note_zh":"概念体量示意，非建筑方案或拆改留结论"},"geometry":{"type":"Polygon","coordinates":[[[116.341939,39.962414],[116.341936,39.962727],[116.341292,39.962724],[116.341295,39.96241],[116.341939,39.962414]]]}},{"type":"Feature","id":"BLDG-030","properties":{"id":"BLDG-030","layer":"BUILDING_FOOTPRINT","building_type":"ai_r_and_d","name_zh":"混合功能概念体量","source_type":"agent_generated_design","confidence":"low","geometry_role":"design_proposal","area_sqm_declared":2204.0,"note_zh":"概念体量示意，非建筑方案或拆改留结论"},"geometry":{"type":"Polygon","coordinates":[[[116.343245,39.963081],[116.343242,39.963436],[116.342587,39.963432],[116.342591,39.963077],[116.343245,39.963081]]]}},{"type":"Feature","id":"BLDG-031","properties":{"id":"BLDG-031","layer":"BUILDING_FOOTPRINT","building_type":"mixed_use","name_zh":"混合功能概念体量","source_type":"agent_generated_design","confidence":"low","geometry_role":"design_proposal","area_sqm_declared":4271.1,"note_zh":"概念体量示意，非建筑方案或拆改留结论"},"geometry":{"type":"Polygon","coordinates":[[[116.343016,39.966611],[116.343011,39.967043],[116.341968,39.967037],[116.341972,39.966605],[116.343016,39.966611]]]}},{"type":"Feature","id":"BLDG-032","properties":{"id":"BLDG-032","layer":"BUILDING_FOOTPRINT","building_type":"mixed_use","name_zh":"混合功能概念体量","source_type":"agent_generated_design","confidence":"low","geometry_role":"design_proposal","area_sqm_declared":2174.0,"note_zh":"概念体量示意，非建筑方案或拆改留结论"},"geometry":{"type":"Polygon","coordinates":[[[116.343142,39.967111],[116.343139,39.967371],[116.342259,39.967366],[116.342262,39.967106],[116.343142,39.967111]]]}},{"type":"Feature","id":"BLDG-033","properties":{"id":"BLDG-033","layer":"BUILDING_FOOTPRINT","building_type":"mixed_use","name_zh":"混合功能概念体量","source_type":"agent_generated_design","confidence":"low","geometry_role":"design_proposal","area_sqm_declared":2480.6,"note_zh":"概念体量示意，非建筑方案或拆改留结论"},"geometry":{"type":"Polygon","coordinates":[[[116.34383,39.966413],[116.343827,39.966789],[116.343131,39.966785],[116.343135,39.966409],[116.34383,39.966413]]]}},{"type":"Feature","id":"BLDG-034","properties":{"id":"BLDG-034","layer":"BUILDING_FOOTPRINT","building_type":"mixed_use","name_zh":"混合功能概念体量","source_type":"agent_generated_design","confidence":"low","geometry_role":"design_proposal","area_sqm_declared":3421.5,"note_zh":"概念体量示意，非建筑方案或拆改留结论"},"geometry":{"type":"Polygon","coordinates":[[[116.343306,39.965148],[116.343302,39.965589],[116.342485,39.965584],[116.342489,39.965143],[116.343306,39.965148]]]}},{"type":"Feature","id":"BLDG-035","properties":{"id":"BLDG-035","layer":"BUILDING_FOOTPRINT","building_type":"mixed_use","name_zh":"混合功能概念体量","source_type":"agent_generated_design","confidence":"low","geometry_role":"design_proposal","area_sqm_declared":1887.3,"note_zh":"概念体量示意，非建筑方案或拆改留结论"},"geometry":{"type":"Polygon","coordinates":[[[116.342415,39.965678],[116.342412,39.966019],[116.341828,39.966016],[116.341831,39.965675],[116.342415,39.965678]]]}},{"type":"Feature","id":"BLDG-036","properties":{"id":"BLDG-036","layer":"BUILDING_FOOTPRINT","building_type":"mixed_use","name_zh":"混合功能概念体量","source_type":"agent_generated_design","confidence":"low","geometry_role":"design_proposal","area_sqm_declared":1777.4,"note_zh":"概念体量示意，非建筑方案或拆改留结论"},"geometry":{"type":"Polygon","coordinates":[[[116.344122,39.964752],[116.344119,39.965074],[116.343536,39.96507],[116.343539,39.964749],[116.344122,39.964752]]]}},{"type":"Feature","id":"BLDG-037","properties":{"id":"BLDG-037","layer":"BUILDING_FOOTPRINT","building_type":"mixed_use","name_zh":"混合功能概念体量","source_type":"agent_generated_design","confidence":"low","geometry_role":"design_proposal","area_sqm_declared":2781.9,"note_zh":"概念体量示意，非建筑方案或拆改留结论"},"geometry":{"type":"Polygon","coordinates":[[[116.341956,39.966776],[116.341952,39.967212],[116.341279,39.967208],[116.341283,39.966772],[116.341956,39.966776]]]}},{"type":"Feature","id":"BLDG-038","properties":{"id":"BLDG-038","layer":"BUILDING_FOOTPRINT","building_type":"mixed_use","name_zh":"混合功能概念体量","source_type":"agent_generated_design","confidence":"low","geometry_role":"design_proposal","area_sqm_declared":2236.8,"note_zh":"概念体量示意，非建筑方案或拆改留结论"},"geometry":{"type":"Polygon","coordinates":[[[116.341501,39.964749],[116.341497,39.965177],[116.340946,39.965174],[116.34095,39.964746],[116.341501,39.964749]]]}},{"type":"Feature","id":"BLDG-039","properties":{"id":"BLDG-039","layer":"BUILDING_FOOTPRINT","building_type":"mixed_use","name_zh":"混合功能概念体量","source_type":"agent_generated_design","confidence":"low","geometry_role":"design_proposal","area_sqm_declared":4282.6,"note_zh":"概念体量示意，非建筑方案或拆改留结论"},"geometry":{"type":"Polygon","coordinates":[[[116.342908,39.964637],[116.342903,39.965085],[116.341895,39.965079],[116.341899,39.964631],[116.342908,39.964637]]]}},{"type":"Feature","id":"BLDG-040","properties":{"id":"BLDG-040","layer":"BUILDING_FOOTPRINT","building_type":"mixed_use","name_zh":"混合功能概念体量","source_type":"agent_generated_design","confidence":"low","geometry_role":"design_proposal","area_sqm_declared":1323.1,"note_zh":"概念体量示意，非建筑方案或拆改留结论"},"geometry":{"type":"Polygon","coordinates":[[[116.341586,39.966107],[116.341583,39.966363],[116.341038,39.96636],[116.341041,39.966104],[116.341586,39.966107]]]}},{"type":"Feature","id":"BLDG-041","properties":{"id":"BLDG-041","layer":"BUILDING_FOOTPRINT","building_type":"mixed_use","name_zh":"混合功能概念体量","source_type":"agent_generated_design","confidence":"low","geometry_role":"design_proposal","area_sqm_declared":1630.7,"note_zh":"概念体量示意，非建筑方案或拆改留结论"},"geometry":{"type":"Polygon","coordinates":[[[116.341762,39.965318],[116.341759,39.965622],[116.341193,39.965619],[116.341196,39.965315],[116.341762,39.965318]]]}},{"type":"Feature","id":"BLDG-042","properties":{"id":"BLDG-042","layer":"BUILDING_FOOTPRINT","building_type":"mixed_use","name_zh":"混合功能概念体量","source_type":"agent_generated_design","confidence":"low","geometry_role":"design_proposal","area_sqm_declared":2259.6,"note_zh":"概念体量示意，非建筑方案或拆改留结论"},"geometry":{"type":"Polygon","coordinates":[[[116.341717,39.966377],[116.341715,39.966645],[116.340829,39.96664],[116.340831,39.966372],[116.341717,39.966377]]]}},{"type":"Feature","id":"BLDG-043","properties":{"id":"BLDG-043","layer":"BUILDING_FOOTPRINT","building_type":"ai_r_and_d","name_zh":"混合功能概念体量","source_type":"agent_generated_design","confidence":"low","geometry_role":"design_proposal","area_sqm_declared":2777.9,"note_zh":"概念体量示意，非建筑方案或拆改留结论"},"geometry":{"type":"Polygon","coordinates":[[[116.344077,39.968197],[116.344074,39.968551],[116.343248,39.968547],[116.343252,39.968192],[116.344077,39.968197]]]}},{"type":"Feature","id":"BLDG-044","properties":{"id":"BLDG-044","layer":"BUILDING_FOOTPRINT","building_type":"ai_r_and_d","name_zh":"混合功能概念体量","source_type":"agent_generated_design","confidence":"low","geometry_role":"design_proposal","area_sqm_declared":2175.7,"note_zh":"概念体量示意，非建筑方案或拆改留结论"},"geometry":{"type":"Polygon","coordinates":[[[116.342677,39.970838],[116.342674,39.971202],[116.342044,39.971199],[116.342048,39.970835],[116.342677,39.970838]]]}},{"type":"Feature","id":"BLDG-045","properties":{"id":"BLDG-045","layer":"BUILDING_FOOTPRINT","building_type":"ai_r_and_d","name_zh":"混合功能概念体量","source_type":"agent_generated_design","confidence":"low","geometry_role":"design_proposal","area_sqm_declared":3641.2,"note_zh":"概念体量示意，非建筑方案或拆改留结论"},"geometry":{"type":"Polygon","coordinates":[[[116.343626,39.969976],[116.343623,39.970344],[116.342581,39.970338],[116.342585,39.96997],[116.343626,39.969976]]]}},{"type":"Feature","id":"BLDG-046","properties":{"id":"BLDG-046","layer":"BUILDING_FOOTPRINT","building_type":"ai_r_and_d","name_zh":"混合功能概念体量","source_type":"agent_generated_design","confidence":"low","geometry_role":"design_proposal","area_sqm_declared":2103.0,"note_zh":"概念体量示意，非建筑方案或拆改留结论"},"geometry":{"type":"Polygon","coordinates":[[[116.341694,39.968927],[116.34169,39.969298],[116.341094,39.969295],[116.341097,39.968923],[116.341694,39.968927]]]}},{"type":"Feature","id":"BLDG-047","properties":{"id":"BLDG-047","layer":"BUILDING_FOOTPRINT","building_type":"ai_r_and_d","name_zh":"混合功能概念体量","source_type":"agent_generated_design","confidence":"low","geometry_role":"design_proposal","area_sqm_declared":2707.4,"note_zh":"概念体量示意，非建筑方案或拆改留结论"},"geometry":{"type":"Polygon","coordinates":[[[116.342286,39.968401],[116.342283,39.968711],[116.34136,39.968705],[116.341363,39.968396],[116.342286,39.968401]]]}},{"type":"Feature","id":"BLDG-048","properties":{"id":"BLDG-048","layer":"BUILDING_FOOTPRINT","building_type":"ai_r_and_d","name_zh":"混合功能概念体量","source_type":"agent_generated_design","confidence":"low","geometry_role":"design_proposal","area_sqm_declared":3349.8,"note_zh":"概念体量示意，非建筑方案或拆改留结论"},"geometry":{"type":"Polygon","coordinates":[[[116.343596,39.970674],[116.343592,39.971093],[116.342749,39.971088],[116.342753,39.97067],[116.343596,39.970674]]]}},{"type":"Feature","id":"BLDG-049","properties":{"id":"BLDG-049","layer":"BUILDING_FOOTPRINT","building_type":"ai_r_and_d","name_zh":"混合功能概念体量","source_type":"agent_generated_design","confidence":"low","geometry_role":"design_proposal","area_sqm_declared":2463.4,"note_zh":"概念体量示意，非建筑方案或拆改留结论"},"geometry":{"type":"Polygon","coordinates":[[[116.341043,39.969456],[116.341039,39.969848],[116.340375,39.969844],[116.340379,39.969453],[116.341043,39.969456]]]}},{"type":"Feature","id":"BLDG-050","properties":{"id":"BLDG-050","layer":"BUILDING_FOOTPRINT","building_type":"ai_r_and_d","name_zh":"混合功能概念体量","source_type":"agent_generated_design","confidence":"low","geometry_role":"design_proposal","area_sqm_declared":1992.8,"note_zh":"概念体量示意，非建筑方案或拆改留结论"},"geometry":{"type":"Polygon","coordinates":[[[116.342585,39.968901],[116.342582,39.969261],[116.341997,39.969257],[116.342001,39.968898],[116.342585,39.968901]]]}},{"type":"Feature","id":"BLDG-051","properties":{"id":"BLDG-051","layer":"BUILDING_FOOTPRINT","building_type":"ai_r_and_d","name_zh":"混合功能概念体量","source_type":"agent_generated_design","confidence":"low","geometry_role":"design_proposal","area_sqm_declared":2482.8,"note_zh":"概念体量示意，非建筑方案或拆改留结论"},"geometry":{"type":"Polygon","coordinates":[[[116.341714,39.970744],[116.341711,39.971134],[116.34104,39.97113],[116.341043,39.97074],[116.341714,39.970744]]]}},{"type":"Feature","id":"BLDG-052","properties":{"id":"BLDG-052","layer":"BUILDING_FOOTPRINT","building_type":"ai_r_and_d","name_zh":"混合功能概念体量","source_type":"agent_generated_design","confidence":"low","geometry_role":"design_proposal","area_sqm_declared":2958.4,"note_zh":"概念体量示意，非建筑方案或拆改留结论"},"geometry":{"type":"Polygon","coordinates":[[[116.341153,39.968005],[116.34115,39.968323],[116.340167,39.968317],[116.34017,39.968],[116.341153,39.968005]]]}},{"type":"Feature","id":"BLDG-053","properties":{"id":"BLDG-053","layer":"BUILDING_FOOTPRINT","building_type":"ai_r_and_d","name_zh":"混合功能概念体量","source_type":"agent_generated_design","confidence":"low","geometry_role":"design_proposal","area_sqm_declared":2660.5,"note_zh":"概念体量示意，非建筑方案或拆改留结论"},"geometry":{"type":"Polygon","coordinates":[[[116.340697,39.968602],[116.340693,39.969022],[116.340026,39.969018],[116.34003,39.968598],[116.340697,39.968602]]]}},{"type":"Feature","id":"BLDG-054","properties":{"id":"BLDG-054","layer":"BUILDING_FOOTPRINT","building_type":"ai_r_and_d","name_zh":"混合功能概念体量","source_type":"agent_generated_design","confidence":"low","geometry_role":"design_proposal","area_sqm_declared":2832.0,"note_zh":"概念体量示意，非建筑方案或拆改留结论"},"geometry":{"type":"Polygon","coordinates":[[[116.343815,39.969524],[116.343812,39.969825],[116.34282,39.96982],[116.342823,39.969519],[116.343815,39.969524]]]}},{"type":"Feature","id":"BLDG-055","properties":{"id":"BLDG-055","layer":"BUILDING_FOOTPRINT","building_type":"residential","name_zh":"混合功能概念体量","source_type":"agent_generated_design","confidence":"low","geometry_role":"design_proposal","area_sqm_declared":1988.7,"note_zh":"概念体量示意，非建筑方案或拆改留结论"},"geometry":{"type":"Polygon","coordinates":[[[116.340741,39.973508],[116.340737,39.973835],[116.340095,39.973831],[116.340099,39.973505],[116.340741,39.973508]]]}},{"type":"Feature","id":"BLDG-056","properties":{"id":"BLDG-056","layer":"BUILDING_FOOTPRINT","building_type":"residential","name_zh":"混合功能概念体量","source_type":"agent_generated_design","confidence":"low","geometry_role":"design_proposal","area_sqm_declared":2225.5,"note_zh":"概念体量示意，非建筑方案或拆改留结论"},"geometry":{"type":"Polygon","coordinates":[[[116.341741,39.973841],[116.341738,39.974099],[116.340829,39.974094],[116.340831,39.973836],[116.341741,39.973841]]]}},{"type":"Feature","id":"BLDG-057","properties":{"id":"BLDG-057","layer":"BUILDING_FOOTPRINT","building_type":"residential","name_zh":"混合功能概念体量","source_type":"agent_generated_design","confidence":"low","geometry_role":"design_proposal","area_sqm_declared":2150.6,"note_zh":"概念体量示意，非建筑方案或拆改留结论"},"geometry":{"type":"Polygon","coordinates":[[[116.343556,39.973192],[116.343553,39.973551],[116.342921,39.973547],[116.342924,39.973189],[116.343556,39.973192]]]}},{"type":"Feature","id":"BLDG-058","properties":{"id":"BLDG-058","layer":"BUILDING_FOOTPRINT","building_type":"residential","name_zh":"混合功能概念体量","source_type":"agent_generated_design","confidence":"low","geometry_role":"design_proposal","area_sqm_declared":2447.7,"note_zh":"概念体量示意，非建筑方案或拆改留结论"},"geometry":{"type":"Polygon","coordinates":[[[116.342005,39.971797],[116.342001,39.972165],[116.341299,39.972161],[116.341303,39.971793],[116.342005,39.971797]]]}},{"type":"Feature","id":"BLDG-059","properties":{"id":"BLDG-059","layer":"BUILDING_FOOTPRINT","building_type":"residential","name_zh":"混合功能概念体量","source_type":"agent_generated_design","confidence":"low","geometry_role":"design_proposal","area_sqm_declared":1464.2,"note_zh":"概念体量示意，非建筑方案或拆改留结论"},"geometry":{"type":"Polygon","coordinates":[[[116.341091,39.972234],[116.341088,39.972495],[116.340497,39.972492],[116.3405,39.972231],[116.341091,39.972234]]]}},{"type":"Feature","id":"BLDG-060","properties":{"id":"BLDG-060","layer":"BUILDING_FOOTPRINT","building_type":"residential","name_zh":"混合功能概念体量","source_type":"agent_generated_design","confidence":"low","geometry_role":"design_proposal","area_sqm_declared":2999.7,"note_zh":"概念体量示意，非建筑方案或拆改留结论"},"geometry":{"type":"Polygon","coordinates":[[[116.342832,39.973956],[116.342829,39.974323],[116.341967,39.974318],[116.341971,39.973951],[116.342832,39.973956]]]}},{"type":"Feature","id":"BLDG-061","properties":{"id":"BLDG-061","layer":"BUILDING_FOOTPRINT","building_type":"residential","name_zh":"混合功能概念体量","source_type":"agent_generated_design","confidence":"low","geometry_role":"design_proposal","area_sqm_declared":1801.5,"note_zh":"概念体量示意，非建筑方案或拆改留结论"},"geometry":{"type":"Polygon","coordinates":[[[116.340727,39.972728],[116.340724,39.973057],[116.340147,39.973054],[116.340151,39.972725],[116.340727,39.972728]]]}},{"type":"Feature","id":"BLDG-062","properties":{"id":"BLDG-062","layer":"BUILDING_FOOTPRINT","building_type":"residential","name_zh":"混合功能概念体量","source_type":"agent_generated_design","confidence":"low","geometry_role":"design_proposal","area_sqm_declared":2713.6,"note_zh":"概念体量示意，非建筑方案或拆改留结论"},"geometry":{"type":"Polygon","coordinates":[[[116.343467,39.972186],[116.343464,39.972494],[116.342535,39.972489],[116.342538,39.972181],[116.343467,39.972186]]]}},{"type":"Feature","id":"BLDG-063","properties":{"id":"BLDG-063","layer":"BUILDING_FOOTPRINT","building_type":"residential","name_zh":"混合功能概念体量","source_type":"agent_generated_design","confidence":"low","geometry_role":"design_proposal","area_sqm_declared":3288.0,"note_zh":"概念体量示意，非建筑方案或拆改留结论"},"geometry":{"type":"Polygon","coordinates":[[[116.340756,39.973852],[116.340752,39.974268],[116.339918,39.974263],[116.339922,39.973847],[116.340756,39.973852]]]}},{"type":"Feature","id":"BLDG-064","properties":{"id":"BLDG-064","layer":"BUILDING_FOOTPRINT","building_type":"residential","name_zh":"混合功能概念体量","source_type":"agent_generated_design","confidence":"low","geometry_role":"design_proposal","area_sqm_declared":2137.2,"note_zh":"概念体量示意，非建筑方案或拆改留结论"},"geometry":{"type":"Polygon","coordinates":[[[116.342702,39.973526],[116.342699,39.97382],[116.341933,39.973816],[116.341936,39.973521],[116.342702,39.973526]]]}},{"type":"Feature","id":"BLDG-065","properties":{"id":"BLDG-065","layer":"BUILDING_FOOTPRINT","building_type":"residential","name_zh":"混合功能概念体量","source_type":"agent_generated_design","confidence":"low","geometry_role":"design_proposal","area_sqm_declared":1608.6,"note_zh":"概念体量示意，非建筑方案或拆改留结论"},"geometry":{"type":"Polygon","coordinates":[[[116.342146,39.972853],[116.342143,39.973151],[116.341573,39.973147],[116.341576,39.97285],[116.342146,39.972853]]]}},{"type":"Feature","id":"BLDG-066","properties":{"id":"BLDG-066","layer":"BUILDING_FOOTPRINT","building_type":"residential","name_zh":"混合功能概念体量","source_type":"agent_generated_design","confidence":"low","geometry_role":"design_proposal","area_sqm_declared":2270.4,"note_zh":"概念体量示意，非建筑方案或拆改留结论"},"geometry":{"type":"Polygon","coordinates":[[[116.341288,39.973261],[116.341284,39.973701],[116.34074,39.973698],[116.340744,39.973258],[116.341288,39.973261]]]}},{"type":"Feature","id":"BLDG-067","properties":{"id":"BLDG-067","layer":"BUILDING_FOOTPRINT","building_type":"residential","name_zh":"混合功能概念体量","source_type":"agent_generated_design","confidence":"low","geometry_role":"design_proposal","area_sqm_declared":2260.9,"note_zh":"概念体量示意，非建筑方案或拆改留结论"},"geometry":{"type":"Polygon","coordinates":[[[116.341785,39.976009],[116.341781,39.97638],[116.341137,39.976376],[116.341141,39.976006],[116.341785,39.976009]]]}},{"type":"Feature","id":"BLDG-068","properties":{"id":"BLDG-068","layer":"BUILDING_FOOTPRINT","building_type":"residential","name_zh":"混合功能概念体量","source_type":"agent_generated_design","confidence":"low","geometry_role":"design_proposal","area_sqm_declared":2713.6,"note_zh":"概念体量示意，非建筑方案或拆改留结论"},"geometry":{"type":"Polygon","coordinates":[[[116.342788,39.977149],[116.342785,39.977517],[116.342008,39.977513],[116.342012,39.977144],[116.342788,39.977149]]]}},{"type":"Feature","id":"BLDG-069","properties":{"id":"BLDG-069","layer":"BUILDING_FOOTPRINT","building_type":"residential","name_zh":"混合功能概念体量","source_type":"agent_generated_design","confidence":"low","geometry_role":"design_proposal","area_sqm_declared":2684.7,"note_zh":"概念体量示意，非建筑方案或拆改留结论"},"geometry":{"type":"Polygon","coordinates":[[[116.341732,39.975353],[116.341729,39.975687],[116.340882,39.975682],[116.340885,39.975348],[116.341732,39.975353]]]}},{"type":"Feature","id":"BLDG-070","properties":{"id":"BLDG-070","layer":"BUILDING_FOOTPRINT","building_type":"residential","name_zh":"混合功能概念体量","source_type":"agent_generated_design","confidence":"low","geometry_role":"design_proposal","area_sqm_declared":2301.8,"note_zh":"概念体量示意，非建筑方案或拆改留结论"},"geometry":{"type":"Polygon","coordinates":[[[116.341884,39.977959],[116.341881,39.978243],[116.341026,39.978238],[116.341029,39.977954],[116.341884,39.977959]]]}},{"type":"Feature","id":"BLDG-071","properties":{"id":"BLDG-071","layer":"BUILDING_FOOTPRINT","building_type":"residential","name_zh":"混合功能概念体量","source_type":"agent_generated_design","confidence":"low","geometry_role":"design_proposal","area_sqm_declared":1926.9,"note_zh":"概念体量示意，非建筑方案或拆改留结论"},"geometry":{"type":"Polygon","coordinates":[[[116.342648,39.975104],[116.342646,39.975381],[116.341912,39.975377],[116.341914,39.9751],[116.342648,39.975104]]]}},{"type":"Feature","id":"BLDG-072","properties":{"id":"BLDG-072","layer":"BUILDING_FOOTPRINT","building_type":"residential","name_zh":"混合功能概念体量","source_type":"agent_generated_design","confidence":"low","geometry_role":"design_proposal","area_sqm_declared":3822.7,"note_zh":"概念体量示意，非建筑方案或拆改留结论"},"geometry":{"type":"Polygon","coordinates":[[[116.342029,39.97666],[116.342025,39.977071],[116.341043,39.977065],[116.341047,39.976655],[116.342029,39.97666]]]}},{"type":"Feature","id":"BLDG-073","properties":{"id":"BLDG-073","layer":"BUILDING_FOOTPRINT","building_type":"residential","name_zh":"混合功能概念体量","source_type":"agent_generated_design","confidence":"low","geometry_role":"design_proposal","area_sqm_declared":3406.1,"note_zh":"概念体量示意，非建筑方案或拆改留结论"},"geometry":{"type":"Polygon","coordinates":[[[116.340672,39.975901],[116.340668,39.976347],[116.339863,39.976343],[116.339868,39.975896],[116.340672,39.975901]]]}},{"type":"Feature","id":"BLDG-074","properties":{"id":"BLDG-074","layer":"BUILDING_FOOTPRINT","building_type":"residential","name_zh":"混合功能概念体量","source_type":"agent_generated_design","confidence":"low","geometry_role":"design_proposal","area_sqm_declared":2869.7,"note_zh":"概念体量示意，非建筑方案或拆改留结论"},"geometry":{"type":"Polygon","coordinates":[[[116.343288,39.97632],[116.343284,39.976728],[116.342543,39.976724],[116.342547,39.976315],[116.343288,39.97632]]]}},{"type":"Feature","id":"BLDG-075","properties":{"id":"BLDG-075","layer":"BUILDING_FOOTPRINT","building_type":"residential","name_zh":"混合功能概念体量","source_type":"agent_generated_design","confidence":"low","geometry_role":"design_proposal","area_sqm_declared":3602.8,"note_zh":"概念体量示意，非建筑方案或拆改留结论"},"geometry":{"type":"Polygon","coordinates":[[[116.344052,39.977355],[116.344048,39.977742],[116.343065,39.977736],[116.343069,39.97735],[116.344052,39.977355]]]}},{"type":"Feature","id":"BLDG-076","properties":{"id":"BLDG-076","layer":"BUILDING_FOOTPRINT","building_type":"residential","name_zh":"混合功能概念体量","source_type":"agent_generated_design","confidence":"low","geometry_role":"design_proposal","area_sqm_declared":2829.0,"note_zh":"概念体量示意，非建筑方案或拆改留结论"},"geometry":{"type":"Polygon","coordinates":[[[116.341107,39.977288],[116.341104,39.977625],[116.340219,39.97762],[116.340222,39.977283],[116.341107,39.977288]]]}},{"type":"Feature","id":"BLDG-077","properties":{"id":"BLDG-077","layer":"BUILDING_FOOTPRINT","building_type":"residential","name_zh":"混合功能概念体量","source_type":"agent_generated_design","confidence":"low","geometry_role":"design_proposal","area_sqm_declared":2676.9,"note_zh":"概念体量示意，非建筑方案或拆改留结论"},"geometry":{"type":"Polygon","coordinates":[[[116.344276,39.975158],[116.344272,39.975597],[116.34363,39.975594],[116.343634,39.975154],[116.344276,39.975158]]]}},{"type":"Feature","id":"BLDG-078","properties":{"id":"BLDG-078","layer":"BUILDING_FOOTPRINT","building_type":"residential","name_zh":"混合功能概念体量","source_type":"agent_generated_design","confidence":"low","geometry_role":"design_proposal","area_sqm_declared":3039.9,"note_zh":"概念体量示意，非建筑方案或拆改留结论"},"geometry":{"type":"Polygon","coordinates":[[[116.343499,39.977823],[116.343495,39.97816],[116.342545,39.978155],[116.342548,39.977818],[116.343499,39.977823]]]}},{"type":"Feature","id":"BLDG-079","properties":{"id":"BLDG-079","layer":"BUILDING_FOOTPRINT","building_type":"residential","name_zh":"混合功能概念体量","source_type":"agent_generated_design","confidence":"low","geometry_role":"design_proposal","area_sqm_declared":2763.2,"note_zh":"概念体量示意，非建筑方案或拆改留结论"},"geometry":{"type":"Polygon","coordinates":[[[116.341641,39.979614],[116.341637,39.98004],[116.340952,39.980036],[116.340956,39.97961],[116.341641,39.979614]]]}},{"type":"Feature","id":"BLDG-080","properties":{"id":"BLDG-080","layer":"BUILDING_FOOTPRINT","building_type":"residential","name_zh":"混合功能概念体量","source_type":"agent_generated_design","confidence":"low","geometry_role":"design_proposal","area_sqm_declared":1482.0,"note_zh":"概念体量示意，非建筑方案或拆改留结论"},"geometry":{"type":"Polygon","coordinates":[[[116.342595,39.978757],[116.342592,39.979041],[116.342042,39.979038],[116.342044,39.978754],[116.342595,39.978757]]]}},{"type":"Feature","id":"BLDG-081","properties":{"id":"BLDG-081","layer":"BUILDING_FOOTPRINT","building_type":"residential","name_zh":"混合功能概念体量","source_type":"agent_generated_design","confidence":"low","geometry_role":"design_proposal","area_sqm_declared":2207.8,"note_zh":"概念体量示意，非建筑方案或拆改留结论"},"geometry":{"type":"Polygon","coordinates":[[[116.343436,39.97908],[116.343433,39.979366],[116.342619,39.979361],[116.342622,39.979075],[116.343436,39.97908]]]}},{"type":"Feature","id":"BLDG-082","properties":{"id":"BLDG-082","layer":"BUILDING_FOOTPRINT","building_type":"residential","name_zh":"混合功能概念体量","source_type":"agent_generated_design","confidence":"low","geometry_role":"design_proposal","area_sqm_declared":1842.2,"note_zh":"概念体量示意，非建筑方案或拆改留结论"},"geometry":{"type":"Polygon","coordinates":[[[116.342729,39.98115],[116.342726,39.981455],[116.34209,39.981451],[116.342093,39.981146],[116.342729,39.98115]]]}},{"type":"Feature","id":"BLDG-083","properties":{"id":"BLDG-083","layer":"BUILDING_FOOTPRINT","building_type":"residential","name_zh":"混合功能概念体量","source_type":"agent_generated_design","confidence":"low","geometry_role":"design_proposal","area_sqm_declared":3495.6,"note_zh":"概念体量示意，非建筑方案或拆改留结论"},"geometry":{"type":"Polygon","coordinates":[[[116.343238,39.980294],[116.343234,39.980693],[116.34231,39.980688],[116.342314,39.980289],[116.343238,39.980294]]]}},{"type":"Feature","id":"BLDG-084","properties":{"id":"BLDG-084","layer":"BUILDING_FOOTPRINT","building_type":"residential","name_zh":"混合功能概念体量","source_type":"agent_generated_design","confidence":"low","geometry_role":"design_proposal","area_sqm_declared":1930.8,"note_zh":"概念体量示意，非建筑方案或拆改留结论"},"geometry":{"type":"Polygon","coordinates":[[[116.343788,39.979942],[116.343786,39.98023],[116.343078,39.980226],[116.343081,39.979938],[116.343788,39.979942]]]}},{"type":"Feature","id":"BLDG-085","properties":{"id":"BLDG-085","layer":"BUILDING_FOOTPRINT","building_type":"residential","name_zh":"混合功能概念体量","source_type":"agent_generated_design","confidence":"low","geometry_role":"design_proposal","area_sqm_declared":2690.0,"note_zh":"概念体量示意，非建筑方案或拆改留结论"},"geometry":{"type":"Polygon","coordinates":[[[116.341902,39.980712],[116.341899,39.98111],[116.341185,39.981106],[116.341189,39.980708],[116.341902,39.980712]]]}},{"type":"Feature","id":"BLDG-086","properties":{"id":"BLDG-086","layer":"BUILDING_FOOTPRINT","building_type":"residential","name_zh":"混合功能概念体量","source_type":"agent_generated_design","confidence":"low","geometry_role":"design_proposal","area_sqm_declared":1843.3,"note_zh":"概念体量示意，非建筑方案或拆改留结论"},"geometry":{"type":"Polygon","coordinates":[[[116.342094,39.980218],[116.342091,39.980546],[116.3415,39.980543],[116.341503,39.980214],[116.342094,39.980218]]]}},{"type":"Feature","id":"BLDG-087","properties":{"id":"BLDG-087","layer":"BUILDING_FOOTPRINT","building_type":"residential","name_zh":"混合功能概念体量","source_type":"agent_generated_design","confidence":"low","geometry_role":"design_proposal","area_sqm_declared":2397.4,"note_zh":"概念体量示意，非建筑方案或拆改留结论"},"geometry":{"type":"Polygon","coordinates":[[[116.343814,39.981126],[116.34381,39.981516],[116.343163,39.981513],[116.343167,39.981122],[116.343814,39.981126]]]}},{"type":"Feature","id":"BLDG-088","properties":{"id":"BLDG-088","layer":"BUILDING_FOOTPRINT","building_type":"residential","name_zh":"混合功能概念体量","source_type":"agent_generated_design","confidence":"low","geometry_role":"design_proposal","area_sqm_declared":2147.5,"note_zh":"概念体量示意，非建筑方案或拆改留结论"},"geometry":{"type":"Polygon","coordinates":[[[116.342096,39.981515],[116.342092,39.981912],[116.341521,39.981909],[116.341525,39.981512],[116.342096,39.981515]]]}},{"type":"Feature","id":"BLDG-089","properties":{"id":"BLDG-089","layer":"BUILDING_FOOTPRINT","building_type":"residential","name_zh":"混合功能概念体量","source_type":"agent_generated_design","confidence":"low","geometry_role":"design_proposal","area_sqm_declared":2728.2,"note_zh":"概念体量示意，非建筑方案或拆改留结论"},"geometry":{"type":"Polygon","coordinates":[[[116.341093,39.979034],[116.34109,39.979343],[116.340158,39.979338],[116.340161,39.979029],[116.341093,39.979034]]]}},{"type":"Feature","id":"BLDG-090","properties":{"id":"BLDG-090","layer":"BUILDING_FOOTPRINT","building_type":"residential","name_zh":"混合功能概念体量","source_type":"agent_generated_design","confidence":"low","geometry_role":"design_proposal","area_sqm_declared":2883.9,"note_zh":"概念体量示意，非建筑方案或拆改留结论"},"geometry":{"type":"Polygon","coordinates":[[[116.343942,39.979419],[116.343939,39.979745],[116.343007,39.97974],[116.34301,39.979414],[116.343942,39.979419]]]}},{"type":"Feature","id":"BLDG-091","properties":{"id":"BLDG-091","layer":"BUILDING_FOOTPRINT","building_type":"education","name_zh":"混合功能概念体量","source_type":"agent_generated_design","confidence":"low","geometry_role":"design_proposal","area_sqm_declared":2727.3,"note_zh":"概念体量示意，非建筑方案或拆改留结论"},"geometry":{"type":"Polygon","coordinates":[[[116.343828,39.984253],[116.343825,39.984576],[116.342935,39.984571],[116.342938,39.984248],[116.343828,39.984253]]]}},{"type":"Feature","id":"BLDG-092","properties":{"id":"BLDG-092","layer":"BUILDING_FOOTPRINT","building_type":"education","name_zh":"混合功能概念体量","source_type":"agent_generated_design","confidence":"low","geometry_role":"design_proposal","area_sqm_declared":2269.3,"note_zh":"概念体量示意，非建筑方案或拆改留结论"},"geometry":{"type":"Polygon","coordinates":[[[116.343506,39.983384],[116.343503,39.983654],[116.342619,39.983649],[116.342621,39.983379],[116.343506,39.983384]]]}},{"type":"Feature","id":"BLDG-093","properties":{"id":"BLDG-093","layer":"BUILDING_FOOTPRINT","building_type":"education","name_zh":"混合功能概念体量","source_type":"agent_generated_design","confidence":"low","geometry_role":"design_proposal","area_sqm_declared":3648.8,"note_zh":"概念体量示意，非建筑方案或拆改留结论"},"geometry":{"type":"Polygon","coordinates":[[[116.341436,39.982259],[116.341432,39.982679],[116.340515,39.982673],[116.340519,39.982254],[116.341436,39.982259]]]}},{"type":"Feature","id":"BLDG-094","properties":{"id":"BLDG-094","layer":"BUILDING_FOOTPRINT","building_type":"education","name_zh":"混合功能概念体量","source_type":"agent_generated_design","confidence":"low","geometry_role":"design_proposal","area_sqm_declared":3172.1,"note_zh":"概念体量示意，非建筑方案或拆改留结论"},"geometry":{"type":"Polygon","coordinates":[[[116.341737,39.983632],[116.341733,39.984048],[116.340928,39.984043],[116.340932,39.983628],[116.341737,39.983632]]]}},{"type":"Feature","id":"BLDG-095","properties":{"id":"BLDG-095","layer":"BUILDING_FOOTPRINT","building_type":"education","name_zh":"混合功能概念体量","source_type":"agent_generated_design","confidence":"low","geometry_role":"design_proposal","area_sqm_declared":3103.1,"note_zh":"概念体量示意，非建筑方案或拆改留结论"},"geometry":{"type":"Polygon","coordinates":[[[116.342424,39.984132],[116.342421,39.984444],[116.341373,39.984438],[116.341376,39.984126],[116.342424,39.984132]]]}},{"type":"Feature","id":"BLDG-096","properties":{"id":"BLDG-096","layer":"BUILDING_FOOTPRINT","building_type":"education","name_zh":"混合功能概念体量","source_type":"agent_generated_design","confidence":"low","geometry_role":"design_proposal","area_sqm_declared":2451.3,"note_zh":"概念体量示意，非建筑方案或拆改留结论"},"geometry":{"type":"Polygon","coordinates":[[[116.343032,39.984863],[116.343028,39.985215],[116.342295,39.985211],[116.342298,39.984859],[116.343032,39.984863]]]}},{"type":"Feature","id":"BLDG-097","properties":{"id":"BLDG-097","layer":"BUILDING_FOOTPRINT","building_type":"education","name_zh":"混合功能概念体量","source_type":"agent_generated_design","confidence":"low","geometry_role":"design_proposal","area_sqm_declared":2558.1,"note_zh":"概念体量示意，非建筑方案或拆改留结论"},"geometry":{"type":"Polygon","coordinates":[[[116.344181,39.982802],[116.344178,39.98313],[116.343355,39.983125],[116.343359,39.982797],[116.344181,39.982802]]]}},{"type":"Feature","id":"BLDG-098","properties":{"id":"BLDG-098","layer":"BUILDING_FOOTPRINT","building_type":"education","name_zh":"混合功能概念体量","source_type":"agent_generated_design","confidence":"low","geometry_role":"design_proposal","area_sqm_declared":2215.7,"note_zh":"概念体量示意，非建筑方案或拆改留结论"},"geometry":{"type":"Polygon","coordinates":[[[116.342092,39.984872],[116.342089,39.985192],[116.341359,39.985188],[116.341362,39.984868],[116.342092,39.984872]]]}},{"type":"Feature","id":"BLDG-099","properties":{"id":"BLDG-099","layer":"BUILDING_FOOTPRINT","building_type":"education","name_zh":"混合功能概念体量","source_type":"agent_generated_design","confidence":"low","geometry_role":"design_proposal","area_sqm_declared":1795.4,"note_zh":"概念体量示意，非建筑方案或拆改留结论"},"geometry":{"type":"Polygon","coordinates":[[[116.3416,39.985192],[116.341598,39.98547],[116.340918,39.985466],[116.34092,39.985188],[116.3416,39.985192]]]}},{"type":"Feature","id":"BLDG-100","properties":{"id":"BLDG-100","layer":"BUILDING_FOOTPRINT","building_type":"education","name_zh":"混合功能概念体量","source_type":"agent_generated_design","confidence":"low","geometry_role":"design_proposal","area_sqm_declared":2355.3,"note_zh":"概念体量示意，非建筑方案或拆改留结论"},"geometry":{"type":"Polygon","coordinates":[[[116.341897,39.982849],[116.341894,39.983148],[116.341063,39.983143],[116.341066,39.982844],[116.341897,39.982849]]]}},{"type":"Feature","id":"BLDG-101","properties":{"id":"BLDG-101","layer":"BUILDING_FOOTPRINT","building_type":"education","name_zh":"混合功能概念体量","source_type":"agent_generated_design","confidence":"low","geometry_role":"design_proposal","area_sqm_declared":3063.6,"note_zh":"概念体量示意，非建筑方案或拆改留结论"},"geometry":{"type":"Polygon","coordinates":[[[116.343041,39.982346],[116.343037,39.982727],[116.34219,39.982722],[116.342193,39.982341],[116.343041,39.982346]]]}},{"type":"Feature","id":"BLDG-102","properties":{"id":"BLDG-102","layer":"BUILDING_FOOTPRINT","building_type":"education","name_zh":"混合功能概念体量","source_type":"agent_generated_design","confidence":"low","geometry_role":"design_proposal","area_sqm_declared":2840.2,"note_zh":"概念体量示意，非建筑方案或拆改留结论"},"geometry":{"type":"Polygon","coordinates":[[[116.343139,39.988485],[116.343135,39.988821],[116.342245,39.988816],[116.342248,39.98848],[116.343139,39.988485]]]}},{"type":"Feature","id":"BLDG-103","properties":{"id":"BLDG-103","layer":"BUILDING_FOOTPRINT","building_type":"education","name_zh":"混合功能概念体量","source_type":"agent_generated_design","confidence":"low","geometry_role":"design_proposal","area_sqm_declared":2147.5,"note_zh":"概念体量示意，非建筑方案或拆改留结论"},"geometry":{"type":"Polygon","coordinates":[[[116.342902,39.987704],[116.342899,39.987969],[116.342044,39.987964],[116.342046,39.987699],[116.342902,39.987704]]]}},{"type":"Feature","id":"BLDG-104","properties":{"id":"BLDG-104","layer":"BUILDING_FOOTPRINT","building_type":"education","name_zh":"混合功能概念体量","source_type":"agent_generated_design","confidence":"low","geometry_role":"design_proposal","area_sqm_declared":2764.1,"note_zh":"概念体量示意，非建筑方案或拆改留结论"},"geometry":{"type":"Polygon","coordinates":[[[116.341874,39.986253],[116.34187,39.986681],[116.341189,39.986677],[116.341193,39.986249],[116.341874,39.986253]]]}},{"type":"Feature","id":"BLDG-105","properties":{"id":"BLDG-105","layer":"BUILDING_FOOTPRINT","building_type":"education","name_zh":"混合功能概念体量","source_type":"agent_generated_design","confidence":"low","geometry_role":"design_proposal","area_sqm_declared":2088.4,"note_zh":"概念体量示意，非建筑方案或拆改留结论"},"geometry":{"type":"Polygon","coordinates":[[[116.343839,39.98789],[116.343836,39.988209],[116.343146,39.988206],[116.343149,39.987886],[116.343839,39.98789]]]}},{"type":"Feature","id":"BLDG-106","properties":{"id":"BLDG-106","layer":"BUILDING_FOOTPRINT","building_type":"education","name_zh":"混合功能概念体量","source_type":"agent_generated_design","confidence":"low","geometry_role":"design_proposal","area_sqm_declared":1850.9,"note_zh":"概念体量示意，非建筑方案或拆改留结论"},"geometry":{"type":"Polygon","coordinates":[[[116.341392,39.98802],[116.341389,39.98835],[116.340798,39.988347],[116.340801,39.988017],[116.341392,39.98802]]]}},{"type":"Feature","id":"BLDG-107","properties":{"id":"BLDG-107","layer":"BUILDING_FOOTPRINT","building_type":"education","name_zh":"混合功能概念体量","source_type":"agent_generated_design","confidence":"low","geometry_role":"design_proposal","area_sqm_declared":2569.2,"note_zh":"概念体量示意，非建筑方案或拆改留结论"},"geometry":{"type":"Polygon","coordinates":[[[116.344129,39.986693],[116.344125,39.987094],[116.343448,39.98709],[116.343452,39.98669],[116.344129,39.986693]]]}},{"type":"Feature","id":"BLDG-108","properties":{"id":"BLDG-108","layer":"BUILDING_FOOTPRINT","building_type":"education","name_zh":"混合功能概念体量","source_type":"agent_generated_design","confidence":"low","geometry_role":"design_proposal","area_sqm_declared":2242.3,"note_zh":"概念体量示意，非建筑方案或拆改留结论"},"geometry":{"type":"Polygon","coordinates":[[[116.343394,39.986277],[116.34339,39.986665],[116.342782,39.986662],[116.342785,39.986274],[116.343394,39.986277]]]}},{"type":"Feature","id":"BLDG-109","properties":{"id":"BLDG-109","layer":"BUILDING_FOOTPRINT","building_type":"education","name_zh":"混合功能概念体量","source_type":"agent_generated_design","confidence":"low","geometry_role":"design_proposal","area_sqm_declared":2955.5,"note_zh":"概念体量示意，非建筑方案或拆改留结论"},"geometry":{"type":"Polygon","coordinates":[[[116.343634,39.98733],[116.343631,39.987652],[116.342665,39.987647],[116.342668,39.987324],[116.343634,39.98733]]]}},{"type":"Feature","id":"BLDG-110","properties":{"id":"BLDG-110","layer":"BUILDING_FOOTPRINT","building_type":"education","name_zh":"混合功能概念体量","source_type":"agent_generated_design","confidence":"low","geometry_role":"design_proposal","area_sqm_declared":2845.6,"note_zh":"概念体量示意，非建筑方案或拆改留结论"},"geometry":{"type":"Polygon","coordinates":[[[116.342207,39.98817],[116.342203,39.988563],[116.34144,39.988559],[116.341444,39.988165],[116.342207,39.98817]]]}},{"type":"Feature","id":"BLDG-111","properties":{"id":"BLDG-111","layer":"BUILDING_FOOTPRINT","building_type":"education","name_zh":"混合功能概念体量","source_type":"agent_generated_design","confidence":"low","geometry_role":"design_proposal","area_sqm_declared":2771.3,"note_zh":"概念体量示意，非建筑方案或拆改留结论"},"geometry":{"type":"Polygon","coordinates":[[[116.341915,39.988764],[116.341911,39.989155],[116.341164,39.989151],[116.341168,39.98876],[116.341915,39.988764]]]}},{"type":"Feature","id":"BLDG-112","properties":{"id":"BLDG-112","layer":"BUILDING_FOOTPRINT","building_type":"education","name_zh":"混合功能概念体量","source_type":"agent_generated_design","confidence":"low","geometry_role":"design_proposal","area_sqm_declared":2465.7,"note_zh":"概念体量示意，非建筑方案或拆改留结论"},"geometry":{"type":"Polygon","coordinates":[[[116.341599,39.986918],[116.341596,39.987229],[116.340762,39.987225],[116.340765,39.986913],[116.341599,39.986918]]]}},{"type":"Feature","id":"BLDG-113","properties":{"id":"BLDG-113","layer":"BUILDING_FOOTPRINT","building_type":"education","name_zh":"混合功能概念体量","source_type":"agent_generated_design","confidence":"low","geometry_role":"design_proposal","area_sqm_declared":2305.9,"note_zh":"概念体量示意，非建筑方案或拆改留结论"},"geometry":{"type":"Polygon","coordinates":[[[116.342724,39.986259],[116.34272,39.986699],[116.342167,39.986696],[116.342172,39.986256],[116.342724,39.986259]]]}},{"type":"Feature","id":"BLDG-114","properties":{"id":"BLDG-114","layer":"BUILDING_FOOTPRINT","building_type":"education","name_zh":"混合功能概念体量","source_type":"agent_generated_design","confidence":"low","geometry_role":"design_proposal","area_sqm_declared":2828.0,"note_zh":"概念体量示意，非建筑方案或拆改留结论"},"geometry":{"type":"Polygon","coordinates":[[[116.343579,39.990973],[116.343576,39.991259],[116.342532,39.991253],[116.342535,39.990967],[116.343579,39.990973]]]}},{"type":"Feature","id":"BLDG-115","properties":{"id":"BLDG-115","layer":"BUILDING_FOOTPRINT","building_type":"education","name_zh":"混合功能概念体量","source_type":"agent_generated_design","confidence":"low","geometry_role":"design_proposal","area_sqm_declared":2057.1,"note_zh":"概念体量示意，非建筑方案或拆改留结论"},"geometry":{"type":"Polygon","coordinates":[[[116.342702,39.990606],[116.342699,39.990933],[116.342036,39.99093],[116.34204,39.990602],[116.342702,39.990606]]]}},{"type":"Feature","id":"BLDG-116","properties":{"id":"BLDG-116","layer":"BUILDING_FOOTPRINT","building_type":"education","name_zh":"混合功能概念体量","source_type":"agent_generated_design","confidence":"low","geometry_role":"design_proposal","area_sqm_declared":2084.9,"note_zh":"概念体量示意，非建筑方案或拆改留结论"},"geometry":{"type":"Polygon","coordinates":[[[116.342563,39.991572],[116.34256,39.991906],[116.341903,39.991903],[116.341906,39.991568],[116.342563,39.991572]]]}},{"type":"Feature","id":"BLDG-117","properties":{"id":"BLDG-117","layer":"BUILDING_FOOTPRINT","building_type":"education","name_zh":"混合功能概念体量","source_type":"agent_generated_design","confidence":"low","geometry_role":"design_proposal","area_sqm_declared":1562.8,"note_zh":"概念体量示意，非建筑方案或拆改留结论"},"geometry":{"type":"Polygon","coordinates":[[[116.343682,39.989721],[116.343679,39.989982],[116.343049,39.989979],[116.343051,39.989717],[116.343682,39.989721]]]}},{"type":"Feature","id":"BLDG-118","properties":{"id":"BLDG-118","layer":"BUILDING_FOOTPRINT","building_type":"education","name_zh":"混合功能概念体量","source_type":"agent_generated_design","confidence":"low","geometry_role":"design_proposal","area_sqm_declared":2942.2,"note_zh":"概念体量示意，非建筑方案或拆改留结论"},"geometry":{"type":"Polygon","coordinates":[[[116.344189,39.990043],[116.344185,39.990404],[116.343326,39.990399],[116.343329,39.990039],[116.344189,39.990043]]]}},{"type":"Feature","id":"BLDG-119","properties":{"id":"BLDG-119","layer":"BUILDING_FOOTPRINT","building_type":"education","name_zh":"混合功能概念体量","source_type":"agent_generated_design","confidence":"low","geometry_role":"design_proposal","area_sqm_declared":2021.2,"note_zh":"概念体量示意，非建筑方案或拆改留结论"},"geometry":{"type":"Polygon","coordinates":[[[116.342027,39.990676],[116.342024,39.991051],[116.341455,39.991047],[116.341459,39.990672],[116.342027,39.990676]]]}},{"type":"Feature","id":"BLDG-120","properties":{"id":"BLDG-120","layer":"BUILDING_FOOTPRINT","building_type":"education","name_zh":"混合功能概念体量","source_type":"agent_generated_design","confidence":"low","geometry_role":"design_proposal","area_sqm_declared":1719.6,"note_zh":"概念体量示意，非建筑方案或拆改留结论"},"geometry":{"type":"Polygon","coordinates":[[[116.34198,39.990105],[116.341977,39.990382],[116.341324,39.990378],[116.341327,39.990101],[116.34198,39.990105]]]}},{"type":"Feature","id":"BLDG-121","properties":{"id":"BLDG-121","layer":"BUILDING_FOOTPRINT","building_type":"education","name_zh":"混合功能概念体量","source_type":"agent_generated_design","confidence":"low","geometry_role":"design_proposal","area_sqm_declared":3173.3,"note_zh":"概念体量示意，非建筑方案或拆改留结论"},"geometry":{"type":"Polygon","coordinates":[[[116.341845,39.991417],[116.341842,39.99175],[116.340837,39.991744],[116.34084,39.991411],[116.341845,39.991417]]]}},{"type":"Feature","id":"BLDG-122","properties":{"id":"BLDG-122","layer":"BUILDING_FOOTPRINT","building_type":"education","name_zh":"混合功能概念体量","source_type":"agent_generated_design","confidence":"low","geometry_role":"design_proposal","area_sqm_declared":1878.1,"note_zh":"概念体量示意，非建筑方案或拆改留结论"},"geometry":{"type":"Polygon","coordinates":[[[116.344133,39.992411],[116.344131,39.992669],[116.343363,39.992664],[116.343366,39.992406],[116.344133,39.992411]]]}},{"type":"Feature","id":"BLDG-123","properties":{"id":"BLDG-123","layer":"BUILDING_FOOTPRINT","building_type":"education","name_zh":"混合功能概念体量","source_type":"agent_generated_design","confidence":"low","geometry_role":"design_proposal","area_sqm_declared":2976.2,"note_zh":"概念体量示意，非建筑方案或拆改留结论"},"geometry":{"type":"Polygon","coordinates":[[[116.343604,39.991782],[116.3436,39.992213],[116.342872,39.992209],[116.342876,39.991778],[116.343604,39.991782]]]}},{"type":"Feature","id":"BLDG-124","properties":{"id":"BLDG-124","layer":"BUILDING_FOOTPRINT","building_type":"education","name_zh":"混合功能概念体量","source_type":"agent_generated_design","confidence":"low","geometry_role":"design_proposal","area_sqm_declared":3807.5,"note_zh":"概念体量示意，非建筑方案或拆改留结论"},"geometry":{"type":"Polygon","coordinates":[[[116.342517,39.99598],[116.342514,39.996378],[116.341505,39.996372],[116.341509,39.995974],[116.342517,39.99598]]]}},{"type":"Feature","id":"BLDG-125","properties":{"id":"BLDG-125","layer":"BUILDING_FOOTPRINT","building_type":"education","name_zh":"混合功能概念体量","source_type":"agent_generated_design","confidence":"low","geometry_role":"design_proposal","area_sqm_declared":2206.4,"note_zh":"概念体量示意，非建筑方案或拆改留结论"},"geometry":{"type":"Polygon","coordinates":[[[116.34259,39.994055],[116.342586,39.994485],[116.342045,39.994482],[116.342049,39.994052],[116.34259,39.994055]]]}},{"type":"Feature","id":"BLDG-126","properties":{"id":"BLDG-126","layer":"BUILDING_FOOTPRINT","building_type":"education","name_zh":"混合功能概念体量","source_type":"agent_generated_design","confidence":"low","geometry_role":"design_proposal","area_sqm_declared":2441.6,"note_zh":"概念体量示意，非建筑方案或拆改留结论"},"geometry":{"type":"Polygon","coordinates":[[[116.343811,39.995545],[116.343808,39.995877],[116.343031,39.995872],[116.343034,39.995541],[116.343811,39.995545]]]}},{"type":"Feature","id":"BLDG-127","properties":{"id":"BLDG-127","layer":"BUILDING_FOOTPRINT","building_type":"education","name_zh":"混合功能概念体量","source_type":"agent_generated_design","confidence":"low","geometry_role":"design_proposal","area_sqm_declared":2603.2,"note_zh":"概念体量示意，非建筑方案或拆改留结论"},"geometry":{"type":"Polygon","coordinates":[[[116.342839,39.993318],[116.342836,39.993616],[116.341916,39.993611],[116.341919,39.993313],[116.342839,39.993318]]]}},{"type":"Feature","id":"BLDG-128","properties":{"id":"BLDG-128","layer":"BUILDING_FOOTPRINT","building_type":"education","name_zh":"混合功能概念体量","source_type":"agent_generated_design","confidence":"low","geometry_role":"design_proposal","area_sqm_declared":2589.9,"note_zh":"概念体量示意，非建筑方案或拆改留结论"},"geometry":{"type":"Polygon","coordinates":[[[116.342175,39.994873],[116.342172,39.995194],[116.341323,39.995189],[116.341326,39.994868],[116.342175,39.994873]]]}},{"type":"Feature","id":"BLDG-129","properties":{"id":"BLDG-129","layer":"BUILDING_FOOTPRINT","building_type":"education","name_zh":"混合功能概念体量","source_type":"agent_generated_design","confidence":"low","geometry_role":"design_proposal","area_sqm_declared":1574.5,"note_zh":"概念体量示意，非建筑方案或拆改留结论"},"geometry":{"type":"Polygon","coordinates":[[[116.341609,39.993848],[116.341606,39.994141],[116.341039,39.994138],[116.341042,39.993845],[116.341609,39.993848]]]}},{"type":"Feature","id":"BLDG-130","properties":{"id":"BLDG-130","layer":"BUILDING_FOOTPRINT","building_type":"education","name_zh":"混合功能概念体量","source_type":"agent_generated_design","confidence":"low","geometry_role":"design_proposal","area_sqm_declared":2032.8,"note_zh":"概念体量示意，非建筑方案或拆改留结论"},"geometry":{"type":"Polygon","coordinates":[[[116.343846,39.993089],[116.343843,39.993453],[116.343254,39.99345],[116.343257,39.993086],[116.343846,39.993089]]]}},{"type":"Feature","id":"BLDG-131","properties":{"id":"BLDG-131","layer":"BUILDING_FOOTPRINT","building_type":"education","name_zh":"混合功能概念体量","source_type":"agent_generated_design","confidence":"low","geometry_role":"design_proposal","area_sqm_declared":3111.4,"note_zh":"概念体量示意，非建筑方案或拆改留结论"},"geometry":{"type":"Polygon","coordinates":[[[116.344105,39.994976],[116.344102,39.99529],[116.343054,39.995284],[116.343057,39.99497],[116.344105,39.994976]]]}},{"type":"Feature","id":"BLDG-132","properties":{"id":"BLDG-132","layer":"BUILDING_FOOTPRINT","building_type":"education","name_zh":"混合功能概念体量","source_type":"agent_generated_design","confidence":"low","geometry_role":"design_proposal","area_sqm_declared":3276.8,"note_zh":"概念体量示意，非建筑方案或拆改留结论"},"geometry":{"type":"Polygon","coordinates":[[[116.344083,39.994511],[116.34408,39.994857],[116.343081,39.994851],[116.343084,39.994506],[116.344083,39.994511]]]}},{"type":"Feature","id":"BLDG-133","properties":{"id":"BLDG-133","layer":"BUILDING_FOOTPRINT","building_type":"education","name_zh":"混合功能概念体量","source_type":"agent_generated_design","confidence":"low","geometry_role":"design_proposal","area_sqm_declared":2548.8,"note_zh":"概念体量示意，非建筑方案或拆改留结论"},"geometry":{"type":"Polygon","coordinates":[[[116.342823,39.994932],[116.342819,39.995356],[116.342185,39.995352],[116.342189,39.994929],[116.342823,39.994932]]]}},{"type":"Feature","id":"BLDG-134","properties":{"id":"BLDG-134","layer":"BUILDING_FOOTPRINT","building_type":"residential","name_zh":"混合功能概念体量","source_type":"agent_generated_design","confidence":"low","geometry_role":"design_proposal","area_sqm_declared":3069.2,"note_zh":"概念体量示意，非建筑方案或拆改留结论"},"geometry":{"type":"Polygon","coordinates":[[[116.342565,39.996653],[116.342561,39.997073],[116.34179,39.997069],[116.341794,39.996648],[116.342565,39.996653]]]}},{"type":"Feature","id":"BLDG-135","properties":{"id":"BLDG-135","layer":"BUILDING_FOOTPRINT","building_type":"residential","name_zh":"混合功能概念体量","source_type":"agent_generated_design","confidence":"low","geometry_role":"design_proposal","area_sqm_declared":3503.0,"note_zh":"概念体量示意，非建筑方案或拆改留结论"},"geometry":{"type":"Polygon","coordinates":[[[116.343602,39.997033],[116.343598,39.997416],[116.342634,39.99741],[116.342638,39.997027],[116.343602,39.997033]]]}},{"type":"Feature","id":"BLDG-136","properties":{"id":"BLDG-136","layer":"BUILDING_FOOTPRINT","building_type":"residential","name_zh":"混合功能概念体量","source_type":"agent_generated_design","confidence":"low","geometry_role":"design_proposal","area_sqm_declared":2266.6,"note_zh":"概念体量示意，非建筑方案或拆改留结论"},"geometry":{"type":"Polygon","coordinates":[[[116.343491,39.99868],[116.343487,39.999056],[116.342852,39.999052],[116.342855,39.998676],[116.343491,39.99868]]]}},{"type":"Feature","id":"BLDG-137","properties":{"id":"BLDG-137","layer":"BUILDING_FOOTPRINT","building_type":"residential","name_zh":"混合功能概念体量","source_type":"agent_generated_design","confidence":"low","geometry_role":"design_proposal","area_sqm_declared":3045.5,"note_zh":"概念体量示意，非建筑方案或拆改留结论"},"geometry":{"type":"Polygon","coordinates":[[[116.342242,39.998025],[116.342238,39.998407],[116.341397,39.998402],[116.341401,39.998021],[116.342242,39.998025]]]}},{"type":"Feature","id":"BLDG-138","properties":{"id":"BLDG-138","layer":"BUILDING_FOOTPRINT","building_type":"residential","name_zh":"混合功能概念体量","source_type":"agent_generated_design","confidence":"low","geometry_role":"design_proposal","area_sqm_declared":3775.7,"note_zh":"概念体量示意，非建筑方案或拆改留结论"},"geometry":{"type":"Polygon","coordinates":[[[116.342219,39.997251],[116.342215,39.997661],[116.341244,39.997655],[116.341248,39.997245],[116.342219,39.997251]]]}},{"type":"Feature","id":"BLDG-139","properties":{"id":"BLDG-139","layer":"BUILDING_FOOTPRINT","building_type":"residential","name_zh":"混合功能概念体量","source_type":"agent_generated_design","confidence":"low","geometry_role":"design_proposal","area_sqm_declared":3483.7,"note_zh":"概念体量示意，非建筑方案或拆改留结论"},"geometry":{"type":"Polygon","coordinates":[[[116.343889,39.997684],[116.343885,39.998105],[116.343013,39.9981],[116.343017,39.997679],[116.343889,39.997684]]]}},{"type":"Feature","id":"BLDG-140","properties":{"id":"BLDG-140","layer":"BUILDING_FOOTPRINT","building_type":"residential","name_zh":"混合功能概念体量","source_type":"agent_generated_design","confidence":"low","geometry_role":"design_proposal","area_sqm_declared":2643.4,"note_zh":"概念体量示意，非建筑方案或拆改留结论"},"geometry":{"type":"Polygon","coordinates":[[[116.343801,39.999111],[116.343797,39.999439],[116.34295,39.999435],[116.342953,39.999106],[116.343801,39.999111]]]}},{"type":"Feature","id":"BLDG-141","properties":{"id":"BLDG-141","layer":"BUILDING_FOOTPRINT","building_type":"residential","name_zh":"混合功能概念体量","source_type":"agent_generated_design","confidence":"low","geometry_role":"design_proposal","area_sqm_declared":1977.0,"note_zh":"概念体量示意，非建筑方案或拆改留结论"},"geometry":{"type":"Polygon","coordinates":[[[116.343856,39.999708],[116.343853,39.999981],[116.343089,39.999977],[116.343092,39.999704],[116.343856,39.999708]]]}},{"type":"Feature","id":"BLDG-142","properties":{"id":"BLDG-142","layer":"BUILDING_FOOTPRINT","building_type":"residential","name_zh":"混合功能概念体量","source_type":"agent_generated_design","confidence":"low","geometry_role":"design_proposal","area_sqm_declared":2094.9,"note_zh":"概念体量示意，非建筑方案或拆改留结论"},"geometry":{"type":"Polygon","coordinates":[[[116.34282,39.999537],[116.342818,39.999823],[116.342046,39.999818],[116.342048,39.999532],[116.34282,39.999537]]]}},{"type":"Feature","id":"BLDG-143","properties":{"id":"BLDG-143","layer":"BUILDING_FOOTPRINT","building_type":"residential","name_zh":"混合功能概念体量","source_type":"agent_generated_design","confidence":"low","geometry_role":"design_proposal","area_sqm_declared":2516.9,"note_zh":"概念体量示意，非建筑方案或拆改留结论"},"geometry":{"type":"Polygon","coordinates":[[[116.342394,39.999204],[116.342391,39.999483],[116.34144,39.999477],[116.341443,39.999198],[116.342394,39.999204]]]}},{"type":"Feature","id":"BLDG-144","properties":{"id":"BLDG-144","layer":"BUILDING_FOOTPRINT","building_type":"residential","name_zh":"混合功能概念体量","source_type":"agent_generated_design","confidence":"low","geometry_role":"design_proposal","area_sqm_declared":1745.9,"note_zh":"概念体量示意，非建筑方案或拆改留结论"},"geometry":{"type":"Polygon","coordinates":[[[116.343835,40.001556],[116.343832,40.001868],[116.343241,40.001865],[116.343244,40.001553],[116.343835,40.001556]]]}},{"type":"Feature","id":"BLDG-145","properties":{"id":"BLDG-145","layer":"BUILDING_FOOTPRINT","building_type":"residential","name_zh":"混合功能概念体量","source_type":"agent_generated_design","confidence":"low","geometry_role":"design_proposal","area_sqm_declared":3017.1,"note_zh":"概念体量示意，非建筑方案或拆改留结论"},"geometry":{"type":"Polygon","coordinates":[[[116.343016,40.003147],[116.343013,40.003463],[116.342005,40.003458],[116.342008,40.003142],[116.343016,40.003147]]]}},{"type":"Feature","id":"BLDG-146","properties":{"id":"BLDG-146","layer":"BUILDING_FOOTPRINT","building_type":"residential","name_zh":"混合功能概念体量","source_type":"agent_generated_design","confidence":"low","geometry_role":"design_proposal","area_sqm_declared":2465.7,"note_zh":"概念体量示意，非建筑方案或拆改留结论"},"geometry":{"type":"Polygon","coordinates":[[[116.343299,40.002147],[116.343295,40.002592],[116.34271,40.002588],[116.342714,40.002144],[116.343299,40.002147]]]}},{"type":"Feature","id":"BLDG-147","properties":{"id":"BLDG-147","layer":"BUILDING_FOOTPRINT","building_type":"residential","name_zh":"混合功能概念体量","source_type":"agent_generated_design","confidence":"low","geometry_role":"design_proposal","area_sqm_declared":1492.4,"note_zh":"概念体量示意，非建筑方案或拆改留结论"},"geometry":{"type":"Polygon","coordinates":[[[116.342157,40.00157],[116.342155,40.001848],[116.341589,40.001845],[116.341592,40.001566],[116.342157,40.00157]]]}},{"type":"Feature","id":"BLDG-148","properties":{"id":"BLDG-148","layer":"BUILDING_FOOTPRINT","building_type":"residential","name_zh":"混合功能概念体量","source_type":"agent_generated_design","confidence":"low","geometry_role":"design_proposal","area_sqm_declared":2490.6,"note_zh":"概念体量示意，非建筑方案或拆改留结论"},"geometry":{"type":"Polygon","coordinates":[[[116.343164,40.00089],[116.343161,40.001247],[116.342424,40.001243],[116.342428,40.000886],[116.343164,40.00089]]]}},{"type":"Feature","id":"BLDG-149","properties":{"id":"BLDG-149","layer":"BUILDING_FOOTPRINT","building_type":"residential","name_zh":"混合功能概念体量","source_type":"agent_generated_design","confidence":"low","geometry_role":"design_proposal","area_sqm_declared":2003.8,"note_zh":"概念体量示意，非建筑方案或拆改留结论"},"geometry":{"type":"Polygon","coordinates":[[[116.342214,40.001036],[116.342211,40.001335],[116.341504,40.001331],[116.341507,40.001032],[116.342214,40.001036]]]}},{"type":"Feature","id":"BLDG-150","properties":{"id":"BLDG-150","layer":"BUILDING_FOOTPRINT","building_type":"residential","name_zh":"混合功能概念体量","source_type":"agent_generated_design","confidence":"low","geometry_role":"design_proposal","area_sqm_declared":2063.3,"note_zh":"概念体量示意，非建筑方案或拆改留结论"},"geometry":{"type":"Polygon","coordinates":[[[116.344029,40.002103],[116.344026,40.002423],[116.343347,40.002419],[116.34335,40.002099],[116.344029,40.002103]]]}},{"type":"Feature","id":"BLDG-151","properties":{"id":"BLDG-151","layer":"BUILDING_FOOTPRINT","building_type":"residential","name_zh":"混合功能概念体量","source_type":"agent_generated_design","confidence":"low","geometry_role":"design_proposal","area_sqm_declared":1939.5,"note_zh":"概念体量示意，非建筑方案或拆改留结论"},"geometry":{"type":"Polygon","coordinates":[[[116.342908,40.000534],[116.342905,40.00086],[116.342277,40.000856],[116.34228,40.000531],[116.342908,40.000534]]]}},{"type":"Feature","id":"BLDG-152","properties":{"id":"BLDG-152","layer":"BUILDING_FOOTPRINT","building_type":"residential","name_zh":"混合功能概念体量","source_type":"agent_generated_design","confidence":"low","geometry_role":"design_proposal","area_sqm_declared":3264.0,"note_zh":"概念体量示意，非建筑方案或拆改留结论"},"geometry":{"type":"Polygon","coordinates":[[[116.34251,40.001983],[116.342507,40.00237],[116.341617,40.002365],[116.341621,40.001978],[116.34251,40.001983]]]}},{"type":"Feature","id":"BLDG-153","properties":{"id":"BLDG-153","layer":"BUILDING_FOOTPRINT","building_type":"residential","name_zh":"混合功能概念体量","source_type":"agent_generated_design","confidence":"low","geometry_role":"design_proposal","area_sqm_declared":2391.1,"note_zh":"概念体量示意，非建筑方案或拆改留结论"},"geometry":{"type":"Polygon","coordinates":[[[116.343239,40.001257],[116.343236,40.001575],[116.342442,40.00157],[116.342445,40.001253],[116.343239,40.001257]]]}},{"type":"Feature","id":"BLDG-154","properties":{"id":"BLDG-154","layer":"BUILDING_FOOTPRINT","building_type":"mixed_use","name_zh":"混合功能概念体量","source_type":"agent_generated_design","confidence":"low","geometry_role":"design_proposal","area_sqm_declared":4085.8,"note_zh":"概念体量示意，非建筑方案或拆改留结论"},"geometry":{"type":"Polygon","coordinates":[[[116.343819,40.005431],[116.343815,40.005881],[116.342858,40.005875],[116.342862,40.005425],[116.343819,40.005431]]]}},{"type":"Feature","id":"BLDG-155","properties":{"id":"BLDG-155","layer":"BUILDING_FOOTPRINT","building_type":"mixed_use","name_zh":"混合功能概念体量","source_type":"agent_generated_design","confidence":"low","geometry_role":"design_proposal","area_sqm_declared":3164.8,"note_zh":"概念体量示意，非建筑方案或拆改留结论"},"geometry":{"type":"Polygon","coordinates":[[[116.343633,40.006893],[116.343629,40.007279],[116.342762,40.007274],[116.342766,40.006888],[116.343633,40.006893]]]}},{"type":"Feature","id":"BLDG-156","properties":{"id":"BLDG-156","layer":"BUILDING_FOOTPRINT","building_type":"mixed_use","name_zh":"混合功能概念体量","source_type":"agent_generated_design","confidence":"low","geometry_role":"design_proposal","area_sqm_declared":2286.8,"note_zh":"概念体量示意，非建筑方案或拆改留结论"},"geometry":{"type":"Polygon","coordinates":[[[116.343661,40.00454],[116.343658,40.004881],[116.34295,40.004877],[116.342953,40.004536],[116.343661,40.00454]]]}},{"type":"Feature","id":"BLDG-157","properties":{"id":"BLDG-157","layer":"BUILDING_FOOTPRINT","building_type":"mixed_use","name_zh":"混合功能概念体量","source_type":"agent_generated_design","confidence":"low","geometry_role":"design_proposal","area_sqm_declared":2839.3,"note_zh":"概念体量示意，非建筑方案或拆改留结论"},"geometry":{"type":"Polygon","coordinates":[[[116.343814,40.006167],[116.343809,40.006614],[116.34314,40.00661],[116.343144,40.006163],[116.343814,40.006167]]]}},{"type":"Feature","id":"BLDG-158","properties":{"id":"BLDG-158","layer":"BUILDING_FOOTPRINT","building_type":"mixed_use","name_zh":"混合功能概念体量","source_type":"agent_generated_design","confidence":"low","geometry_role":"design_proposal","area_sqm_declared":2068.4,"note_zh":"概念体量示意，非建筑方案或拆改留结论"},"geometry":{"type":"Polygon","coordinates":[[[116.342694,40.004515],[116.342692,40.004806],[116.341942,40.004802],[116.341945,40.004511],[116.342694,40.004515]]]}},{"type":"Feature","id":"BLDG-159","properties":{"id":"BLDG-159","layer":"BUILDING_FOOTPRINT","building_type":"mixed_use","name_zh":"混合功能概念体量","source_type":"agent_generated_design","confidence":"low","geometry_role":"design_proposal","area_sqm_declared":2418.4,"note_zh":"概念体量示意，非建筑方案或拆改留结论"},"geometry":{"type":"Polygon","coordinates":[[[116.344032,40.00397],[116.34403,40.004236],[116.343073,40.004231],[116.343076,40.003964],[116.344032,40.00397]]]}},{"type":"Feature","id":"BLDG-160","properties":{"id":"BLDG-160","layer":"BUILDING_FOOTPRINT","building_type":"mixed_use","name_zh":"混合功能概念体量","source_type":"agent_generated_design","confidence":"low","geometry_role":"design_proposal","area_sqm_declared":1437.4,"note_zh":"概念体量示意，非建筑方案或拆改留结论"},"geometry":{"type":"Polygon","coordinates":[[[116.343808,40.006636],[116.343806,40.006891],[116.343213,40.006888],[116.343215,40.006632],[116.343808,40.006636]]]}},{"type":"Feature","id":"BLDG-161","properties":{"id":"BLDG-161","layer":"BUILDING_FOOTPRINT","building_type":"mixed_use","name_zh":"混合功能概念体量","source_type":"agent_generated_design","confidence":"low","geometry_role":"design_proposal","area_sqm_declared":2892.1,"note_zh":"概念体量示意，非建筑方案或拆改留结论"},"geometry":{"type":"Polygon","coordinates":[[[116.342924,40.004906],[116.342921,40.00524],[116.342008,40.005235],[116.342011,40.004901],[116.342924,40.004906]]]}},{"type":"Feature","id":"BLDG-162","properties":{"id":"BLDG-162","layer":"BUILDING_FOOTPRINT","building_type":"mixed_use","name_zh":"混合功能概念体量","source_type":"agent_generated_design","confidence":"low","geometry_role":"design_proposal","area_sqm_declared":1494.9,"note_zh":"概念体量示意，非建筑方案或拆改留结论"},"geometry":{"type":"Polygon","coordinates":[[[116.342417,40.006153],[116.342415,40.006448],[116.341879,40.006445],[116.341882,40.00615],[116.342417,40.006153]]]}},{"type":"Feature","id":"BLDG-163","properties":{"id":"BLDG-163","layer":"BUILDING_FOOTPRINT","building_type":"mixed_use","name_zh":"混合功能概念体量","source_type":"agent_generated_design","confidence":"low","geometry_role":"design_proposal","area_sqm_declared":2160.2,"note_zh":"概念体量示意，非建筑方案或拆改留结论"},"geometry":{"type":"Polygon","coordinates":[[[116.342809,40.005326],[116.342805,40.005706],[116.342206,40.005702],[116.34221,40.005322],[116.342809,40.005326]]]}},{"type":"Feature","id":"BLDG-164","properties":{"id":"BLDG-164","layer":"BUILDING_FOOTPRINT","building_type":"ai_r_and_d","name_zh":"混合功能概念体量","source_type":"agent_generated_design","confidence":"low","geometry_role":"design_proposal","area_sqm_declared":2732.3,"note_zh":"概念体量示意，非建筑方案或拆改留结论"},"geometry":{"type":"Polygon","coordinates":[[[116.342885,40.008373],[116.342882,40.008685],[116.341956,40.008679],[116.341959,40.008368],[116.342885,40.008373]]]}},{"type":"Feature","id":"BLDG-165","properties":{"id":"BLDG-165","layer":"BUILDING_FOOTPRINT","building_type":"ai_r_and_d","name_zh":"混合功能概念体量","source_type":"agent_generated_design","confidence":"low","geometry_role":"design_proposal","area_sqm_declared":3512.7,"note_zh":"概念体量示意，非建筑方案或拆改留结论"},"geometry":{"type":"Polygon","coordinates":[[[116.34311,40.007914],[116.343107,40.008275],[116.342083,40.00827],[116.342086,40.007908],[116.34311,40.007914]]]}},{"type":"Feature","id":"BLDG-166","properties":{"id":"BLDG-166","layer":"BUILDING_FOOTPRINT","building_type":"ai_r_and_d","name_zh":"混合功能概念体量","source_type":"agent_generated_design","confidence":"low","geometry_role":"design_proposal","area_sqm_declared":1699.2,"note_zh":"概念体量示意，非建筑方案或拆改留结论"},"geometry":{"type":"Polygon","coordinates":[[[116.343356,40.008889],[116.343353,40.009208],[116.34279,40.009205],[116.342793,40.008886],[116.343356,40.008889]]]}},{"type":"Feature","id":"BLDG-167","properties":{"id":"BLDG-167","layer":"BUILDING_FOOTPRINT","building_type":"ai_r_and_d","name_zh":"混合功能概念体量","source_type":"agent_generated_design","confidence":"low","geometry_role":"design_proposal","area_sqm_declared":2419.0,"note_zh":"概念体量示意，非建筑方案或拆改留结论"},"geometry":{"type":"Polygon","coordinates":[[[116.343751,40.010217],[116.343749,40.010487],[116.342803,40.010481],[116.342805,40.010212],[116.343751,40.010217]]]}},{"type":"Feature","id":"BLDG-168","properties":{"id":"BLDG-168","layer":"BUILDING_FOOTPRINT","building_type":"ai_r_and_d","name_zh":"混合功能概念体量","source_type":"agent_generated_design","confidence":"low","geometry_role":"design_proposal","area_sqm_declared":2958.1,"note_zh":"概念体量示意，非建筑方案或拆改留结论"},"geometry":{"type":"Polygon","coordinates":[[[116.342779,40.009056],[116.342775,40.009475],[116.342031,40.009471],[116.342035,40.009052],[116.342779,40.009056]]]}},{"type":"Feature","id":"BLDG-169","properties":{"id":"BLDG-169","layer":"BUILDING_FOOTPRINT","building_type":"ai_r_and_d","name_zh":"混合功能概念体量","source_type":"agent_generated_design","confidence":"low","geometry_role":"design_proposal","area_sqm_declared":3004.4,"note_zh":"概念体量示意，非建筑方案或拆改留结论"},"geometry":{"type":"Polygon","coordinates":[[[116.343462,40.009559],[116.343459,40.009896],[116.342517,40.00989],[116.34252,40.009554],[116.343462,40.009559]]]}},{"type":"Feature","id":"BLDG-170","properties":{"id":"BLDG-170","layer":"BUILDING_FOOTPRINT","building_type":"ai_r_and_d","name_zh":"混合功能概念体量","source_type":"agent_generated_design","confidence":"low","geometry_role":"design_proposal","area_sqm_declared":2122.4,"note_zh":"概念体量示意，非建筑方案或拆改留结论"},"geometry":{"type":"Polygon","coordinates":[[[116.342701,40.010426],[116.342697,40.010795],[116.342091,40.010792],[116.342095,40.010423],[116.342701,40.010426]]]}},{"type":"Feature","id":"BLDG-171","properties":{"id":"BLDG-171","layer":"BUILDING_FOOTPRINT","building_type":"ai_r_and_d","name_zh":"混合功能概念体量","source_type":"agent_generated_design","confidence":"low","geometry_role":"design_proposal","area_sqm_declared":3067.2,"note_zh":"概念体量示意，非建筑方案或拆改留结论"},"geometry":{"type":"Polygon","coordinates":[[[116.343047,40.007512],[116.343044,40.007856],[116.342102,40.007851],[116.342106,40.007507],[116.343047,40.007512]]]}},{"type":"Feature","id":"BLDG-172","properties":{"id":"BLDG-172","layer":"BUILDING_FOOTPRINT","building_type":"mixed_use","name_zh":"混合功能概念体量","source_type":"agent_generated_design","confidence":"low","geometry_role":"design_proposal","area_sqm_declared":3534.4,"note_zh":"概念体量示意，非建筑方案或拆改留结论"},"geometry":{"type":"Polygon","coordinates":[[[116.343354,40.01377],[116.34335,40.014166],[116.34241,40.014161],[116.342414,40.013764],[116.343354,40.01377]]]}},{"type":"Feature","id":"BLDG-173","properties":{"id":"BLDG-173","layer":"BUILDING_FOOTPRINT","building_type":"mixed_use","name_zh":"混合功能概念体量","source_type":"agent_generated_design","confidence":"low","geometry_role":"design_proposal","area_sqm_declared":2184.7,"note_zh":"概念体量示意，非建筑方案或拆改留结论"},"geometry":{"type":"Polygon","coordinates":[[[116.343381,40.013197],[116.343377,40.013596],[116.342799,40.013592],[116.342803,40.013194],[116.343381,40.013197]]]}},{"type":"Feature","id":"BLDG-174","properties":{"id":"BLDG-174","layer":"BUILDING_FOOTPRINT","building_type":"mixed_use","name_zh":"混合功能概念体量","source_type":"agent_generated_design","confidence":"low","geometry_role":"design_proposal","area_sqm_declared":2367.7,"note_zh":"概念体量示意，非建筑方案或拆改留结论"},"geometry":{"type":"Polygon","coordinates":[[[116.342667,40.011568],[116.342662,40.012012],[116.3421,40.012009],[116.342104,40.011565],[116.342667,40.011568]]]}},{"type":"Feature","id":"BLDG-175","properties":{"id":"BLDG-175","layer":"BUILDING_FOOTPRINT","building_type":"mixed_use","name_zh":"混合功能概念体量","source_type":"agent_generated_design","confidence":"low","geometry_role":"design_proposal","area_sqm_declared":3065.6,"note_zh":"概念体量示意，非建筑方案或拆改留结论"},"geometry":{"type":"Polygon","coordinates":[[[116.343704,40.011771],[116.3437,40.012162],[116.342873,40.012157],[116.342877,40.011766],[116.343704,40.011771]]]}},{"type":"Feature","id":"BLDG-176","properties":{"id":"BLDG-176","layer":"BUILDING_FOOTPRINT","building_type":"mixed_use","name_zh":"混合功能概念体量","source_type":"agent_generated_design","confidence":"low","geometry_role":"design_proposal","area_sqm_declared":1615.3,"note_zh":"概念体量示意，非建筑方案或拆改留结论"},"geometry":{"type":"Polygon","coordinates":[[[116.343076,40.012739],[116.343073,40.013004],[116.34243,40.013],[116.342433,40.012735],[116.343076,40.012739]]]}},{"type":"Feature","id":"BLDG-177","properties":{"id":"BLDG-177","layer":"BUILDING_FOOTPRINT","building_type":"mixed_use","name_zh":"混合功能概念体量","source_type":"agent_generated_design","confidence":"low","geometry_role":"design_proposal","area_sqm_declared":1623.2,"note_zh":"概念体量示意，非建筑方案或拆改留结论"},"geometry":{"type":"Polygon","coordinates":[[[116.343553,40.01128],[116.34355,40.011538],[116.342886,40.011534],[116.342889,40.011276],[116.343553,40.01128]]]}},{"type":"Feature","id":"BLDG-178","properties":{"id":"BLDG-178","layer":"BUILDING_FOOTPRINT","building_type":"mixed_use","name_zh":"混合功能概念体量","source_type":"agent_generated_design","confidence":"low","geometry_role":"design_proposal","area_sqm_declared":1567.1,"note_zh":"概念体量示意，非建筑方案或拆改留结论"},"geometry":{"type":"Polygon","coordinates":[[[116.342772,40.013408],[116.34277,40.013672],[116.342144,40.013669],[116.342147,40.013404],[116.342772,40.013408]]]}},{"type":"Feature","id":"BLDG-179","properties":{"id":"BLDG-179","layer":"BUILDING_FOOTPRINT","building_type":"mixed_use","name_zh":"混合功能概念体量","source_type":"agent_generated_design","confidence":"low","geometry_role":"design_proposal","area_sqm_declared":1844.4,"note_zh":"概念体量示意，非建筑方案或拆改留结论"},"geometry":{"type":"Polygon","coordinates":[[[116.343779,40.012396],[116.343776,40.012707],[116.343151,40.012704],[116.343154,40.012392],[116.343779,40.012396]]]}},{"type":"Feature","id":"BLDG-180","properties":{"id":"BLDG-180","layer":"BUILDING_FOOTPRINT","building_type":"mixed_use","name_zh":"混合功能概念体量","source_type":"agent_generated_design","confidence":"low","geometry_role":"design_proposal","area_sqm_declared":2834.2,"note_zh":"概念体量示意，非建筑方案或拆改留结论"},"geometry":{"type":"Polygon","coordinates":[[[116.343027,40.012277],[116.343024,40.012673],[116.342267,40.012668],[116.342271,40.012273],[116.343027,40.012277]]]}},{"type":"Feature","id":"BLDG-181","properties":{"id":"BLDG-181","layer":"BUILDING_FOOTPRINT","building_type":"ai_r_and_d","name_zh":"混合功能概念体量","source_type":"agent_generated_design","confidence":"low","geometry_role":"design_proposal","area_sqm_declared":3955.3,"note_zh":"概念体量示意，非建筑方案或拆改留结论"},"geometry":{"type":"Polygon","coordinates":[[[116.343581,40.017026],[116.343577,40.017475],[116.342646,40.017469],[116.34265,40.017021],[116.343581,40.017026]]]}},{"type":"Feature","id":"BLDG-182","properties":{"id":"BLDG-182","layer":"BUILDING_FOOTPRINT","building_type":"ai_r_and_d","name_zh":"混合功能概念体量","source_type":"agent_generated_design","confidence":"low","geometry_role":"design_proposal","area_sqm_declared":3021.9,"note_zh":"概念体量示意，非建筑方案或拆改留结论"},"geometry":{"type":"Polygon","coordinates":[[[116.343824,40.015301],[116.343821,40.015662],[116.342938,40.015657],[116.342941,40.015296],[116.343824,40.015301]]]}},{"type":"Feature","id":"BLDG-183","properties":{"id":"BLDG-183","layer":"BUILDING_FOOTPRINT","building_type":"ai_r_and_d","name_zh":"混合功能概念体量","source_type":"agent_generated_design","confidence":"low","geometry_role":"design_proposal","area_sqm_declared":1806.5,"note_zh":"概念体量示意，非建筑方案或拆改留结论"},"geometry":{"type":"Polygon","coordinates":[[[116.343213,40.017604],[116.34321,40.017918],[116.342603,40.017915],[116.342606,40.017601],[116.343213,40.017604]]]}},{"type":"Feature","id":"BLDG-184","properties":{"id":"BLDG-184","layer":"BUILDING_FOOTPRINT","building_type":"ai_r_and_d","name_zh":"混合功能概念体量","source_type":"agent_generated_design","confidence":"low","geometry_role":"design_proposal","area_sqm_declared":3644.2,"note_zh":"概念体量示意，非建筑方案或拆改留结论"},"geometry":{"type":"Polygon","coordinates":[[[116.343947,40.015832],[116.343943,40.016232],[116.342982,40.016226],[116.342985,40.015827],[116.343947,40.015832]]]}},{"type":"Feature","id":"BLDG-185","properties":{"id":"BLDG-185","layer":"BUILDING_FOOTPRINT","building_type":"ai_r_and_d","name_zh":"混合功能概念体量","source_type":"agent_generated_design","confidence":"low","geometry_role":"design_proposal","area_sqm_declared":1874.0,"note_zh":"概念体量示意，非建筑方案或拆改留结论"},"geometry":{"type":"Polygon","coordinates":[[[116.343676,40.01639],[116.343672,40.016762],[116.343141,40.016759],[116.343145,40.016387],[116.343676,40.01639]]]}},{"type":"Feature","id":"BLDG-186","properties":{"id":"BLDG-186","layer":"BUILDING_FOOTPRINT","building_type":"ai_r_and_d","name_zh":"混合功能概念体量","source_type":"agent_generated_design","confidence":"low","geometry_role":"design_proposal","area_sqm_declared":1557.2,"note_zh":"概念体量示意，非建筑方案或拆改留结论"},"geometry":{"type":"Polygon","coordinates":[[[116.34291,40.016145],[116.342908,40.016405],[116.342275,40.016401],[116.342278,40.016142],[116.34291,40.016145]]]}},{"type":"Feature","id":"BLDG-187","properties":{"id":"BLDG-187","layer":"BUILDING_FOOTPRINT","building_type":"ai_r_and_d","name_zh":"混合功能概念体量","source_type":"agent_generated_design","confidence":"low","geometry_role":"design_proposal","area_sqm_declared":2661.2,"note_zh":"概念体量示意，非建筑方案或拆改留结论"},"geometry":{"type":"Polygon","coordinates":[[[116.343874,40.014793],[116.343872,40.015066],[116.342842,40.01506],[116.342845,40.014787],[116.343874,40.014793]]]}},{"type":"Feature","id":"BLDG-188","properties":{"id":"BLDG-188","layer":"BUILDING_FOOTPRINT","building_type":"ai_r_and_d","name_zh":"混合功能概念体量","source_type":"agent_generated_design","confidence":"low","geometry_role":"design_proposal","area_sqm_declared":2661.4,"note_zh":"概念体量示意，非建筑方案或拆改留结论"},"geometry":{"type":"Polygon","coordinates":[[[116.343473,40.020426],[116.343469,40.020856],[116.342817,40.020853],[116.342821,40.020422],[116.343473,40.020426]]]}},{"type":"Feature","id":"BLDG-189","properties":{"id":"BLDG-189","layer":"BUILDING_FOOTPRINT","building_type":"ai_r_and_d","name_zh":"混合功能概念体量","source_type":"agent_generated_design","confidence":"low","geometry_role":"design_proposal","area_sqm_declared":1539.2,"note_zh":"概念体量示意，非建筑方案或拆改留结论"},"geometry":{"type":"Polygon","coordinates":[[[116.343388,40.018652],[116.343386,40.018922],[116.342784,40.018918],[116.342787,40.018649],[116.343388,40.018652]]]}},{"type":"Feature","id":"BLDG-190","properties":{"id":"BLDG-190","layer":"BUILDING_FOOTPRINT","building_type":"ai_r_and_d","name_zh":"混合功能概念体量","source_type":"agent_generated_design","confidence":"low","geometry_role":"design_proposal","area_sqm_declared":3020.2,"note_zh":"概念体量示意，非建筑方案或拆改留结论"},"geometry":{"type":"Polygon","coordinates":[[[116.343899,40.019944],[116.343895,40.020288],[116.34297,40.020283],[116.342973,40.019939],[116.343899,40.019944]]]}},{"type":"Feature","id":"BLDG-191","properties":{"id":"BLDG-191","layer":"BUILDING_FOOTPRINT","building_type":"ai_r_and_d","name_zh":"混合功能概念体量","source_type":"agent_generated_design","confidence":"low","geometry_role":"design_proposal","area_sqm_declared":2499.4,"note_zh":"概念体量示意，非建筑方案或拆改留结论"},"geometry":{"type":"Polygon","coordinates":[[[116.343134,40.021255],[116.34313,40.021664],[116.342485,40.02166],[116.342489,40.021252],[116.343134,40.021255]]]}},{"type":"Feature","id":"BLDG-192","properties":{"id":"BLDG-192","layer":"BUILDING_FOOTPRINT","building_type":"ai_r_and_d","name_zh":"混合功能概念体量","source_type":"agent_generated_design","confidence":"low","geometry_role":"design_proposal","area_sqm_declared":3794.8,"note_zh":"概念体量示意，非建筑方案或拆改留结论"},"geometry":{"type":"Polygon","coordinates":[[[116.343625,40.01915],[116.343621,40.01959],[116.342712,40.019585],[116.342717,40.019145],[116.343625,40.01915]]]}},{"type":"Feature","id":"BLDG-193","properties":{"id":"BLDG-193","layer":"BUILDING_FOOTPRINT","building_type":"ai_r_and_d","name_zh":"混合功能概念体量","source_type":"agent_generated_design","confidence":"low","geometry_role":"design_proposal","area_sqm_declared":1522.7,"note_zh":"概念体量示意，非建筑方案或拆改留结论"},"geometry":{"type":"Polygon","coordinates":[[[116.34322,40.01965],[116.343218,40.019916],[116.342614,40.019913],[116.342617,40.019647],[116.34322,40.01965]]]}},{"type":"Feature","id":"BLDG-194","properties":{"id":"BLDG-194","layer":"BUILDING_FOOTPRINT","building_type":"ai_r_and_d","name_zh":"混合功能概念体量","source_type":"agent_generated_design","confidence":"low","geometry_role":"design_proposal","area_sqm_declared":2237.0,"note_zh":"概念体量示意，非建筑方案或拆改留结论"},"geometry":{"type":"Polygon","coordinates":[[[116.343239,40.022561],[116.343235,40.022931],[116.342597,40.022928],[116.3426,40.022558],[116.343239,40.022561]]]}},{"type":"Feature","id":"BLDG-195","properties":{"id":"BLDG-195","layer":"BUILDING_FOOTPRINT","building_type":"ai_r_and_d","name_zh":"混合功能概念体量","source_type":"agent_generated_design","confidence":"low","geometry_role":"design_proposal","area_sqm_declared":1968.7,"note_zh":"概念体量示意，非建筑方案或拆改留结论"},"geometry":{"type":"Polygon","coordinates":[[[116.343715,40.023714],[116.343711,40.024091],[116.34316,40.024087],[116.343163,40.023711],[116.343715,40.023714]]]}},{"type":"Feature","id":"BLDG-196","properties":{"id":"BLDG-196","layer":"BUILDING_FOOTPRINT","building_type":"ai_r_and_d","name_zh":"混合功能概念体量","source_type":"agent_generated_design","confidence":"low","geometry_role":"design_proposal","area_sqm_declared":1804.4,"note_zh":"概念体量示意，非建筑方案或拆改留结论"},"geometry":{"type":"Polygon","coordinates":[[[116.343389,40.024137],[116.343386,40.024477],[116.342826,40.024474],[116.342829,40.024134],[116.343389,40.024137]]]}},{"type":"Feature","id":"BLDG-197","properties":{"id":"BLDG-197","layer":"BUILDING_FOOTPRINT","building_type":"ai_r_and_d","name_zh":"混合功能概念体量","source_type":"agent_generated_design","confidence":"low","geometry_role":"design_proposal","area_sqm_declared":1915.8,"note_zh":"概念体量示意，非建筑方案或拆改留结论"},"geometry":{"type":"Polygon","coordinates":[[[116.343161,40.023357],[116.343157,40.023735],[116.342623,40.023732],[116.342626,40.023354],[116.343161,40.023357]]]}},{"type":"Feature","id":"BLDG-198","properties":{"id":"BLDG-198","layer":"BUILDING_FOOTPRINT","building_type":"ai_r_and_d","name_zh":"混合功能概念体量","source_type":"agent_generated_design","confidence":"low","geometry_role":"design_proposal","area_sqm_declared":2460.4,"note_zh":"概念体量示意，非建筑方案或拆改留结论"},"geometry":{"type":"Polygon","coordinates":[[[116.346112,39.940113],[116.34611,39.940376],[116.345124,39.940371],[116.345126,39.940108],[116.346112,39.940113]]]}},{"type":"Feature","id":"BLDG-199","properties":{"id":"BLDG-199","layer":"BUILDING_FOOTPRINT","building_type":"ai_r_and_d","name_zh":"混合功能概念体量","source_type":"agent_generated_design","confidence":"low","geometry_role":"design_proposal","area_sqm_declared":2697.7,"note_zh":"概念体量示意，非建筑方案或拆改留结论"},"geometry":{"type":"Polygon","coordinates":[[[116.347536,39.941794],[116.347533,39.942138],[116.346707,39.942133],[116.34671,39.941789],[116.347536,39.941794]]]}},{"type":"Feature","id":"BLDG-200","properties":{"id":"BLDG-200","layer":"BUILDING_FOOTPRINT","building_type":"ai_r_and_d","name_zh":"混合功能概念体量","source_type":"agent_generated_design","confidence":"low","geometry_role":"design_proposal","area_sqm_declared":2589.4,"note_zh":"概念体量示意，非建筑方案或拆改留结论"},"geometry":{"type":"Polygon","coordinates":[[[116.347093,39.941171],[116.34709,39.941524],[116.346317,39.94152],[116.34632,39.941167],[116.347093,39.941171]]]}},{"type":"Feature","id":"BLDG-201","properties":{"id":"BLDG-201","layer":"BUILDING_FOOTPRINT","building_type":"ai_r_and_d","name_zh":"混合功能概念体量","source_type":"agent_generated_design","confidence":"low","geometry_role":"design_proposal","area_sqm_declared":3261.6,"note_zh":"概念体量示意，非建筑方案或拆改留结论"},"geometry":{"type":"Polygon","coordinates":[[[116.347348,39.939204],[116.347344,39.939631],[116.346538,39.939626],[116.346542,39.9392],[116.347348,39.939204]]]}},{"type":"Feature","id":"BLDG-202","properties":{"id":"BLDG-202","layer":"BUILDING_FOOTPRINT","building_type":"ai_r_and_d","name_zh":"混合功能概念体量","source_type":"agent_generated_design","confidence":"low","geometry_role":"design_proposal","area_sqm_declared":2270.9,"note_zh":"概念体量示意，非建筑方案或拆改留结论"},"geometry":{"type":"Polygon","coordinates":[[[116.346705,39.940736],[116.346702,39.941022],[116.345865,39.941017],[116.345868,39.940732],[116.346705,39.940736]]]}},{"type":"Feature","id":"BLDG-203","properties":{"id":"BLDG-203","layer":"BUILDING_FOOTPRINT","building_type":"ai_r_and_d","name_zh":"混合功能概念体量","source_type":"agent_generated_design","confidence":"low","geometry_role":"design_proposal","area_sqm_declared":2278.4,"note_zh":"概念体量示意，非建筑方案或拆改留结论"},"geometry":{"type":"Polygon","coordinates":[[[116.346239,39.939812],[116.346236,39.940099],[116.3454,39.940094],[116.345403,39.939807],[116.346239,39.939812]]]}},{"type":"Feature","id":"BLDG-204","properties":{"id":"BLDG-204","layer":"BUILDING_FOOTPRINT","building_type":"ai_r_and_d","name_zh":"混合功能概念体量","source_type":"agent_generated_design","confidence":"low","geometry_role":"design_proposal","area_sqm_declared":2128.2,"note_zh":"概念体量示意，非建筑方案或拆改留结论"},"geometry":{"type":"Polygon","coordinates":[[[116.346983,39.940326],[116.34698,39.940611],[116.346195,39.940607],[116.346198,39.940321],[116.346983,39.940326]]]}},{"type":"Feature","id":"BLDG-205","properties":{"id":"BLDG-205","layer":"BUILDING_FOOTPRINT","building_type":"ai_r_and_d","name_zh":"混合功能概念体量","source_type":"agent_generated_design","confidence":"low","geometry_role":"design_proposal","area_sqm_declared":2447.7,"note_zh":"概念体量示意，非建筑方案或拆改留结论"},"geometry":{"type":"Polygon","coordinates":[[[116.346116,39.939292],[116.346113,39.939629],[116.345347,39.939625],[116.345351,39.939288],[116.346116,39.939292]]]}},{"type":"Feature","id":"BLDG-206","properties":{"id":"BLDG-206","layer":"BUILDING_FOOTPRINT","building_type":"ai_r_and_d","name_zh":"混合功能概念体量","source_type":"agent_generated_design","confidence":"low","geometry_role":"design_proposal","area_sqm_declared":2634.6,"note_zh":"概念体量示意，非建筑方案或拆改留结论"},"geometry":{"type":"Polygon","coordinates":[[[116.347956,39.941405],[116.347953,39.941756],[116.347162,39.941752],[116.347165,39.9414],[116.347956,39.941405]]]}},{"type":"Feature","id":"BLDG-207","properties":{"id":"BLDG-207","layer":"BUILDING_FOOTPRINT","building_type":"mixed_use","name_zh":"混合功能概念体量","source_type":"agent_generated_design","confidence":"low","geometry_role":"design_proposal","area_sqm_declared":2553.9,"note_zh":"概念体量示意，非建筑方案或拆改留结论"},"geometry":{"type":"Polygon","coordinates":[[[116.348562,39.942963],[116.348559,39.943242],[116.347594,39.943236],[116.347596,39.942958],[116.348562,39.942963]]]}},{"type":"Feature","id":"BLDG-208","properties":{"id":"BLDG-208","layer":"BUILDING_FOOTPRINT","building_type":"mixed_use","name_zh":"混合功能概念体量","source_type":"agent_generated_design","confidence":"low","geometry_role":"design_proposal","area_sqm_declared":3655.6,"note_zh":"概念体量示意，非建筑方案或拆改留结论"},"geometry":{"type":"Polygon","coordinates":[[[116.348811,39.943866],[116.348807,39.944274],[116.347863,39.944268],[116.347867,39.94386],[116.348811,39.943866]]]}},{"type":"Feature","id":"BLDG-209","properties":{"id":"BLDG-209","layer":"BUILDING_FOOTPRINT","building_type":"mixed_use","name_zh":"混合功能概念体量","source_type":"agent_generated_design","confidence":"low","geometry_role":"design_proposal","area_sqm_declared":2271.6,"note_zh":"概念体量示意，非建筑方案或拆改留结论"},"geometry":{"type":"Polygon","coordinates":[[[116.348107,39.94498],[116.348104,39.945342],[116.347441,39.945338],[116.347444,39.944977],[116.348107,39.94498]]]}},{"type":"Feature","id":"BLDG-210","properties":{"id":"BLDG-210","layer":"BUILDING_FOOTPRINT","building_type":"mixed_use","name_zh":"混合功能概念体量","source_type":"agent_generated_design","confidence":"low","geometry_role":"design_proposal","area_sqm_declared":2699.0,"note_zh":"概念体量示意，非建筑方案或拆改留结论"},"geometry":{"type":"Polygon","coordinates":[[[116.34796,39.944456],[116.347957,39.944829],[116.347194,39.944825],[116.347197,39.944452],[116.34796,39.944456]]]}},{"type":"Feature","id":"BLDG-211","properties":{"id":"BLDG-211","layer":"BUILDING_FOOTPRINT","building_type":"mixed_use","name_zh":"混合功能概念体量","source_type":"agent_generated_design","confidence":"low","geometry_role":"design_proposal","area_sqm_declared":3975.7,"note_zh":"概念体量示意，非建筑方案或拆改留结论"},"geometry":{"type":"Polygon","coordinates":[[[116.346781,39.944607],[116.346777,39.945051],[116.345834,39.945045],[116.345838,39.944601],[116.346781,39.944607]]]}},{"type":"Feature","id":"BLDG-212","properties":{"id":"BLDG-212","layer":"BUILDING_FOOTPRINT","building_type":"mixed_use","name_zh":"混合功能概念体量","source_type":"agent_generated_design","confidence":"low","geometry_role":"design_proposal","area_sqm_declared":4142.2,"note_zh":"概念体量示意，非建筑方案或拆改留结论"},"geometry":{"type":"Polygon","coordinates":[[[116.347187,39.94408],[116.347183,39.944524],[116.346199,39.944518],[116.346203,39.944075],[116.347187,39.94408]]]}},{"type":"Feature","id":"BLDG-213","properties":{"id":"BLDG-213","layer":"BUILDING_FOOTPRINT","building_type":"mixed_use","name_zh":"混合功能概念体量","source_type":"agent_generated_design","confidence":"low","geometry_role":"design_proposal","area_sqm_declared":4020.3,"note_zh":"概念体量示意，非建筑方案或拆改留结论"},"geometry":{"type":"Polygon","coordinates":[[[116.346471,39.945324],[116.346467,39.945761],[116.345498,39.945755],[116.345502,39.945318],[116.346471,39.945324]]]}},{"type":"Feature","id":"BLDG-214","properties":{"id":"BLDG-214","layer":"BUILDING_FOOTPRINT","building_type":"mixed_use","name_zh":"混合功能概念体量","source_type":"agent_generated_design","confidence":"low","geometry_role":"design_proposal","area_sqm_declared":3059.8,"note_zh":"概念体量示意，非建筑方案或拆改留结论"},"geometry":{"type":"Polygon","coordinates":[[[116.348851,39.94455],[116.348847,39.944946],[116.348032,39.944941],[116.348036,39.944545],[116.348851,39.94455]]]}},{"type":"Feature","id":"BLDG-215","properties":{"id":"BLDG-215","layer":"BUILDING_FOOTPRINT","building_type":"mixed_use","name_zh":"混合功能概念体量","source_type":"agent_generated_design","confidence":"low","geometry_role":"design_proposal","area_sqm_declared":1888.8,"note_zh":"概念体量示意，非建筑方案或拆改留结论"},"geometry":{"type":"Polygon","coordinates":[[[116.347854,39.943611],[116.347851,39.9439],[116.347162,39.943896],[116.347165,39.943607],[116.347854,39.943611]]]}},{"type":"Feature","id":"BLDG-216","properties":{"id":"BLDG-216","layer":"BUILDING_FOOTPRINT","building_type":"mixed_use","name_zh":"混合功能概念体量","source_type":"agent_generated_design","confidence":"low","geometry_role":"design_proposal","area_sqm_declared":1751.3,"note_zh":"概念体量示意，非建筑方案或拆改留结论"},"geometry":{"type":"Polygon","coordinates":[[[116.348406,39.945556],[116.348404,39.945821],[116.347709,39.945817],[116.347711,39.945552],[116.348406,39.945556]]]}},{"type":"Feature","id":"BLDG-217","properties":{"id":"BLDG-217","layer":"BUILDING_FOOTPRINT","building_type":"mixed_use","name_zh":"混合功能概念体量","source_type":"agent_generated_design","confidence":"low","geometry_role":"design_proposal","area_sqm_declared":2194.9,"note_zh":"概念体量示意，非建筑方案或拆改留结论"},"geometry":{"type":"Polygon","coordinates":[[[116.346862,39.943708],[116.346859,39.943984],[116.346022,39.94398],[116.346025,39.943703],[116.346862,39.943708]]]}},{"type":"Feature","id":"BLDG-218","properties":{"id":"BLDG-218","layer":"BUILDING_FOOTPRINT","building_type":"mixed_use","name_zh":"混合功能概念体量","source_type":"agent_generated_design","confidence":"low","geometry_role":"design_proposal","area_sqm_declared":1854.4,"note_zh":"概念体量示意，非建筑方案或拆改留结论"},"geometry":{"type":"Polygon","coordinates":[[[116.347122,39.943177],[116.347119,39.94348],[116.346474,39.943476],[116.346477,39.943173],[116.347122,39.943177]]]}},{"type":"Feature","id":"BLDG-219","properties":{"id":"BLDG-219","layer":"BUILDING_FOOTPRINT","building_type":"mixed_use","name_zh":"混合功能概念体量","source_type":"agent_generated_design","confidence":"low","geometry_role":"design_proposal","area_sqm_declared":2364.6,"note_zh":"概念体量示意，非建筑方案或拆改留结论"},"geometry":{"type":"Polygon","coordinates":[[[116.347418,39.948342],[116.347416,39.948613],[116.346497,39.948608],[116.3465,39.948337],[116.347418,39.948342]]]}},{"type":"Feature","id":"BLDG-220","properties":{"id":"BLDG-220","layer":"BUILDING_FOOTPRINT","building_type":"mixed_use","name_zh":"混合功能概念体量","source_type":"agent_generated_design","confidence":"low","geometry_role":"design_proposal","area_sqm_declared":2500.7,"note_zh":"概念体量示意，非建筑方案或拆改留结论"},"geometry":{"type":"Polygon","coordinates":[[[116.349092,39.948214],[116.349089,39.948473],[116.348069,39.948467],[116.348071,39.948209],[116.349092,39.948214]]]}},{"type":"Feature","id":"BLDG-221","properties":{"id":"BLDG-221","layer":"BUILDING_FOOTPRINT","building_type":"mixed_use","name_zh":"混合功能概念体量","source_type":"agent_generated_design","confidence":"low","geometry_role":"design_proposal","area_sqm_declared":2446.7,"note_zh":"概念体量示意，非建筑方案或拆改留结论"},"geometry":{"type":"Polygon","coordinates":[[[116.346995,39.94669],[116.346993,39.946945],[116.345982,39.946939],[116.345985,39.946684],[116.346995,39.94669]]]}},{"type":"Feature","id":"BLDG-222","properties":{"id":"BLDG-222","layer":"BUILDING_FOOTPRINT","building_type":"mixed_use","name_zh":"混合功能概念体量","source_type":"agent_generated_design","confidence":"low","geometry_role":"design_proposal","area_sqm_declared":3647.3,"note_zh":"概念体量示意，非建筑方案或拆改留结论"},"geometry":{"type":"Polygon","coordinates":[[[116.349084,39.946619],[116.34908,39.94702],[116.34812,39.947015],[116.348124,39.946614],[116.349084,39.946619]]]}},{"type":"Feature","id":"BLDG-223","properties":{"id":"BLDG-223","layer":"BUILDING_FOOTPRINT","building_type":"mixed_use","name_zh":"混合功能概念体量","source_type":"agent_generated_design","confidence":"low","geometry_role":"design_proposal","area_sqm_declared":2175.4,"note_zh":"概念体量示意，非建筑方案或拆改留结论"},"geometry":{"type":"Polygon","coordinates":[[[116.348677,39.947811],[116.348674,39.94809],[116.347855,39.948086],[116.347858,39.947806],[116.348677,39.947811]]]}},{"type":"Feature","id":"BLDG-224","properties":{"id":"BLDG-224","layer":"BUILDING_FOOTPRINT","building_type":"mixed_use","name_zh":"混合功能概念体量","source_type":"agent_generated_design","confidence":"low","geometry_role":"design_proposal","area_sqm_declared":3180.5,"note_zh":"概念体量示意，非建筑方案或拆改留结论"},"geometry":{"type":"Polygon","coordinates":[[[116.348941,39.947121],[116.348938,39.947481],[116.348006,39.947476],[116.348009,39.947116],[116.348941,39.947121]]]}},{"type":"Feature","id":"BLDG-225","properties":{"id":"BLDG-225","layer":"BUILDING_FOOTPRINT","building_type":"mixed_use","name_zh":"混合功能概念体量","source_type":"agent_generated_design","confidence":"low","geometry_role":"design_proposal","area_sqm_declared":2542.7,"note_zh":"概念体量示意，非建筑方案或拆改留结论"},"geometry":{"type":"Polygon","coordinates":[[[116.346691,39.947488],[116.346689,39.947744],[116.345643,39.947738],[116.345645,39.947482],[116.346691,39.947488]]]}},{"type":"Feature","id":"BLDG-226","properties":{"id":"BLDG-226","layer":"BUILDING_FOOTPRINT","building_type":"mixed_use","name_zh":"混合功能概念体量","source_type":"agent_generated_design","confidence":"low","geometry_role":"design_proposal","area_sqm_declared":2799.1,"note_zh":"概念体量示意，非建筑方案或拆改留结论"},"geometry":{"type":"Polygon","coordinates":[[[116.34794,39.94893],[116.347936,39.949369],[116.347264,39.949365],[116.347268,39.948926],[116.34794,39.94893]]]}},{"type":"Feature","id":"BLDG-227","properties":{"id":"BLDG-227","layer":"BUILDING_FOOTPRINT","building_type":"mixed_use","name_zh":"混合功能概念体量","source_type":"agent_generated_design","confidence":"low","geometry_role":"design_proposal","area_sqm_declared":3694.6,"note_zh":"概念体量示意，非建筑方案或拆改留结论"},"geometry":{"type":"Polygon","coordinates":[[[116.347845,39.947385],[116.347841,39.947805],[116.346914,39.9478],[116.346918,39.94738],[116.347845,39.947385]]]}},{"type":"Feature","id":"BLDG-228","properties":{"id":"BLDG-228","layer":"BUILDING_FOOTPRINT","building_type":"mixed_use","name_zh":"混合功能概念体量","source_type":"agent_generated_design","confidence":"low","geometry_role":"design_proposal","area_sqm_declared":1674.1,"note_zh":"概念体量示意，非建筑方案或拆改留结论"},"geometry":{"type":"Polygon","coordinates":[[[116.346612,39.94639],[116.346609,39.946667],[116.345972,39.946663],[116.345974,39.946386],[116.346612,39.94639]]]}},{"type":"Feature","id":"BLDG-229","properties":{"id":"BLDG-229","layer":"BUILDING_FOOTPRINT","building_type":"mixed_use","name_zh":"混合功能概念体量","source_type":"agent_generated_design","confidence":"low","geometry_role":"design_proposal","area_sqm_declared":2885.5,"note_zh":"概念体量示意，非建筑方案或拆改留结论"},"geometry":{"type":"Polygon","coordinates":[[[116.347042,39.950526],[116.347038,39.950918],[116.346262,39.950914],[116.346266,39.950522],[116.347042,39.950526]]]}},{"type":"Feature","id":"BLDG-230","properties":{"id":"BLDG-230","layer":"BUILDING_FOOTPRINT","building_type":"mixed_use","name_zh":"混合功能概念体量","source_type":"agent_generated_design","confidence":"low","geometry_role":"design_proposal","area_sqm_declared":1723.9,"note_zh":"概念体量示意，非建筑方案或拆改留结论"},"geometry":{"type":"Polygon","coordinates":[[[116.347372,39.951609],[116.347368,39.951945],[116.346829,39.951942],[116.346832,39.951606],[116.347372,39.951609]]]}},{"type":"Feature","id":"BLDG-231","properties":{"id":"BLDG-231","layer":"BUILDING_FOOTPRINT","building_type":"mixed_use","name_zh":"混合功能概念体量","source_type":"agent_generated_design","confidence":"low","geometry_role":"design_proposal","area_sqm_declared":2690.1,"note_zh":"概念体量示意，非建筑方案或拆改留结论"},"geometry":{"type":"Polygon","coordinates":[[[116.348629,39.95133],[116.348625,39.951737],[116.347928,39.951733],[116.347932,39.951326],[116.348629,39.95133]]]}},{"type":"Feature","id":"BLDG-232","properties":{"id":"BLDG-232","layer":"BUILDING_FOOTPRINT","building_type":"mixed_use","name_zh":"混合功能概念体量","source_type":"agent_generated_design","confidence":"low","geometry_role":"design_proposal","area_sqm_declared":3742.8,"note_zh":"概念体量示意，非建筑方案或拆改留结论"},"geometry":{"type":"Polygon","coordinates":[[[116.346197,39.95025],[116.346193,39.950662],[116.345235,39.950657],[116.345239,39.950245],[116.346197,39.95025]]]}},{"type":"Feature","id":"BLDG-233","properties":{"id":"BLDG-233","layer":"BUILDING_FOOTPRINT","building_type":"mixed_use","name_zh":"混合功能概念体量","source_type":"agent_generated_design","confidence":"low","geometry_role":"design_proposal","area_sqm_declared":2939.6,"note_zh":"概念体量示意，非建筑方案或拆改留结论"},"geometry":{"type":"Polygon","coordinates":[[[116.348098,39.952847],[116.348094,39.953263],[116.347349,39.953259],[116.347353,39.952843],[116.348098,39.952847]]]}},{"type":"Feature","id":"BLDG-234","properties":{"id":"BLDG-234","layer":"BUILDING_FOOTPRINT","building_type":"mixed_use","name_zh":"混合功能概念体量","source_type":"agent_generated_design","confidence":"low","geometry_role":"design_proposal","area_sqm_declared":2992.5,"note_zh":"概念体量示意，非建筑方案或拆改留结论"},"geometry":{"type":"Polygon","coordinates":[[[116.346116,39.952029],[116.346113,39.952372],[116.345194,39.952367],[116.345197,39.952024],[116.346116,39.952029]]]}},{"type":"Feature","id":"BLDG-235","properties":{"id":"BLDG-235","layer":"BUILDING_FOOTPRINT","building_type":"mixed_use","name_zh":"混合功能概念体量","source_type":"agent_generated_design","confidence":"low","geometry_role":"design_proposal","area_sqm_declared":2950.9,"note_zh":"概念体量示意，非建筑方案或拆改留结论"},"geometry":{"type":"Polygon","coordinates":[[[116.346338,39.952604],[116.346335,39.952953],[116.345446,39.952948],[116.345449,39.952599],[116.346338,39.952604]]]}},{"type":"Feature","id":"BLDG-236","properties":{"id":"BLDG-236","layer":"BUILDING_FOOTPRINT","building_type":"mixed_use","name_zh":"混合功能概念体量","source_type":"agent_generated_design","confidence":"low","geometry_role":"design_proposal","area_sqm_declared":2281.3,"note_zh":"概念体量示意，非建筑方案或拆改留结论"},"geometry":{"type":"Polygon","coordinates":[[[116.345684,39.951051],[116.345681,39.95133],[116.344819,39.951325],[116.344821,39.951046],[116.345684,39.951051]]]}},{"type":"Feature","id":"BLDG-237","properties":{"id":"BLDG-237","layer":"BUILDING_FOOTPRINT","building_type":"mixed_use","name_zh":"混合功能概念体量","source_type":"agent_generated_design","confidence":"low","geometry_role":"design_proposal","area_sqm_declared":2336.5,"note_zh":"概念体量示意，非建筑方案或拆改留结论"},"geometry":{"type":"Polygon","coordinates":[[[116.348991,39.95212],[116.348987,39.952534],[116.348392,39.95253],[116.348396,39.952117],[116.348991,39.95212]]]}},{"type":"Feature","id":"BLDG-238","properties":{"id":"BLDG-238","layer":"BUILDING_FOOTPRINT","building_type":"mixed_use","name_zh":"混合功能概念体量","source_type":"agent_generated_design","confidence":"low","geometry_role":"design_proposal","area_sqm_declared":3126.5,"note_zh":"概念体量示意，非建筑方案或拆改留结论"},"geometry":{"type":"Polygon","coordinates":[[[116.346805,39.951113],[116.346802,39.951459],[116.345848,39.951453],[116.345852,39.951108],[116.346805,39.951113]]]}},{"type":"Feature","id":"BLDG-239","properties":{"id":"BLDG-239","layer":"BUILDING_FOOTPRINT","building_type":"mixed_use","name_zh":"混合功能概念体量","source_type":"agent_generated_design","confidence":"low","geometry_role":"design_proposal","area_sqm_declared":2657.3,"note_zh":"概念体量示意，非建筑方案或拆改留结论"},"geometry":{"type":"Polygon","coordinates":[[[116.347312,39.952307],[116.347309,39.952625],[116.346428,39.95262],[116.346431,39.952302],[116.347312,39.952307]]]}},{"type":"Feature","id":"BLDG-240","properties":{"id":"BLDG-240","layer":"BUILDING_FOOTPRINT","building_type":"mixed_use","name_zh":"混合功能概念体量","source_type":"agent_generated_design","confidence":"low","geometry_role":"design_proposal","area_sqm_declared":2723.3,"note_zh":"概念体量示意，非建筑方案或拆改留结论"},"geometry":{"type":"Polygon","coordinates":[[[116.347217,39.952887],[116.347214,39.953218],[116.346347,39.953213],[116.346351,39.952882],[116.347217,39.952887]]]}},{"type":"Feature","id":"BLDG-241","properties":{"id":"BLDG-241","layer":"BUILDING_FOOTPRINT","building_type":"ai_r_and_d","name_zh":"混合功能概念体量","source_type":"agent_generated_design","confidence":"low","geometry_role":"design_proposal","area_sqm_declared":1711.3,"note_zh":"概念体量示意，非建筑方案或拆改留结论"},"geometry":{"type":"Polygon","coordinates":[[[116.34577,39.953782],[116.345766,39.954114],[116.345223,39.95411],[116.345226,39.953779],[116.34577,39.953782]]]}},{"type":"Feature","id":"BLDG-242","properties":{"id":"BLDG-242","layer":"BUILDING_FOOTPRINT","building_type":"ai_r_and_d","name_zh":"混合功能概念体量","source_type":"agent_generated_design","confidence":"low","geometry_role":"design_proposal","area_sqm_declared":2125.3,"note_zh":"概念体量示意，非建筑方案或拆改留结论"},"geometry":{"type":"Polygon","coordinates":[[[116.347025,39.955113],[116.347021,39.955517],[116.346466,39.955514],[116.34647,39.95511],[116.347025,39.955113]]]}},{"type":"Feature","id":"BLDG-243","properties":{"id":"BLDG-243","layer":"BUILDING_FOOTPRINT","building_type":"ai_r_and_d","name_zh":"混合功能概念体量","source_type":"agent_generated_design","confidence":"low","geometry_role":"design_proposal","area_sqm_declared":2148.6,"note_zh":"概念体量示意，非建筑方案或拆改留结论"},"geometry":{"type":"Polygon","coordinates":[[[116.347061,39.956007],[116.347058,39.956337],[116.346373,39.956333],[116.346376,39.956003],[116.347061,39.956007]]]}},{"type":"Feature","id":"BLDG-244","properties":{"id":"BLDG-244","layer":"BUILDING_FOOTPRINT","building_type":"ai_r_and_d","name_zh":"混合功能概念体量","source_type":"agent_generated_design","confidence":"low","geometry_role":"design_proposal","area_sqm_declared":1568.8,"note_zh":"概念体量示意，非建筑方案或拆改留结论"},"geometry":{"type":"Polygon","coordinates":[[[116.345926,39.954909],[116.345924,39.955197],[116.345349,39.955194],[116.345352,39.954906],[116.345926,39.954909]]]}},{"type":"Feature","id":"BLDG-245","properties":{"id":"BLDG-245","layer":"BUILDING_FOOTPRINT","building_type":"ai_r_and_d","name_zh":"混合功能概念体量","source_type":"agent_generated_design","confidence":"low","geometry_role":"design_proposal","area_sqm_declared":2856.3,"note_zh":"概念体量示意，非建筑方案或拆改留结论"},"geometry":{"type":"Polygon","coordinates":[[[116.349177,39.956261],[116.349173,39.956647],[116.348395,39.956643],[116.348399,39.956256],[116.349177,39.956261]]]}},{"type":"Feature","id":"BLDG-246","properties":{"id":"BLDG-246","layer":"BUILDING_FOOTPRINT","building_type":"ai_r_and_d","name_zh":"混合功能概念体量","source_type":"agent_generated_design","confidence":"low","geometry_role":"design_proposal","area_sqm_declared":2143.7,"note_zh":"概念体量示意，非建筑方案或拆改留结论"},"geometry":{"type":"Polygon","coordinates":[[[116.345579,39.954525],[116.345576,39.954809],[116.34478,39.954804],[116.344783,39.95452],[116.345579,39.954525]]]}},{"type":"Feature","id":"BLDG-247","properties":{"id":"BLDG-247","layer":"BUILDING_FOOTPRINT","building_type":"ai_r_and_d","name_zh":"混合功能概念体量","source_type":"agent_generated_design","confidence":"low","geometry_role":"design_proposal","area_sqm_declared":2310.8,"note_zh":"概念体量示意，非建筑方案或拆改留结论"},"geometry":{"type":"Polygon","coordinates":[[[116.347165,39.954665],[116.347163,39.954953],[116.346316,39.954948],[116.346319,39.95466],[116.347165,39.954665]]]}},{"type":"Feature","id":"BLDG-248","properties":{"id":"BLDG-248","layer":"BUILDING_FOOTPRINT","building_type":"ai_r_and_d","name_zh":"混合功能概念体量","source_type":"agent_generated_design","confidence":"low","geometry_role":"design_proposal","area_sqm_declared":1461.5,"note_zh":"概念体量示意，非建筑方案或拆改留结论"},"geometry":{"type":"Polygon","coordinates":[[[116.346368,39.954237],[116.346365,39.954523],[116.345826,39.95452],[116.345828,39.954234],[116.346368,39.954237]]]}},{"type":"Feature","id":"BLDG-249","properties":{"id":"BLDG-249","layer":"BUILDING_FOOTPRINT","building_type":"ai_r_and_d","name_zh":"混合功能概念体量","source_type":"agent_generated_design","confidence":"low","geometry_role":"design_proposal","area_sqm_declared":2531.2,"note_zh":"概念体量示意，非建筑方案或拆改留结论"},"geometry":{"type":"Polygon","coordinates":[[[116.345567,39.955791],[116.345564,39.956115],[116.344741,39.95611],[116.344744,39.955786],[116.345567,39.955791]]]}},{"type":"Feature","id":"BLDG-250","properties":{"id":"BLDG-250","layer":"BUILDING_FOOTPRINT","building_type":"ai_r_and_d","name_zh":"混合功能概念体量","source_type":"agent_generated_design","confidence":"low","geometry_role":"design_proposal","area_sqm_declared":3871.4,"note_zh":"概念体量示意，非建筑方案或拆改留结论"},"geometry":{"type":"Polygon","coordinates":[[[116.348574,39.955765],[116.34857,39.956165],[116.34755,39.956159],[116.347554,39.955759],[116.348574,39.955765]]]}},{"type":"Feature","id":"BLDG-251","properties":{"id":"BLDG-251","layer":"BUILDING_FOOTPRINT","building_type":"ai_r_and_d","name_zh":"混合功能概念体量","source_type":"agent_generated_design","confidence":"low","geometry_role":"design_proposal","area_sqm_declared":2918.4,"note_zh":"概念体量示意，非建筑方案或拆改留结论"},"geometry":{"type":"Polygon","coordinates":[[[116.348878,39.954083],[116.348875,39.954403],[116.347913,39.954398],[116.347916,39.954078],[116.348878,39.954083]]]}},{"type":"Feature","id":"BLDG-252","properties":{"id":"BLDG-252","layer":"BUILDING_FOOTPRINT","building_type":"ai_r_and_d","name_zh":"混合功能概念体量","source_type":"agent_generated_design","confidence":"low","geometry_role":"design_proposal","area_sqm_declared":2598.7,"note_zh":"概念体量示意，非建筑方案或拆改留结论"},"geometry":{"type":"Polygon","coordinates":[[[116.345693,39.955388],[116.34569,39.955718],[116.344859,39.955713],[116.344862,39.955384],[116.345693,39.955388]]]}},{"type":"Feature","id":"BLDG-253","properties":{"id":"BLDG-253","layer":"BUILDING_FOOTPRINT","building_type":"ai_r_and_d","name_zh":"混合功能概念体量","source_type":"agent_generated_design","confidence":"low","geometry_role":"design_proposal","area_sqm_declared":2213.8,"note_zh":"概念体量示意，非建筑方案或拆改留结论"},"geometry":{"type":"Polygon","coordinates":[[[116.347338,39.957262],[116.347335,39.95765],[116.346733,39.957647],[116.346737,39.957259],[116.347338,39.957262]]]}},{"type":"Feature","id":"BLDG-254","properties":{"id":"BLDG-254","layer":"BUILDING_FOOTPRINT","building_type":"ai_r_and_d","name_zh":"混合功能概念体量","source_type":"agent_generated_design","confidence":"low","geometry_role":"design_proposal","area_sqm_declared":2560.0,"note_zh":"概念体量示意，非建筑方案或拆改留结论"},"geometry":{"type":"Polygon","coordinates":[[[116.346273,39.959902],[116.346269,39.960263],[116.345521,39.960259],[116.345524,39.959898],[116.346273,39.959902]]]}},{"type":"Feature","id":"BLDG-255","properties":{"id":"BLDG-255","layer":"BUILDING_FOOTPRINT","building_type":"ai_r_and_d","name_zh":"混合功能概念体量","source_type":"agent_generated_design","confidence":"low","geometry_role":"design_proposal","area_sqm_declared":2623.6,"note_zh":"概念体量示意，非建筑方案或拆改留结论"},"geometry":{"type":"Polygon","coordinates":[[[116.34914,39.958074],[116.349137,39.958458],[116.348417,39.958454],[116.34842,39.95807],[116.34914,39.958074]]]}},{"type":"Feature","id":"BLDG-256","properties":{"id":"BLDG-256","layer":"BUILDING_FOOTPRINT","building_type":"ai_r_and_d","name_zh":"混合功能概念体量","source_type":"agent_generated_design","confidence":"low","geometry_role":"design_proposal","area_sqm_declared":2287.2,"note_zh":"概念体量示意，非建筑方案或拆改留结论"},"geometry":{"type":"Polygon","coordinates":[[[116.34532,39.95911],[116.345316,39.959555],[116.344773,39.959552],[116.344778,39.959107],[116.34532,39.95911]]]}},{"type":"Feature","id":"BLDG-257","properties":{"id":"BLDG-257","layer":"BUILDING_FOOTPRINT","building_type":"ai_r_and_d","name_zh":"混合功能概念体量","source_type":"agent_generated_design","confidence":"low","geometry_role":"design_proposal","area_sqm_declared":2622.6,"note_zh":"概念体量示意，非建筑方案或拆改留结论"},"geometry":{"type":"Polygon","coordinates":[[[116.348966,39.957449],[116.348963,39.957781],[116.348131,39.957777],[116.348134,39.957444],[116.348966,39.957449]]]}},{"type":"Feature","id":"BLDG-258","properties":{"id":"BLDG-258","layer":"BUILDING_FOOTPRINT","building_type":"ai_r_and_d","name_zh":"混合功能概念体量","source_type":"agent_generated_design","confidence":"low","geometry_role":"design_proposal","area_sqm_declared":2577.6,"note_zh":"概念体量示意，非建筑方案或拆改留结论"},"geometry":{"type":"Polygon","coordinates":[[[116.345309,39.957823],[116.345305,39.958239],[116.344653,39.958236],[116.344657,39.957819],[116.345309,39.957823]]]}},{"type":"Feature","id":"BLDG-259","properties":{"id":"BLDG-259","layer":"BUILDING_FOOTPRINT","building_type":"ai_r_and_d","name_zh":"混合功能概念体量","source_type":"agent_generated_design","confidence":"low","geometry_role":"design_proposal","area_sqm_declared":2549.5,"note_zh":"概念体量示意，非建筑方案或拆改留结论"},"geometry":{"type":"Polygon","coordinates":[[[116.345949,39.958475],[116.345944,39.958922],[116.345344,39.958919],[116.345348,39.958471],[116.345949,39.958475]]]}},{"type":"Feature","id":"BLDG-260","properties":{"id":"BLDG-260","layer":"BUILDING_FOOTPRINT","building_type":"ai_r_and_d","name_zh":"混合功能概念体量","source_type":"agent_generated_design","confidence":"low","geometry_role":"design_proposal","area_sqm_declared":2407.5,"note_zh":"概念体量示意，非建筑方案或拆改留结论"},"geometry":{"type":"Polygon","coordinates":[[[116.346611,39.957893],[116.346609,39.958148],[116.345613,39.958142],[116.345616,39.957887],[116.346611,39.957893]]]}},{"type":"Feature","id":"BLDG-261","properties":{"id":"BLDG-261","layer":"BUILDING_FOOTPRINT","building_type":"ai_r_and_d","name_zh":"混合功能概念体量","source_type":"agent_generated_design","confidence":"low","geometry_role":"design_proposal","area_sqm_declared":1522.5,"note_zh":"概念体量示意，非建筑方案或拆改留结论"},"geometry":{"type":"Polygon","coordinates":[[[116.34599,39.959529],[116.345987,39.959812],[116.34542,39.959809],[116.345423,39.959526],[116.34599,39.959529]]]}},{"type":"Feature","id":"BLDG-262","properties":{"id":"BLDG-262","layer":"BUILDING_FOOTPRINT","building_type":"ai_r_and_d","name_zh":"混合功能概念体量","source_type":"agent_generated_design","confidence":"low","geometry_role":"design_proposal","area_sqm_declared":3103.1,"note_zh":"概念体量示意，非建筑方案或拆改留结论"},"geometry":{"type":"Polygon","coordinates":[[[116.347085,39.959129],[116.347082,39.959467],[116.346115,39.959462],[116.346118,39.959123],[116.347085,39.959129]]]}},{"type":"Feature","id":"BLDG-263","properties":{"id":"BLDG-263","layer":"BUILDING_FOOTPRINT","building_type":"ai_r_and_d","name_zh":"混合功能概念体量","source_type":"agent_generated_design","confidence":"low","geometry_role":"design_proposal","area_sqm_declared":2226.2,"note_zh":"概念体量示意，非建筑方案或拆改留结论"},"geometry":{"type":"Polygon","coordinates":[[[116.346837,39.958408],[116.346834,39.9588],[116.346236,39.958797],[116.346239,39.958404],[116.346837,39.958408]]]}},{"type":"Feature","id":"BLDG-264","properties":{"id":"BLDG-264","layer":"BUILDING_FOOTPRINT","building_type":"residential","name_zh":"混合功能概念体量","source_type":"agent_generated_design","confidence":"low","geometry_role":"design_proposal","area_sqm_declared":2731.8,"note_zh":"概念体量示意，非建筑方案或拆改留结论"},"geometry":{"type":"Polygon","coordinates":[[[116.346062,39.961103],[116.346058,39.961496],[116.345326,39.961492],[116.34533,39.961099],[116.346062,39.961103]]]}},{"type":"Feature","id":"BLDG-265","properties":{"id":"BLDG-265","layer":"BUILDING_FOOTPRINT","building_type":"residential","name_zh":"混合功能概念体量","source_type":"agent_generated_design","confidence":"low","geometry_role":"design_proposal","area_sqm_declared":3310.9,"note_zh":"概念体量示意，非建筑方案或拆改留结论"},"geometry":{"type":"Polygon","coordinates":[[[116.345656,39.961965],[116.345653,39.962302],[116.344618,39.962296],[116.344621,39.961959],[116.345656,39.961965]]]}},{"type":"Feature","id":"BLDG-266","properties":{"id":"BLDG-266","layer":"BUILDING_FOOTPRINT","building_type":"residential","name_zh":"混合功能概念体量","source_type":"agent_generated_design","confidence":"low","geometry_role":"design_proposal","area_sqm_declared":3055.2,"note_zh":"概念体量示意，非建筑方案或拆改留结论"},"geometry":{"type":"Polygon","coordinates":[[[116.345574,39.962641],[116.345571,39.963006],[116.344689,39.963001],[116.344693,39.962636],[116.345574,39.962641]]]}},{"type":"Feature","id":"BLDG-267","properties":{"id":"BLDG-267","layer":"BUILDING_FOOTPRINT","building_type":"residential","name_zh":"混合功能概念体量","source_type":"agent_generated_design","confidence":"low","geometry_role":"design_proposal","area_sqm_declared":1592.2,"note_zh":"概念体量示意，非建筑方案或拆改留结论"},"geometry":{"type":"Polygon","coordinates":[[[116.345787,39.963581],[116.345784,39.963897],[116.345253,39.963894],[116.345256,39.963578],[116.345787,39.963581]]]}},{"type":"Feature","id":"BLDG-268","properties":{"id":"BLDG-268","layer":"BUILDING_FOOTPRINT","building_type":"residential","name_zh":"混合功能概念体量","source_type":"agent_generated_design","confidence":"low","geometry_role":"design_proposal","area_sqm_declared":2647.8,"note_zh":"概念体量示意，非建筑方案或拆改留结论"},"geometry":{"type":"Polygon","coordinates":[[[116.346736,39.962189],[116.346733,39.962479],[116.345769,39.962473],[116.345772,39.962184],[116.346736,39.962189]]]}},{"type":"Feature","id":"BLDG-269","properties":{"id":"BLDG-269","layer":"BUILDING_FOOTPRINT","building_type":"residential","name_zh":"混合功能概念体量","source_type":"agent_generated_design","confidence":"low","geometry_role":"design_proposal","area_sqm_declared":2667.1,"note_zh":"概念体量示意，非建筑方案或拆改留结论"},"geometry":{"type":"Polygon","coordinates":[[[116.346997,39.961699],[116.346994,39.962064],[116.346224,39.962059],[116.346227,39.961695],[116.346997,39.961699]]]}},{"type":"Feature","id":"BLDG-270","properties":{"id":"BLDG-270","layer":"BUILDING_FOOTPRINT","building_type":"residential","name_zh":"混合功能概念体量","source_type":"agent_generated_design","confidence":"low","geometry_role":"design_proposal","area_sqm_declared":3362.7,"note_zh":"概念体量示意，非建筑方案或拆改留结论"},"geometry":{"type":"Polygon","coordinates":[[[116.347021,39.96348],[116.347018,39.963829],[116.346004,39.963824],[116.346008,39.963474],[116.347021,39.96348]]]}},{"type":"Feature","id":"BLDG-271","properties":{"id":"BLDG-271","layer":"BUILDING_FOOTPRINT","building_type":"residential","name_zh":"混合功能概念体量","source_type":"agent_generated_design","confidence":"low","geometry_role":"design_proposal","area_sqm_declared":2348.6,"note_zh":"概念体量示意，非建筑方案或拆改留结论"},"geometry":{"type":"Polygon","coordinates":[[[116.346125,39.963133],[116.346122,39.963443],[116.345324,39.963438],[116.345327,39.963128],[116.346125,39.963133]]]}},{"type":"Feature","id":"BLDG-272","properties":{"id":"BLDG-272","layer":"BUILDING_FOOTPRINT","building_type":"residential","name_zh":"混合功能概念体量","source_type":"agent_generated_design","confidence":"low","geometry_role":"design_proposal","area_sqm_declared":1974.5,"note_zh":"概念体量示意，非建筑方案或拆改留结论"},"geometry":{"type":"Polygon","coordinates":[[[116.345587,39.961511],[116.345583,39.961837],[116.344945,39.961834],[116.344948,39.961508],[116.345587,39.961511]]]}},{"type":"Feature","id":"BLDG-273","properties":{"id":"BLDG-273","layer":"BUILDING_FOOTPRINT","building_type":"residential","name_zh":"混合功能概念体量","source_type":"agent_generated_design","confidence":"low","geometry_role":"design_proposal","area_sqm_declared":3024.2,"note_zh":"概念体量示意，非建筑方案或拆改留结论"},"geometry":{"type":"Polygon","coordinates":[[[116.348996,39.960948],[116.348992,39.961384],[116.34826,39.96138],[116.348264,39.960944],[116.348996,39.960948]]]}},{"type":"Feature","id":"BLDG-274","properties":{"id":"BLDG-274","layer":"BUILDING_FOOTPRINT","building_type":"residential","name_zh":"混合功能概念体量","source_type":"agent_generated_design","confidence":"low","geometry_role":"design_proposal","area_sqm_declared":2323.1,"note_zh":"概念体量示意，非建筑方案或拆改留结论"},"geometry":{"type":"Polygon","coordinates":[[[116.347122,39.960804],[116.347119,39.961112],[116.346322,39.961107],[116.346325,39.9608],[116.347122,39.960804]]]}},{"type":"Feature","id":"BLDG-275","properties":{"id":"BLDG-275","layer":"BUILDING_FOOTPRINT","building_type":"residential","name_zh":"混合功能概念体量","source_type":"agent_generated_design","confidence":"low","geometry_role":"design_proposal","area_sqm_declared":2550.6,"note_zh":"概念体量示意，非建筑方案或拆改留结论"},"geometry":{"type":"Polygon","coordinates":[[[116.349007,39.961932],[116.349003,39.962365],[116.348383,39.962362],[116.348387,39.961928],[116.349007,39.961932]]]}},{"type":"Feature","id":"BLDG-276","properties":{"id":"BLDG-276","layer":"BUILDING_FOOTPRINT","building_type":"residential","name_zh":"混合功能概念体量","source_type":"agent_generated_design","confidence":"low","geometry_role":"design_proposal","area_sqm_declared":3343.2,"note_zh":"概念体量示意，非建筑方案或拆改留结论"},"geometry":{"type":"Polygon","coordinates":[[[116.346412,39.96636],[116.346409,39.966723],[116.345439,39.966718],[116.345443,39.966354],[116.346412,39.96636]]]}},{"type":"Feature","id":"BLDG-277","properties":{"id":"BLDG-277","layer":"BUILDING_FOOTPRINT","building_type":"residential","name_zh":"混合功能概念体量","source_type":"agent_generated_design","confidence":"low","geometry_role":"design_proposal","area_sqm_declared":2817.5,"note_zh":"概念体量示意，非建筑方案或拆改留结论"},"geometry":{"type":"Polygon","coordinates":[[[116.346628,39.966747],[116.346625,39.967039],[116.345606,39.967033],[116.345609,39.966741],[116.346628,39.966747]]]}},{"type":"Feature","id":"BLDG-278","properties":{"id":"BLDG-278","layer":"BUILDING_FOOTPRINT","building_type":"residential","name_zh":"混合功能概念体量","source_type":"agent_generated_design","confidence":"low","geometry_role":"design_proposal","area_sqm_declared":2626.5,"note_zh":"概念体量示意，非建筑方案或拆改留结论"},"geometry":{"type":"Polygon","coordinates":[[[116.346883,39.965982],[116.34688,39.966338],[116.346103,39.966333],[116.346106,39.965977],[116.346883,39.965982]]]}},{"type":"Feature","id":"BLDG-279","properties":{"id":"BLDG-279","layer":"BUILDING_FOOTPRINT","building_type":"residential","name_zh":"混合功能概念体量","source_type":"agent_generated_design","confidence":"low","geometry_role":"design_proposal","area_sqm_declared":2186.4,"note_zh":"概念体量示意，非建筑方案或拆改留结论"},"geometry":{"type":"Polygon","coordinates":[[[116.345926,39.965176],[116.345922,39.965567],[116.345332,39.965563],[116.345336,39.965173],[116.345926,39.965176]]]}},{"type":"Feature","id":"BLDG-280","properties":{"id":"BLDG-280","layer":"BUILDING_FOOTPRINT","building_type":"residential","name_zh":"混合功能概念体量","source_type":"agent_generated_design","confidence":"low","geometry_role":"design_proposal","area_sqm_declared":2262.7,"note_zh":"概念体量示意，非建筑方案或拆改留结论"},"geometry":{"type":"Polygon","coordinates":[[[116.349018,39.965586],[116.349014,39.966002],[116.34844,39.965999],[116.348444,39.965583],[116.349018,39.965586]]]}},{"type":"Feature","id":"BLDG-281","properties":{"id":"BLDG-281","layer":"BUILDING_FOOTPRINT","building_type":"residential","name_zh":"混合功能概念体量","source_type":"agent_generated_design","confidence":"low","geometry_role":"design_proposal","area_sqm_declared":1922.6,"note_zh":"概念体量示意，非建筑方案或拆改留结论"},"geometry":{"type":"Polygon","coordinates":[[[116.345259,39.965353],[116.345256,39.96568],[116.344637,39.965677],[116.34464,39.965349],[116.345259,39.965353]]]}},{"type":"Feature","id":"BLDG-282","properties":{"id":"BLDG-282","layer":"BUILDING_FOOTPRINT","building_type":"residential","name_zh":"混合功能概念体量","source_type":"agent_generated_design","confidence":"low","geometry_role":"design_proposal","area_sqm_declared":2917.0,"note_zh":"概念体量示意，非建筑方案或拆改留结论"},"geometry":{"type":"Polygon","coordinates":[[[116.345967,39.964598],[116.345964,39.96491],[116.344979,39.964905],[116.344982,39.964593],[116.345967,39.964598]]]}},{"type":"Feature","id":"BLDG-283","properties":{"id":"BLDG-283","layer":"BUILDING_FOOTPRINT","building_type":"residential","name_zh":"混合功能概念体量","source_type":"agent_generated_design","confidence":"low","geometry_role":"design_proposal","area_sqm_declared":2098.5,"note_zh":"概念体量示意，非建筑方案或拆改留结论"},"geometry":{"type":"Polygon","coordinates":[[[116.346915,39.967103],[116.346912,39.967407],[116.346185,39.967403],[116.346188,39.967099],[116.346915,39.967103]]]}},{"type":"Feature","id":"BLDG-284","properties":{"id":"BLDG-284","layer":"BUILDING_FOOTPRINT","building_type":"residential","name_zh":"混合功能概念体量","source_type":"agent_generated_design","confidence":"low","geometry_role":"design_proposal","area_sqm_declared":2038.5,"note_zh":"概念体量示意，非建筑方案或拆改留结论"},"geometry":{"type":"Polygon","coordinates":[[[116.345298,39.967176],[116.345296,39.967432],[116.344457,39.967427],[116.34446,39.967171],[116.345298,39.967176]]]}},{"type":"Feature","id":"BLDG-285","properties":{"id":"BLDG-285","layer":"BUILDING_FOOTPRINT","building_type":"residential","name_zh":"混合功能概念体量","source_type":"agent_generated_design","confidence":"low","geometry_role":"design_proposal","area_sqm_declared":2012.0,"note_zh":"概念体量示意，非建筑方案或拆改留结论"},"geometry":{"type":"Polygon","coordinates":[[[116.348544,39.968994],[116.348541,39.969334],[116.347918,39.969331],[116.347921,39.96899],[116.348544,39.968994]]]}},{"type":"Feature","id":"BLDG-286","properties":{"id":"BLDG-286","layer":"BUILDING_FOOTPRINT","building_type":"residential","name_zh":"混合功能概念体量","source_type":"agent_generated_design","confidence":"low","geometry_role":"design_proposal","area_sqm_declared":4426.4,"note_zh":"概念体量示意，非建筑方案或拆改留结论"},"geometry":{"type":"Polygon","coordinates":[[[116.345791,39.969211],[116.345786,39.969654],[116.344734,39.969648],[116.344738,39.969205],[116.345791,39.969211]]]}},{"type":"Feature","id":"BLDG-287","properties":{"id":"BLDG-287","layer":"BUILDING_FOOTPRINT","building_type":"residential","name_zh":"混合功能概念体量","source_type":"agent_generated_design","confidence":"low","geometry_role":"design_proposal","area_sqm_declared":2561.8,"note_zh":"概念体量示意，非建筑方案或拆改留结论"},"geometry":{"type":"Polygon","coordinates":[[[116.346639,39.968821],[116.346636,39.969194],[116.345911,39.969189],[116.345915,39.968817],[116.346639,39.968821]]]}},{"type":"Feature","id":"BLDG-288","properties":{"id":"BLDG-288","layer":"BUILDING_FOOTPRINT","building_type":"residential","name_zh":"混合功能概念体量","source_type":"agent_generated_design","confidence":"low","geometry_role":"design_proposal","area_sqm_declared":3136.2,"note_zh":"概念体量示意，非建筑方案或拆改留结论"},"geometry":{"type":"Polygon","coordinates":[[[116.346465,39.968153],[116.346462,39.968482],[116.345455,39.968476],[116.345459,39.968148],[116.346465,39.968153]]]}},{"type":"Feature","id":"BLDG-289","properties":{"id":"BLDG-289","layer":"BUILDING_FOOTPRINT","building_type":"residential","name_zh":"混合功能概念体量","source_type":"agent_generated_design","confidence":"low","geometry_role":"design_proposal","area_sqm_declared":2037.7,"note_zh":"概念体量示意，非建筑方案或拆改留结论"},"geometry":{"type":"Polygon","coordinates":[[[116.345459,39.970753],[116.345457,39.971031],[116.344683,39.971027],[116.344686,39.970749],[116.345459,39.970753]]]}},{"type":"Feature","id":"BLDG-290","properties":{"id":"BLDG-290","layer":"BUILDING_FOOTPRINT","building_type":"residential","name_zh":"混合功能概念体量","source_type":"agent_generated_design","confidence":"low","geometry_role":"design_proposal","area_sqm_declared":2906.1,"note_zh":"概念体量示意，非建筑方案或拆改留结论"},"geometry":{"type":"Polygon","coordinates":[[[116.346067,39.969902],[116.346064,39.970237],[116.34515,39.970232],[116.345154,39.969897],[116.346067,39.969902]]]}},{"type":"Feature","id":"BLDG-291","properties":{"id":"BLDG-291","layer":"BUILDING_FOOTPRINT","building_type":"residential","name_zh":"混合功能概念体量","source_type":"agent_generated_design","confidence":"low","geometry_role":"design_proposal","area_sqm_declared":2481.9,"note_zh":"概念体量示意，非建筑方案或拆改留结论"},"geometry":{"type":"Polygon","coordinates":[[[116.348664,39.970611],[116.34866,39.970962],[116.347915,39.970958],[116.347918,39.970607],[116.348664,39.970611]]]}},{"type":"Feature","id":"BLDG-292","properties":{"id":"BLDG-292","layer":"BUILDING_FOOTPRINT","building_type":"residential","name_zh":"混合功能概念体量","source_type":"agent_generated_design","confidence":"low","geometry_role":"design_proposal","area_sqm_declared":1799.8,"note_zh":"概念体量示意，非建筑方案或拆改留结论"},"geometry":{"type":"Polygon","coordinates":[[[116.345427,39.967964],[116.345423,39.968321],[116.344892,39.968318],[116.344895,39.967961],[116.345427,39.967964]]]}},{"type":"Feature","id":"BLDG-293","properties":{"id":"BLDG-293","layer":"BUILDING_FOOTPRINT","building_type":"residential","name_zh":"混合功能概念体量","source_type":"agent_generated_design","confidence":"low","geometry_role":"design_proposal","area_sqm_declared":2095.7,"note_zh":"概念体量示意，非建筑方案或拆改留结论"},"geometry":{"type":"Polygon","coordinates":[[[116.348977,39.968267],[116.348974,39.968574],[116.348257,39.96857],[116.34826,39.968263],[116.348977,39.968267]]]}},{"type":"Feature","id":"BLDG-294","properties":{"id":"BLDG-294","layer":"BUILDING_FOOTPRINT","building_type":"residential","name_zh":"混合功能概念体量","source_type":"agent_generated_design","confidence":"low","geometry_role":"design_proposal","area_sqm_declared":3492.5,"note_zh":"概念体量示意，非建筑方案或拆改留结论"},"geometry":{"type":"Polygon","coordinates":[[[116.346335,39.970668],[116.346331,39.971094],[116.345467,39.971089],[116.345471,39.970663],[116.346335,39.970668]]]}},{"type":"Feature","id":"BLDG-295","properties":{"id":"BLDG-295","layer":"BUILDING_FOOTPRINT","building_type":"residential","name_zh":"混合功能概念体量","source_type":"agent_generated_design","confidence":"low","geometry_role":"design_proposal","area_sqm_declared":3298.9,"note_zh":"概念体量示意，非建筑方案或拆改留结论"},"geometry":{"type":"Polygon","coordinates":[[[116.348978,39.970131],[116.348975,39.970462],[116.347924,39.970456],[116.347927,39.970125],[116.348978,39.970131]]]}},{"type":"Feature","id":"BLDG-296","properties":{"id":"BLDG-296","layer":"BUILDING_FOOTPRINT","building_type":"residential","name_zh":"混合功能概念体量","source_type":"agent_generated_design","confidence":"low","geometry_role":"design_proposal","area_sqm_declared":2568.8,"note_zh":"概念体量示意，非建筑方案或拆改留结论"},"geometry":{"type":"Polygon","coordinates":[[[116.348588,39.969632],[116.348584,39.970046],[116.347931,39.970043],[116.347934,39.969628],[116.348588,39.969632]]]}},{"type":"Feature","id":"BLDG-297","properties":{"id":"BLDG-297","layer":"BUILDING_FOOTPRINT","building_type":"ai_r_and_d","name_zh":"混合功能概念体量","source_type":"agent_generated_design","confidence":"low","geometry_role":"design_proposal","area_sqm_declared":2579.7,"note_zh":"概念体量示意，非建筑方案或拆改留结论"},"geometry":{"type":"Polygon","coordinates":[[[116.34594,39.975859],[116.345937,39.976204],[116.345149,39.9762],[116.345153,39.975854],[116.34594,39.975859]]]}},{"type":"Feature","id":"BLDG-298","properties":{"id":"BLDG-298","layer":"BUILDING_FOOTPRINT","building_type":"ai_r_and_d","name_zh":"混合功能概念体量","source_type":"agent_generated_design","confidence":"low","geometry_role":"design_proposal","area_sqm_declared":2662.6,"note_zh":"概念体量示意，非建筑方案或拆改留结论"},"geometry":{"type":"Polygon","coordinates":[[[116.347226,39.976441],[116.347223,39.976794],[116.346429,39.97679],[116.346432,39.976436],[116.347226,39.976441]]]}},{"type":"Feature","id":"BLDG-299","properties":{"id":"BLDG-299","layer":"BUILDING_FOOTPRINT","building_type":"ai_r_and_d","name_zh":"混合功能概念体量","source_type":"agent_generated_design","confidence":"low","geometry_role":"design_proposal","area_sqm_declared":2637.0,"note_zh":"概念体量示意，非建筑方案或拆改留结论"},"geometry":{"type":"Polygon","coordinates":[[[116.345939,39.977954],[116.345936,39.978239],[116.344962,39.978233],[116.344964,39.977948],[116.345939,39.977954]]]}},{"type":"Feature","id":"BLDG-300","properties":{"id":"BLDG-300","layer":"BUILDING_FOOTPRINT","building_type":"ai_r_and_d","name_zh":"混合功能概念体量","source_type":"agent_generated_design","confidence":"low","geometry_role":"design_proposal","area_sqm_declared":2415.2,"note_zh":"概念体量示意，非建筑方案或拆改留结论"},"geometry":{"type":"Polygon","coordinates":[[[116.34834,39.975212],[116.348337,39.97557],[116.347625,39.975566],[116.347629,39.975208],[116.34834,39.975212]]]}},{"type":"Feature","id":"BLDG-301","properties":{"id":"BLDG-301","layer":"BUILDING_FOOTPRINT","building_type":"ai_r_and_d","name_zh":"混合功能概念体量","source_type":"agent_generated_design","confidence":"low","geometry_role":"design_proposal","area_sqm_declared":2812.2,"note_zh":"概念体量示意，非建筑方案或拆改留结论"},"geometry":{"type":"Polygon","coordinates":[[[116.347169,39.977638],[116.347166,39.977927],[116.346143,39.977922],[116.346146,39.977632],[116.347169,39.977638]]]}},{"type":"Feature","id":"BLDG-302","properties":{"id":"BLDG-302","layer":"BUILDING_FOOTPRINT","building_type":"ai_r_and_d","name_zh":"混合功能概念体量","source_type":"agent_generated_design","confidence":"low","geometry_role":"design_proposal","area_sqm_declared":2996.8,"note_zh":"概念体量示意，非建筑方案或拆改留结论"},"geometry":{"type":"Polygon","coordinates":[[[116.348389,39.977626],[116.348385,39.977989],[116.347515,39.977984],[116.347519,39.977621],[116.348389,39.977626]]]}},{"type":"Feature","id":"BLDG-303","properties":{"id":"BLDG-303","layer":"BUILDING_FOOTPRINT","building_type":"ai_r_and_d","name_zh":"混合功能概念体量","source_type":"agent_generated_design","confidence":"low","geometry_role":"design_proposal","area_sqm_declared":2975.0,"note_zh":"概念体量示意，非建筑方案或拆改留结论"},"geometry":{"type":"Polygon","coordinates":[[[116.346892,39.975446],[116.346888,39.97587],[116.346148,39.975866],[116.346152,39.975442],[116.346892,39.975446]]]}},{"type":"Feature","id":"BLDG-304","properties":{"id":"BLDG-304","layer":"BUILDING_FOOTPRINT","building_type":"ai_r_and_d","name_zh":"混合功能概念体量","source_type":"agent_generated_design","confidence":"low","geometry_role":"design_proposal","area_sqm_declared":2589.1,"note_zh":"概念体量示意，非建筑方案或拆改留结论"},"geometry":{"type":"Polygon","coordinates":[[[116.345138,39.975704],[116.345134,39.976115],[116.34447,39.976111],[116.344474,39.9757],[116.345138,39.975704]]]}},{"type":"Feature","id":"BLDG-305","properties":{"id":"BLDG-305","layer":"BUILDING_FOOTPRINT","building_type":"ai_r_and_d","name_zh":"混合功能概念体量","source_type":"agent_generated_design","confidence":"low","geometry_role":"design_proposal","area_sqm_declared":3108.0,"note_zh":"概念体量示意，非建筑方案或拆改留结论"},"geometry":{"type":"Polygon","coordinates":[[[116.346952,39.977993],[116.346948,39.978376],[116.346092,39.978371],[116.346095,39.977988],[116.346952,39.977993]]]}},{"type":"Feature","id":"BLDG-306","properties":{"id":"BLDG-306","layer":"BUILDING_FOOTPRINT","building_type":"ai_r_and_d","name_zh":"混合功能概念体量","source_type":"agent_generated_design","confidence":"low","geometry_role":"design_proposal","area_sqm_declared":2095.0,"note_zh":"概念体量示意，非建筑方案或拆改留结论"},"geometry":{"type":"Polygon","coordinates":[[[116.345918,39.977376],[116.345915,39.977682],[116.345194,39.977678],[116.345197,39.977372],[116.345918,39.977376]]]}},{"type":"Feature","id":"BLDG-307","properties":{"id":"BLDG-307","layer":"BUILDING_FOOTPRINT","building_type":"ai_r_and_d","name_zh":"混合功能概念体量","source_type":"agent_generated_design","confidence":"low","geometry_role":"design_proposal","area_sqm_declared":1906.8,"note_zh":"概念体量示意，非建筑方案或拆改留结论"},"geometry":{"type":"Polygon","coordinates":[[[116.346105,39.975292],[116.346102,39.9756],[116.345451,39.975597],[116.345454,39.975288],[116.346105,39.975292]]]}},{"type":"Feature","id":"BLDG-308","properties":{"id":"BLDG-308","layer":"BUILDING_FOOTPRINT","building_type":"ai_r_and_d","name_zh":"混合功能概念体量","source_type":"agent_generated_design","confidence":"low","geometry_role":"design_proposal","area_sqm_declared":2647.5,"note_zh":"概念体量示意，非建筑方案或拆改留结论"},"geometry":{"type":"Polygon","coordinates":[[[116.346075,39.976904],[116.346071,39.977261],[116.34529,39.977257],[116.345294,39.9769],[116.346075,39.976904]]]}},{"type":"Feature","id":"BLDG-309","properties":{"id":"BLDG-309","layer":"BUILDING_FOOTPRINT","building_type":"residential","name_zh":"混合功能概念体量","source_type":"agent_generated_design","confidence":"low","geometry_role":"design_proposal","area_sqm_declared":2012.4,"note_zh":"概念体量示意，非建筑方案或拆改留结论"},"geometry":{"type":"Polygon","coordinates":[[[116.346257,39.981093],[116.346254,39.981406],[116.345578,39.981403],[116.345581,39.981089],[116.346257,39.981093]]]}},{"type":"Feature","id":"BLDG-310","properties":{"id":"BLDG-310","layer":"BUILDING_FOOTPRINT","building_type":"residential","name_zh":"混合功能概念体量","source_type":"agent_generated_design","confidence":"low","geometry_role":"design_proposal","area_sqm_declared":2402.6,"note_zh":"概念体量示意，非建筑方案或拆改留结论"},"geometry":{"type":"Polygon","coordinates":[[[116.345659,39.980513],[116.345655,39.980962],[116.345091,39.980959],[116.345095,39.980509],[116.345659,39.980513]]]}},{"type":"Feature","id":"BLDG-311","properties":{"id":"BLDG-311","layer":"BUILDING_FOOTPRINT","building_type":"residential","name_zh":"混合功能概念体量","source_type":"agent_generated_design","confidence":"low","geometry_role":"design_proposal","area_sqm_declared":2387.9,"note_zh":"概念体量示意，非建筑方案或拆改留结论"},"geometry":{"type":"Polygon","coordinates":[[[116.348378,39.979993],[116.348374,39.980381],[116.347725,39.980378],[116.347729,39.97999],[116.348378,39.979993]]]}},{"type":"Feature","id":"BLDG-312","properties":{"id":"BLDG-312","layer":"BUILDING_FOOTPRINT","building_type":"residential","name_zh":"混合功能概念体量","source_type":"agent_generated_design","confidence":"low","geometry_role":"design_proposal","area_sqm_declared":3281.1,"note_zh":"概念体量示意，非建筑方案或拆改留结论"},"geometry":{"type":"Polygon","coordinates":[[[116.34741,39.979751],[116.347406,39.980198],[116.346632,39.980193],[116.346636,39.979746],[116.34741,39.979751]]]}},{"type":"Feature","id":"BLDG-313","properties":{"id":"BLDG-313","layer":"BUILDING_FOOTPRINT","building_type":"residential","name_zh":"混合功能概念体量","source_type":"agent_generated_design","confidence":"low","geometry_role":"design_proposal","area_sqm_declared":2102.8,"note_zh":"概念体量示意，非建筑方案或拆改留结论"},"geometry":{"type":"Polygon","coordinates":[[[116.348129,39.981473],[116.348126,39.981752],[116.347333,39.981748],[116.347335,39.981469],[116.348129,39.981473]]]}},{"type":"Feature","id":"BLDG-314","properties":{"id":"BLDG-314","layer":"BUILDING_FOOTPRINT","building_type":"residential","name_zh":"混合功能概念体量","source_type":"agent_generated_design","confidence":"low","geometry_role":"design_proposal","area_sqm_declared":3394.4,"note_zh":"概念体量示意，非建筑方案或拆改留结论"},"geometry":{"type":"Polygon","coordinates":[[[116.345688,39.981436],[116.345685,39.98183],[116.344775,39.981824],[116.344778,39.981431],[116.345688,39.981436]]]}},{"type":"Feature","id":"BLDG-315","properties":{"id":"BLDG-315","layer":"BUILDING_FOOTPRINT","building_type":"residential","name_zh":"混合功能概念体量","source_type":"agent_generated_design","confidence":"low","geometry_role":"design_proposal","area_sqm_declared":2710.0,"note_zh":"概念体量示意，非建筑方案或拆改留结论"},"geometry":{"type":"Polygon","coordinates":[[[116.348161,39.979413],[116.348157,39.979847],[116.347498,39.979843],[116.347502,39.97941],[116.348161,39.979413]]]}},{"type":"Feature","id":"BLDG-316","properties":{"id":"BLDG-316","layer":"BUILDING_FOOTPRINT","building_type":"residential","name_zh":"混合功能概念体量","source_type":"agent_generated_design","confidence":"low","geometry_role":"design_proposal","area_sqm_declared":2349.5,"note_zh":"概念体量示意，非建筑方案或拆改留结论"},"geometry":{"type":"Polygon","coordinates":[[[116.345082,39.980538],[116.345078,39.980964],[116.344496,39.98096],[116.344501,39.980535],[116.345082,39.980538]]]}},{"type":"Feature","id":"BLDG-317","properties":{"id":"BLDG-317","layer":"BUILDING_FOOTPRINT","building_type":"residential","name_zh":"混合功能概念体量","source_type":"agent_generated_design","confidence":"low","geometry_role":"design_proposal","area_sqm_declared":2870.1,"note_zh":"概念体量示意，非建筑方案或拆改留结论"},"geometry":{"type":"Polygon","coordinates":[[[116.348718,39.980671],[116.348715,39.981007],[116.347815,39.981002],[116.347818,39.980666],[116.348718,39.980671]]]}},{"type":"Feature","id":"BLDG-318","properties":{"id":"BLDG-318","layer":"BUILDING_FOOTPRINT","building_type":"residential","name_zh":"混合功能概念体量","source_type":"agent_generated_design","confidence":"low","geometry_role":"design_proposal","area_sqm_declared":3873.5,"note_zh":"概念体量示意，非建筑方案或拆改留结论"},"geometry":{"type":"Polygon","coordinates":[[[116.347434,39.978905],[116.347431,39.979294],[116.346381,39.979288],[116.346385,39.978899],[116.347434,39.978905]]]}},{"type":"Feature","id":"BLDG-319","properties":{"id":"BLDG-319","layer":"BUILDING_FOOTPRINT","building_type":"residential","name_zh":"混合功能概念体量","source_type":"agent_generated_design","confidence":"low","geometry_role":"design_proposal","area_sqm_declared":1799.3,"note_zh":"概念体量示意，非建筑方案或拆改留结论"},"geometry":{"type":"Polygon","coordinates":[[[116.345267,39.979642],[116.345264,39.979924],[116.344591,39.97992],[116.344594,39.979639],[116.345267,39.979642]]]}},{"type":"Feature","id":"BLDG-320","properties":{"id":"BLDG-320","layer":"BUILDING_FOOTPRINT","building_type":"residential","name_zh":"混合功能概念体量","source_type":"agent_generated_design","confidence":"low","geometry_role":"design_proposal","area_sqm_declared":2535.3,"note_zh":"概念体量示意，非建筑方案或拆改留结论"},"geometry":{"type":"Polygon","coordinates":[[[116.346833,39.980763],[116.34683,39.981076],[116.345976,39.981071],[116.345979,39.980758],[116.346833,39.980763]]]}},{"type":"Feature","id":"BLDG-321","properties":{"id":"BLDG-321","layer":"BUILDING_FOOTPRINT","building_type":"education","name_zh":"混合功能概念体量","source_type":"agent_generated_design","confidence":"low","geometry_role":"design_proposal","area_sqm_declared":1700.4,"note_zh":"概念体量示意，非建筑方案或拆改留结论"},"geometry":{"type":"Polygon","coordinates":[[[116.346458,39.983273],[116.346455,39.983606],[116.345917,39.983603],[116.34592,39.98327],[116.346458,39.983273]]]}},{"type":"Feature","id":"BLDG-322","properties":{"id":"BLDG-322","layer":"BUILDING_FOOTPRINT","building_type":"education","name_zh":"混合功能概念体量","source_type":"agent_generated_design","confidence":"low","geometry_role":"design_proposal","area_sqm_declared":2915.4,"note_zh":"概念体量示意，非建筑方案或拆改留结论"},"geometry":{"type":"Polygon","coordinates":[[[116.34795,39.984624],[116.347947,39.985012],[116.347156,39.985008],[116.34716,39.984619],[116.34795,39.984624]]]}},{"type":"Feature","id":"BLDG-323","properties":{"id":"BLDG-323","layer":"BUILDING_FOOTPRINT","building_type":"education","name_zh":"混合功能概念体量","source_type":"agent_generated_design","confidence":"low","geometry_role":"design_proposal","area_sqm_declared":2066.3,"note_zh":"概念体量示意，非建筑方案或拆改留结论"},"geometry":{"type":"Polygon","coordinates":[[[116.346083,39.984366],[116.346081,39.984621],[116.345227,39.984616],[116.345229,39.984361],[116.346083,39.984366]]]}},{"type":"Feature","id":"BLDG-324","properties":{"id":"BLDG-324","layer":"BUILDING_FOOTPRINT","building_type":"education","name_zh":"混合功能概念体量","source_type":"agent_generated_design","confidence":"low","geometry_role":"design_proposal","area_sqm_declared":2049.5,"note_zh":"概念体量示意，非建筑方案或拆改留结论"},"geometry":{"type":"Polygon","coordinates":[[[116.345052,39.984828],[116.345048,39.985195],[116.34446,39.985191],[116.344463,39.984824],[116.345052,39.984828]]]}},{"type":"Feature","id":"BLDG-325","properties":{"id":"BLDG-325","layer":"BUILDING_FOOTPRINT","building_type":"education","name_zh":"混合功能概念体量","source_type":"agent_generated_design","confidence":"low","geometry_role":"design_proposal","area_sqm_declared":1972.8,"note_zh":"概念体量示意，非建筑方案或拆改留结论"},"geometry":{"type":"Polygon","coordinates":[[[116.345491,39.982816],[116.345488,39.983155],[116.344873,39.983151],[116.344877,39.982813],[116.345491,39.982816]]]}},{"type":"Feature","id":"BLDG-326","properties":{"id":"BLDG-326","layer":"BUILDING_FOOTPRINT","building_type":"education","name_zh":"混合功能概念体量","source_type":"agent_generated_design","confidence":"low","geometry_role":"design_proposal","area_sqm_declared":2612.9,"note_zh":"概念体量示意，非建筑方案或拆改留结论"},"geometry":{"type":"Polygon","coordinates":[[[116.348441,39.982919],[116.348437,39.983274],[116.347662,39.98327],[116.347666,39.982915],[116.348441,39.982919]]]}},{"type":"Feature","id":"BLDG-327","properties":{"id":"BLDG-327","layer":"BUILDING_FOOTPRINT","building_type":"education","name_zh":"混合功能概念体量","source_type":"agent_generated_design","confidence":"low","geometry_role":"design_proposal","area_sqm_declared":2813.1,"note_zh":"概念体量示意，非建筑方案或拆改留结论"},"geometry":{"type":"Polygon","coordinates":[[[116.346712,39.985239],[116.346709,39.985538],[116.345718,39.985532],[116.345721,39.985233],[116.346712,39.985239]]]}},{"type":"Feature","id":"BLDG-328","properties":{"id":"BLDG-328","layer":"BUILDING_FOOTPRINT","building_type":"education","name_zh":"混合功能概念体量","source_type":"agent_generated_design","confidence":"low","geometry_role":"design_proposal","area_sqm_declared":2289.3,"note_zh":"概念体量示意，非建筑方案或拆改留结论"},"geometry":{"type":"Polygon","coordinates":[[[116.346847,39.98482],[116.346844,39.985122],[116.346047,39.985118],[116.34605,39.984815],[116.346847,39.98482]]]}},{"type":"Feature","id":"BLDG-329","properties":{"id":"BLDG-329","layer":"BUILDING_FOOTPRINT","building_type":"education","name_zh":"混合功能概念体量","source_type":"agent_generated_design","confidence":"low","geometry_role":"design_proposal","area_sqm_declared":3195.0,"note_zh":"概念体量示意，非建筑方案或拆改留结论"},"geometry":{"type":"Polygon","coordinates":[[[116.347738,39.983411],[116.347734,39.983857],[116.346979,39.983853],[116.346983,39.983407],[116.347738,39.983411]]]}},{"type":"Feature","id":"BLDG-330","properties":{"id":"BLDG-330","layer":"BUILDING_FOOTPRINT","building_type":"education","name_zh":"混合功能概念体量","source_type":"agent_generated_design","confidence":"low","geometry_role":"design_proposal","area_sqm_declared":2263.3,"note_zh":"概念体量示意，非建筑方案或拆改留结论"},"geometry":{"type":"Polygon","coordinates":[[[116.348666,39.984121],[116.348662,39.984459],[116.347958,39.984455],[116.347961,39.984117],[116.348666,39.984121]]]}},{"type":"Feature","id":"BLDG-331","properties":{"id":"BLDG-331","layer":"BUILDING_FOOTPRINT","building_type":"education","name_zh":"混合功能概念体量","source_type":"agent_generated_design","confidence":"low","geometry_role":"design_proposal","area_sqm_declared":2259.8,"note_zh":"概念体量示意，非建筑方案或拆改留结论"},"geometry":{"type":"Polygon","coordinates":[[[116.346757,39.983848],[116.346755,39.984129],[116.345905,39.984124],[116.345907,39.983844],[116.346757,39.983848]]]}},{"type":"Feature","id":"BLDG-332","properties":{"id":"BLDG-332","layer":"BUILDING_FOOTPRINT","building_type":"education","name_zh":"混合功能概念体量","source_type":"agent_generated_design","confidence":"low","geometry_role":"design_proposal","area_sqm_declared":2704.6,"note_zh":"概念体量示意，非建筑方案或拆改留结论"},"geometry":{"type":"Polygon","coordinates":[[[116.345417,39.982381],[116.345413,39.982737],[116.344614,39.982733],[116.344617,39.982376],[116.345417,39.982381]]]}},{"type":"Feature","id":"BLDG-333","properties":{"id":"BLDG-333","layer":"BUILDING_FOOTPRINT","building_type":"mixed_use","name_zh":"混合功能概念体量","source_type":"agent_generated_design","confidence":"low","geometry_role":"design_proposal","area_sqm_declared":2750.8,"note_zh":"概念体量示意，非建筑方案或拆改留结论"},"geometry":{"type":"Polygon","coordinates":[[[116.345899,39.987617],[116.345895,39.987994],[116.345126,39.987989],[116.34513,39.987612],[116.345899,39.987617]]]}},{"type":"Feature","id":"BLDG-334","properties":{"id":"BLDG-334","layer":"BUILDING_FOOTPRINT","building_type":"mixed_use","name_zh":"混合功能概念体量","source_type":"agent_generated_design","confidence":"low","geometry_role":"design_proposal","area_sqm_declared":1677.3,"note_zh":"概念体量示意，非建筑方案或拆改留结论"},"geometry":{"type":"Polygon","coordinates":[[[116.346983,39.986843],[116.34698,39.98715],[116.346403,39.987147],[116.346406,39.98684],[116.346983,39.986843]]]}},{"type":"Feature","id":"BLDG-335","properties":{"id":"BLDG-335","layer":"BUILDING_FOOTPRINT","building_type":"mixed_use","name_zh":"混合功能概念体量","source_type":"agent_generated_design","confidence":"low","geometry_role":"design_proposal","area_sqm_declared":2197.3,"note_zh":"概念体量示意，非建筑方案或拆改留结论"},"geometry":{"type":"Polygon","coordinates":[[[116.347865,39.98654],[116.347862,39.986935],[116.347275,39.986932],[116.347279,39.986537],[116.347865,39.98654]]]}},{"type":"Feature","id":"BLDG-336","properties":{"id":"BLDG-336","layer":"BUILDING_FOOTPRINT","building_type":"mixed_use","name_zh":"混合功能概念体量","source_type":"agent_generated_design","confidence":"low","geometry_role":"design_proposal","area_sqm_declared":2564.9,"note_zh":"概念体量示意，非建筑方案或拆改留结论"},"geometry":{"type":"Polygon","coordinates":[[[116.347576,39.987772],[116.347573,39.988144],[116.346846,39.98814],[116.346849,39.987768],[116.347576,39.987772]]]}},{"type":"Feature","id":"BLDG-337","properties":{"id":"BLDG-337","layer":"BUILDING_FOOTPRINT","building_type":"mixed_use","name_zh":"混合功能概念体量","source_type":"agent_generated_design","confidence":"low","geometry_role":"design_proposal","area_sqm_declared":3675.9,"note_zh":"概念体量示意，非建筑方案或拆改留结论"},"geometry":{"type":"Polygon","coordinates":[[[116.346963,39.985891],[116.346959,39.986312],[116.346038,39.986307],[116.346042,39.985886],[116.346963,39.985891]]]}},{"type":"Feature","id":"BLDG-338","properties":{"id":"BLDG-338","layer":"BUILDING_FOOTPRINT","building_type":"mixed_use","name_zh":"混合功能概念体量","source_type":"agent_generated_design","confidence":"low","geometry_role":"design_proposal","area_sqm_declared":3226.1,"note_zh":"概念体量示意，非建筑方案或拆改留结论"},"geometry":{"type":"Polygon","coordinates":[[[116.347582,39.988834],[116.347578,39.989191],[116.346626,39.989186],[116.34663,39.988828],[116.347582,39.988834]]]}},{"type":"Feature","id":"BLDG-339","properties":{"id":"BLDG-339","layer":"BUILDING_FOOTPRINT","building_type":"mixed_use","name_zh":"混合功能概念体量","source_type":"agent_generated_design","confidence":"low","geometry_role":"design_proposal","area_sqm_declared":2728.5,"note_zh":"概念体量示意，非建筑方案或拆改留结论"},"geometry":{"type":"Polygon","coordinates":[[[116.348746,39.987988],[116.348743,39.988296],[116.347811,39.988291],[116.347813,39.987982],[116.348746,39.987988]]]}},{"type":"Feature","id":"BLDG-340","properties":{"id":"BLDG-340","layer":"BUILDING_FOOTPRINT","building_type":"mixed_use","name_zh":"混合功能概念体量","source_type":"agent_generated_design","confidence":"low","geometry_role":"design_proposal","area_sqm_declared":1996.6,"note_zh":"概念体量示意，非建筑方案或拆改留结论"},"geometry":{"type":"Polygon","coordinates":[[[116.346728,39.987461],[116.346725,39.987768],[116.346039,39.987764],[116.346042,39.987457],[116.346728,39.987461]]]}},{"type":"Feature","id":"BLDG-341","properties":{"id":"BLDG-341","layer":"BUILDING_FOOTPRINT","building_type":"mixed_use","name_zh":"混合功能概念体量","source_type":"agent_generated_design","confidence":"low","geometry_role":"design_proposal","area_sqm_declared":2322.6,"note_zh":"概念体量示意，非建筑方案或拆改留结论"},"geometry":{"type":"Polygon","coordinates":[[[116.34657,39.988036],[116.346567,39.988353],[116.345793,39.988348],[116.345796,39.988032],[116.34657,39.988036]]]}},{"type":"Feature","id":"BLDG-342","properties":{"id":"BLDG-342","layer":"BUILDING_FOOTPRINT","building_type":"mixed_use","name_zh":"混合功能概念体量","source_type":"agent_generated_design","confidence":"low","geometry_role":"design_proposal","area_sqm_declared":2148.8,"note_zh":"概念体量示意，非建筑方案或拆改留结论"},"geometry":{"type":"Polygon","coordinates":[[[116.347879,39.985917],[116.347876,39.986266],[116.347227,39.986263],[116.34723,39.985914],[116.347879,39.985917]]]}},{"type":"Feature","id":"BLDG-343","properties":{"id":"BLDG-343","layer":"BUILDING_FOOTPRINT","building_type":"mixed_use","name_zh":"混合功能概念体量","source_type":"agent_generated_design","confidence":"low","geometry_role":"design_proposal","area_sqm_declared":2852.8,"note_zh":"概念体量示意，非建筑方案或拆改留结论"},"geometry":{"type":"Polygon","coordinates":[[[116.347572,39.988352],[116.347568,39.988757],[116.346826,39.988753],[116.346829,39.988348],[116.347572,39.988352]]]}},{"type":"Feature","id":"BLDG-344","properties":{"id":"BLDG-344","layer":"BUILDING_FOOTPRINT","building_type":"mixed_use","name_zh":"混合功能概念体量","source_type":"agent_generated_design","confidence":"low","geometry_role":"design_proposal","area_sqm_declared":3514.1,"note_zh":"概念体量示意，非建筑方案或拆改留结论"},"geometry":{"type":"Polygon","coordinates":[[[116.348922,39.986595],[116.348919,39.987007],[116.34802,39.987002],[116.348024,39.98659],[116.348922,39.986595]]]}},{"type":"Feature","id":"BLDG-345","properties":{"id":"BLDG-345","layer":"BUILDING_FOOTPRINT","building_type":"education","name_zh":"混合功能概念体量","source_type":"agent_generated_design","confidence":"low","geometry_role":"design_proposal","area_sqm_declared":2314.2,"note_zh":"概念体量示意，非建筑方案或拆改留结论"},"geometry":{"type":"Polygon","coordinates":[[[116.347582,39.99008],[116.347579,39.990405],[116.346828,39.990401],[116.346831,39.990076],[116.347582,39.99008]]]}},{"type":"Feature","id":"BLDG-346","properties":{"id":"BLDG-346","layer":"BUILDING_FOOTPRINT","building_type":"education","name_zh":"混合功能概念体量","source_type":"agent_generated_design","confidence":"low","geometry_role":"design_proposal","area_sqm_declared":2333.2,"note_zh":"概念体量示意，非建筑方案或拆改留结论"},"geometry":{"type":"Polygon","coordinates":[[[116.345846,39.991812],[116.345843,39.992111],[116.345022,39.992106],[116.345025,39.991807],[116.345846,39.991812]]]}},{"type":"Feature","id":"BLDG-347","properties":{"id":"BLDG-347","layer":"BUILDING_FOOTPRINT","building_type":"education","name_zh":"混合功能概念体量","source_type":"agent_generated_design","confidence":"low","geometry_role":"design_proposal","area_sqm_declared":3144.3,"note_zh":"概念体量示意，非建筑方案或拆改留结论"},"geometry":{"type":"Polygon","coordinates":[[[116.347597,39.992063],[116.347594,39.99247],[116.346778,39.992465],[116.346782,39.992059],[116.347597,39.992063]]]}},{"type":"Feature","id":"BLDG-348","properties":{"id":"BLDG-348","layer":"BUILDING_FOOTPRINT","building_type":"education","name_zh":"混合功能概念体量","source_type":"agent_generated_design","confidence":"low","geometry_role":"design_proposal","area_sqm_declared":1878.5,"note_zh":"概念体量示意，非建筑方案或拆改留结论"},"geometry":{"type":"Polygon","coordinates":[[[116.348898,39.990245],[116.348896,39.990499],[116.348118,39.990495],[116.348121,39.99024],[116.348898,39.990245]]]}},{"type":"Feature","id":"BLDG-349","properties":{"id":"BLDG-349","layer":"BUILDING_FOOTPRINT","building_type":"education","name_zh":"混合功能概念体量","source_type":"agent_generated_design","confidence":"low","geometry_role":"design_proposal","area_sqm_declared":2217.9,"note_zh":"概念体量示意，非建筑方案或拆改留结论"},"geometry":{"type":"Polygon","coordinates":[[[116.345355,39.990928],[116.345352,39.991196],[116.344479,39.991191],[116.344482,39.990923],[116.345355,39.990928]]]}},{"type":"Feature","id":"BLDG-350","properties":{"id":"BLDG-350","layer":"BUILDING_FOOTPRINT","building_type":"education","name_zh":"混合功能概念体量","source_type":"agent_generated_design","confidence":"low","geometry_role":"design_proposal","area_sqm_declared":3182.8,"note_zh":"概念体量示意，非建筑方案或拆改留结论"},"geometry":{"type":"Polygon","coordinates":[[[116.345568,39.992518],[116.345564,39.992863],[116.34459,39.992857],[116.344594,39.992513],[116.345568,39.992518]]]}},{"type":"Feature","id":"BLDG-351","properties":{"id":"BLDG-351","layer":"BUILDING_FOOTPRINT","building_type":"education","name_zh":"混合功能概念体量","source_type":"agent_generated_design","confidence":"low","geometry_role":"design_proposal","area_sqm_declared":3925.1,"note_zh":"概念体量示意，非建筑方案或拆改留结论"},"geometry":{"type":"Polygon","coordinates":[[[116.346109,39.990165],[116.346105,39.990596],[116.345145,39.990591],[116.345149,39.99016],[116.346109,39.990165]]]}},{"type":"Feature","id":"BLDG-352","properties":{"id":"BLDG-352","layer":"BUILDING_FOOTPRINT","building_type":"education","name_zh":"混合功能概念体量","source_type":"agent_generated_design","confidence":"low","geometry_role":"design_proposal","area_sqm_declared":3142.4,"note_zh":"概念体量示意，非建筑方案或拆改留结论"},"geometry":{"type":"Polygon","coordinates":[[[116.346669,39.991279],[116.346666,39.991613],[116.345675,39.991607],[116.345678,39.991273],[116.346669,39.991279]]]}},{"type":"Feature","id":"BLDG-353","properties":{"id":"BLDG-353","layer":"BUILDING_FOOTPRINT","building_type":"education","name_zh":"混合功能概念体量","source_type":"agent_generated_design","confidence":"low","geometry_role":"design_proposal","area_sqm_declared":3198.1,"note_zh":"概念体量示意，非建筑方案或拆改留结论"},"geometry":{"type":"Polygon","coordinates":[[[116.347629,39.991616],[116.347625,39.992029],[116.346809,39.992024],[116.346813,39.991611],[116.347629,39.991616]]]}},{"type":"Feature","id":"BLDG-354","properties":{"id":"BLDG-354","layer":"BUILDING_FOOTPRINT","building_type":"education","name_zh":"混合功能概念体量","source_type":"agent_generated_design","confidence":"low","geometry_role":"design_proposal","area_sqm_declared":2077.3,"note_zh":"概念体量示意，非建筑方案或拆改留结论"},"geometry":{"type":"Polygon","coordinates":[[[116.346475,39.989584],[116.346471,39.989962],[116.345891,39.989958],[116.345894,39.989581],[116.346475,39.989584]]]}},{"type":"Feature","id":"BLDG-355","properties":{"id":"BLDG-355","layer":"BUILDING_FOOTPRINT","building_type":"education","name_zh":"混合功能概念体量","source_type":"agent_generated_design","confidence":"low","geometry_role":"design_proposal","area_sqm_declared":2461.5,"note_zh":"概念体量示意，非建筑方案或拆改留结论"},"geometry":{"type":"Polygon","coordinates":[[[116.345095,39.990476],[116.345091,39.990889],[116.344462,39.990885],[116.344466,39.990472],[116.345095,39.990476]]]}},{"type":"Feature","id":"BLDG-356","properties":{"id":"BLDG-356","layer":"BUILDING_FOOTPRINT","building_type":"education","name_zh":"混合功能概念体量","source_type":"agent_generated_design","confidence":"low","geometry_role":"design_proposal","area_sqm_declared":3622.0,"note_zh":"概念体量示意，非建筑方案或拆改留结论"},"geometry":{"type":"Polygon","coordinates":[[[116.347697,39.990597],[116.347693,39.991022],[116.346794,39.991017],[116.346798,39.990592],[116.347697,39.990597]]]}},{"type":"Feature","id":"BLDG-357","properties":{"id":"BLDG-357","layer":"BUILDING_FOOTPRINT","building_type":"education","name_zh":"混合功能概念体量","source_type":"agent_generated_design","confidence":"low","geometry_role":"design_proposal","area_sqm_declared":2495.8,"note_zh":"概念体量示意，非建筑方案或拆改留结论"},"geometry":{"type":"Polygon","coordinates":[[[116.347258,39.994718],[116.347255,39.995064],[116.346495,39.99506],[116.346498,39.994714],[116.347258,39.994718]]]}},{"type":"Feature","id":"BLDG-358","properties":{"id":"BLDG-358","layer":"BUILDING_FOOTPRINT","building_type":"education","name_zh":"混合功能概念体量","source_type":"agent_generated_design","confidence":"low","geometry_role":"design_proposal","area_sqm_declared":2233.2,"note_zh":"概念体量示意，非建筑方案或拆改留结论"},"geometry":{"type":"Polygon","coordinates":[[[116.3463,39.994967],[116.346296,39.995373],[116.345715,39.995369],[116.345719,39.994964],[116.3463,39.994967]]]}},{"type":"Feature","id":"BLDG-359","properties":{"id":"BLDG-359","layer":"BUILDING_FOOTPRINT","building_type":"education","name_zh":"混合功能概念体量","source_type":"agent_generated_design","confidence":"low","geometry_role":"design_proposal","area_sqm_declared":2232.6,"note_zh":"概念体量示意，非建筑方案或拆改留结论"},"geometry":{"type":"Polygon","coordinates":[[[116.348812,39.993143],[116.348809,39.993484],[116.348118,39.99348],[116.348121,39.99314],[116.348812,39.993143]]]}},{"type":"Feature","id":"BLDG-360","properties":{"id":"BLDG-360","layer":"BUILDING_FOOTPRINT","building_type":"education","name_zh":"混合功能概念体量","source_type":"agent_generated_design","confidence":"low","geometry_role":"design_proposal","area_sqm_declared":2371.8,"note_zh":"概念体量示意，非建筑方案或拆改留结论"},"geometry":{"type":"Polygon","coordinates":[[[116.348716,39.995638],[116.348713,39.995928],[116.34785,39.995923],[116.347852,39.995633],[116.348716,39.995638]]]}},{"type":"Feature","id":"BLDG-361","properties":{"id":"BLDG-361","layer":"BUILDING_FOOTPRINT","building_type":"education","name_zh":"混合功能概念体量","source_type":"agent_generated_design","confidence":"low","geometry_role":"design_proposal","area_sqm_declared":2651.7,"note_zh":"概念体量示意，非建筑方案或拆改留结论"},"geometry":{"type":"Polygon","coordinates":[[[116.347013,39.993905],[116.347009,39.994262],[116.346225,39.994258],[116.346229,39.993901],[116.347013,39.993905]]]}},{"type":"Feature","id":"BLDG-362","properties":{"id":"BLDG-362","layer":"BUILDING_FOOTPRINT","building_type":"education","name_zh":"混合功能概念体量","source_type":"agent_generated_design","confidence":"low","geometry_role":"design_proposal","area_sqm_declared":2272.3,"note_zh":"概念体量示意，非建筑方案或拆改留结论"},"geometry":{"type":"Polygon","coordinates":[[[116.347009,39.995774],[116.347006,39.996111],[116.346295,39.996107],[116.346298,39.99577],[116.347009,39.995774]]]}},{"type":"Feature","id":"BLDG-363","properties":{"id":"BLDG-363","layer":"BUILDING_FOOTPRINT","building_type":"education","name_zh":"混合功能概念体量","source_type":"agent_generated_design","confidence":"low","geometry_role":"design_proposal","area_sqm_declared":3928.5,"note_zh":"概念体量示意，非建筑方案或拆改留结论"},"geometry":{"type":"Polygon","coordinates":[[[116.347432,39.995259],[116.347428,39.995658],[116.346389,39.995652],[116.346393,39.995254],[116.347432,39.995259]]]}},{"type":"Feature","id":"BLDG-364","properties":{"id":"BLDG-364","layer":"BUILDING_FOOTPRINT","building_type":"education","name_zh":"混合功能概念体量","source_type":"agent_generated_design","confidence":"low","geometry_role":"design_proposal","area_sqm_declared":2235.3,"note_zh":"概念体量示意，非建筑方案或拆改留结论"},"geometry":{"type":"Polygon","coordinates":[[[116.345736,39.99575],[116.345733,39.996149],[116.345141,39.996145],[116.345145,39.995747],[116.345736,39.99575]]]}},{"type":"Feature","id":"BLDG-365","properties":{"id":"BLDG-365","layer":"BUILDING_FOOTPRINT","building_type":"education","name_zh":"混合功能概念体量","source_type":"agent_generated_design","confidence":"low","geometry_role":"design_proposal","area_sqm_declared":1883.8,"note_zh":"概念体量示意，非建筑方案或拆改留结论"},"geometry":{"type":"Polygon","coordinates":[[[116.345669,39.993147],[116.345665,39.993497],[116.345098,39.993494],[116.345102,39.993143],[116.345669,39.993147]]]}},{"type":"Feature","id":"BLDG-366","properties":{"id":"BLDG-366","layer":"BUILDING_FOOTPRINT","building_type":"education","name_zh":"混合功能概念体量","source_type":"agent_generated_design","confidence":"low","geometry_role":"design_proposal","area_sqm_declared":3281.8,"note_zh":"概念体量示意，非建筑方案或拆改留结论"},"geometry":{"type":"Polygon","coordinates":[[[116.348373,39.993975],[116.34837,39.99431],[116.347337,39.994304],[116.347341,39.993969],[116.348373,39.993975]]]}},{"type":"Feature","id":"BLDG-367","properties":{"id":"BLDG-367","layer":"BUILDING_FOOTPRINT","building_type":"education","name_zh":"混合功能概念体量","source_type":"agent_generated_design","confidence":"low","geometry_role":"design_proposal","area_sqm_declared":2585.9,"note_zh":"概念体量示意，非建筑方案或拆改留结论"},"geometry":{"type":"Polygon","coordinates":[[[116.345301,39.994243],[116.345299,39.994552],[116.344416,39.994547],[116.344419,39.994238],[116.345301,39.994243]]]}},{"type":"Feature","id":"BLDG-368","properties":{"id":"BLDG-368","layer":"BUILDING_FOOTPRINT","building_type":"education","name_zh":"混合功能概念体量","source_type":"agent_generated_design","confidence":"low","geometry_role":"design_proposal","area_sqm_declared":1982.5,"note_zh":"概念体量示意，非建筑方案或拆改留结论"},"geometry":{"type":"Polygon","coordinates":[[[116.345639,39.99516],[116.345637,39.995426],[116.34485,39.995421],[116.344853,39.995155],[116.345639,39.99516]]]}},{"type":"Feature","id":"BLDG-369","properties":{"id":"BLDG-369","layer":"BUILDING_FOOTPRINT","building_type":"mixed_use","name_zh":"混合功能概念体量","source_type":"agent_generated_design","confidence":"low","geometry_role":"design_proposal","area_sqm_declared":2917.5,"note_zh":"概念体量示意，非建筑方案或拆改留结论"},"geometry":{"type":"Polygon","coordinates":[[[116.347723,39.999409],[116.34772,39.999714],[116.346712,39.999708],[116.346715,39.999403],[116.347723,39.999409]]]}},{"type":"Feature","id":"BLDG-370","properties":{"id":"BLDG-370","layer":"BUILDING_FOOTPRINT","building_type":"mixed_use","name_zh":"混合功能概念体量","source_type":"agent_generated_design","confidence":"low","geometry_role":"design_proposal","area_sqm_declared":4065.3,"note_zh":"概念体量示意，非建筑方案或拆改留结论"},"geometry":{"type":"Polygon","coordinates":[[[116.34547,39.998681],[116.345466,39.999122],[116.344493,39.999116],[116.344497,39.998675],[116.34547,39.998681]]]}},{"type":"Feature","id":"BLDG-371","properties":{"id":"BLDG-371","layer":"BUILDING_FOOTPRINT","building_type":"mixed_use","name_zh":"混合功能概念体量","source_type":"agent_generated_design","confidence":"low","geometry_role":"design_proposal","area_sqm_declared":2043.4,"note_zh":"概念体量示意，非建筑方案或拆改留结论"},"geometry":{"type":"Polygon","coordinates":[[[116.348749,39.998777],[116.348746,39.999081],[116.348037,39.999077],[116.34804,39.998773],[116.348749,39.998777]]]}},{"type":"Feature","id":"BLDG-372","properties":{"id":"BLDG-372","layer":"BUILDING_FOOTPRINT","building_type":"mixed_use","name_zh":"混合功能概念体量","source_type":"agent_generated_design","confidence":"low","geometry_role":"design_proposal","area_sqm_declared":1481.7,"note_zh":"概念体量示意，非建筑方案或拆改留结论"},"geometry":{"type":"Polygon","coordinates":[[[116.345205,39.996977],[116.345202,39.997233],[116.344593,39.99723],[116.344595,39.996974],[116.345205,39.996977]]]}},{"type":"Feature","id":"BLDG-373","properties":{"id":"BLDG-373","layer":"BUILDING_FOOTPRINT","building_type":"mixed_use","name_zh":"混合功能概念体量","source_type":"agent_generated_design","confidence":"low","geometry_role":"design_proposal","area_sqm_declared":3689.8,"note_zh":"概念体量示意，非建筑方案或拆改留结论"},"geometry":{"type":"Polygon","coordinates":[[[116.345772,39.997988],[116.345768,39.998379],[116.344774,39.998374],[116.344778,39.997982],[116.345772,39.997988]]]}},{"type":"Feature","id":"BLDG-374","properties":{"id":"BLDG-374","layer":"BUILDING_FOOTPRINT","building_type":"mixed_use","name_zh":"混合功能概念体量","source_type":"agent_generated_design","confidence":"low","geometry_role":"design_proposal","area_sqm_declared":3065.1,"note_zh":"概念体量示意，非建筑方案或拆改留结论"},"geometry":{"type":"Polygon","coordinates":[[[116.348728,39.996687],[116.348724,39.997111],[116.347961,39.997106],[116.347965,39.996683],[116.348728,39.996687]]]}},{"type":"Feature","id":"BLDG-375","properties":{"id":"BLDG-375","layer":"BUILDING_FOOTPRINT","building_type":"mixed_use","name_zh":"混合功能概念体量","source_type":"agent_generated_design","confidence":"low","geometry_role":"design_proposal","area_sqm_declared":2900.3,"note_zh":"概念体量示意，非建筑方案或拆改留结论"},"geometry":{"type":"Polygon","coordinates":[[[116.345726,39.997557],[116.345722,39.997912],[116.34486,39.997907],[116.344863,39.997553],[116.345726,39.997557]]]}},{"type":"Feature","id":"BLDG-376","properties":{"id":"BLDG-376","layer":"BUILDING_FOOTPRINT","building_type":"mixed_use","name_zh":"混合功能概念体量","source_type":"agent_generated_design","confidence":"low","geometry_role":"design_proposal","area_sqm_declared":2172.6,"note_zh":"概念体量示意，非建筑方案或拆改留结论"},"geometry":{"type":"Polygon","coordinates":[[[116.348575,39.997507],[116.348573,39.99779],[116.347761,39.997785],[116.347764,39.997503],[116.348575,39.997507]]]}},{"type":"Feature","id":"BLDG-377","properties":{"id":"BLDG-377","layer":"BUILDING_FOOTPRINT","building_type":"mixed_use","name_zh":"混合功能概念体量","source_type":"agent_generated_design","confidence":"low","geometry_role":"design_proposal","area_sqm_declared":3505.9,"note_zh":"概念体量示意，非建筑方案或拆改留结论"},"geometry":{"type":"Polygon","coordinates":[[[116.347596,39.998337],[116.347592,39.998744],[116.346682,39.998739],[116.346686,39.998332],[116.347596,39.998337]]]}},{"type":"Feature","id":"BLDG-378","properties":{"id":"BLDG-378","layer":"BUILDING_FOOTPRINT","building_type":"mixed_use","name_zh":"混合功能概念体量","source_type":"agent_generated_design","confidence":"low","geometry_role":"design_proposal","area_sqm_declared":2311.4,"note_zh":"概念体量示意，非建筑方案或拆改留结论"},"geometry":{"type":"Polygon","coordinates":[[[116.348527,39.999185],[116.348522,39.99962],[116.347961,39.999617],[116.347966,39.999182],[116.348527,39.999185]]]}},{"type":"Feature","id":"BLDG-379","properties":{"id":"BLDG-379","layer":"BUILDING_FOOTPRINT","building_type":"mixed_use","name_zh":"混合功能概念体量","source_type":"agent_generated_design","confidence":"low","geometry_role":"design_proposal","area_sqm_declared":1740.5,"note_zh":"概念体量示意，非建筑方案或拆改留结论"},"geometry":{"type":"Polygon","coordinates":[[[116.347736,39.998768],[116.347734,39.999053],[116.34709,39.999049],[116.347092,39.998764],[116.347736,39.998768]]]}},{"type":"Feature","id":"BLDG-380","properties":{"id":"BLDG-380","layer":"BUILDING_FOOTPRINT","building_type":"mixed_use","name_zh":"混合功能概念体量","source_type":"agent_generated_design","confidence":"low","geometry_role":"design_proposal","area_sqm_declared":2007.0,"note_zh":"概念体量示意，非建筑方案或拆改留结论"},"geometry":{"type":"Polygon","coordinates":[[[116.346755,39.99907],[116.346753,39.999377],[116.346065,39.999374],[116.346068,39.999066],[116.346755,39.99907]]]}},{"type":"Feature","id":"BLDG-381","properties":{"id":"BLDG-381","layer":"BUILDING_FOOTPRINT","building_type":"mixed_use","name_zh":"混合功能概念体量","source_type":"agent_generated_design","confidence":"low","geometry_role":"design_proposal","area_sqm_declared":1852.1,"note_zh":"概念体量示意，非建筑方案或拆改留结论"},"geometry":{"type":"Polygon","coordinates":[[[116.347561,40.003061],[116.347559,40.003315],[116.346792,40.003311],[116.346794,40.003056],[116.347561,40.003061]]]}},{"type":"Feature","id":"BLDG-382","properties":{"id":"BLDG-382","layer":"BUILDING_FOOTPRINT","building_type":"mixed_use","name_zh":"混合功能概念体量","source_type":"agent_generated_design","confidence":"low","geometry_role":"design_proposal","area_sqm_declared":2187.9,"note_zh":"概念体量示意，非建筑方案或拆改留结论"},"geometry":{"type":"Polygon","coordinates":[[[116.346029,40.001934],[116.346026,40.002193],[116.345135,40.002188],[116.345137,40.001929],[116.346029,40.001934]]]}},{"type":"Feature","id":"BLDG-383","properties":{"id":"BLDG-383","layer":"BUILDING_FOOTPRINT","building_type":"mixed_use","name_zh":"混合功能概念体量","source_type":"agent_generated_design","confidence":"low","geometry_role":"design_proposal","area_sqm_declared":2002.7,"note_zh":"概念体量示意，非建筑方案或拆改留结论"},"geometry":{"type":"Polygon","coordinates":[[[116.346033,40.001566],[116.34603,40.001834],[116.345242,40.00183],[116.345244,40.001562],[116.346033,40.001566]]]}},{"type":"Feature","id":"BLDG-384","properties":{"id":"BLDG-384","layer":"BUILDING_FOOTPRINT","building_type":"mixed_use","name_zh":"混合功能概念体量","source_type":"agent_generated_design","confidence":"low","geometry_role":"design_proposal","area_sqm_declared":3358.5,"note_zh":"概念体量示意，非建筑方案或拆改留结论"},"geometry":{"type":"Polygon","coordinates":[[[116.347703,40.001862],[116.347699,40.002309],[116.346907,40.002305],[116.346911,40.001858],[116.347703,40.001862]]]}},{"type":"Feature","id":"BLDG-385","properties":{"id":"BLDG-385","layer":"BUILDING_FOOTPRINT","building_type":"mixed_use","name_zh":"混合功能概念体量","source_type":"agent_generated_design","confidence":"low","geometry_role":"design_proposal","area_sqm_declared":2323.9,"note_zh":"概念体量示意，非建筑方案或拆改留结论"},"geometry":{"type":"Polygon","coordinates":[[[116.348748,40.001911],[116.348746,40.002188],[116.347863,40.002183],[116.347865,40.001906],[116.348748,40.001911]]]}},{"type":"Feature","id":"BLDG-386","properties":{"id":"BLDG-386","layer":"BUILDING_FOOTPRINT","building_type":"mixed_use","name_zh":"混合功能概念体量","source_type":"agent_generated_design","confidence":"low","geometry_role":"design_proposal","area_sqm_declared":1598.8,"note_zh":"概念体量示意，非建筑方案或拆改留结论"},"geometry":{"type":"Polygon","coordinates":[[[116.346479,40.002718],[116.346477,40.002983],[116.345839,40.002979],[116.345842,40.002715],[116.346479,40.002718]]]}},{"type":"Feature","id":"BLDG-387","properties":{"id":"BLDG-387","layer":"BUILDING_FOOTPRINT","building_type":"mixed_use","name_zh":"混合功能概念体量","source_type":"agent_generated_design","confidence":"low","geometry_role":"design_proposal","area_sqm_declared":2886.4,"note_zh":"概念体量示意，非建筑方案或拆改留结论"},"geometry":{"type":"Polygon","coordinates":[[[116.347876,40.00268],[116.347873,40.003009],[116.346948,40.003004],[116.346951,40.002675],[116.347876,40.00268]]]}},{"type":"Feature","id":"BLDG-388","properties":{"id":"BLDG-388","layer":"BUILDING_FOOTPRINT","building_type":"mixed_use","name_zh":"混合功能概念体量","source_type":"agent_generated_design","confidence":"low","geometry_role":"design_proposal","area_sqm_declared":2325.6,"note_zh":"概念体量示意，非建筑方案或拆改留结论"},"geometry":{"type":"Polygon","coordinates":[[[116.345722,40.000598],[116.345719,40.000878],[116.344841,40.000873],[116.344844,40.000593],[116.345722,40.000598]]]}},{"type":"Feature","id":"BLDG-389","properties":{"id":"BLDG-389","layer":"BUILDING_FOOTPRINT","building_type":"mixed_use","name_zh":"混合功能概念体量","source_type":"agent_generated_design","confidence":"low","geometry_role":"design_proposal","area_sqm_declared":1844.9,"note_zh":"概念体量示意，非建筑方案或拆改留结论"},"geometry":{"type":"Polygon","coordinates":[[[116.3486,40.000951],[116.348597,40.001241],[116.347927,40.001238],[116.34793,40.000947],[116.3486,40.000951]]]}},{"type":"Feature","id":"BLDG-390","properties":{"id":"BLDG-390","layer":"BUILDING_FOOTPRINT","building_type":"mixed_use","name_zh":"混合功能概念体量","source_type":"agent_generated_design","confidence":"low","geometry_role":"design_proposal","area_sqm_declared":2240.5,"note_zh":"概念体量示意，非建筑方案或拆改留结论"},"geometry":{"type":"Polygon","coordinates":[[[116.348168,40.001281],[116.348166,40.001583],[116.347384,40.001579],[116.347387,40.001277],[116.348168,40.001281]]]}},{"type":"Feature","id":"BLDG-391","properties":{"id":"BLDG-391","layer":"BUILDING_FOOTPRINT","building_type":"mixed_use","name_zh":"混合功能概念体量","source_type":"agent_generated_design","confidence":"low","geometry_role":"design_proposal","area_sqm_declared":3534.4,"note_zh":"概念体量示意，非建筑方案或拆改留结论"},"geometry":{"type":"Polygon","coordinates":[[[116.347138,40.003322],[116.347134,40.003712],[116.34618,40.003707],[116.346183,40.003316],[116.347138,40.003322]]]}},{"type":"Feature","id":"BLDG-392","properties":{"id":"BLDG-392","layer":"BUILDING_FOOTPRINT","building_type":"mixed_use","name_zh":"混合功能概念体量","source_type":"agent_generated_design","confidence":"low","geometry_role":"design_proposal","area_sqm_declared":3046.6,"note_zh":"概念体量示意，非建筑方案或拆改留结论"},"geometry":{"type":"Polygon","coordinates":[[[116.347709,40.000796],[116.347705,40.001167],[116.346839,40.001162],[116.346842,40.000792],[116.347709,40.000796]]]}},{"type":"Feature","id":"BLDG-393","properties":{"id":"BLDG-393","layer":"BUILDING_FOOTPRINT","building_type":"residential","name_zh":"混合功能概念体量","source_type":"agent_generated_design","confidence":"low","geometry_role":"design_proposal","area_sqm_declared":1813.7,"note_zh":"概念体量示意，非建筑方案或拆改留结论"},"geometry":{"type":"Polygon","coordinates":[[[116.34542,40.00404],[116.345418,40.004292],[116.344659,40.004287],[116.344662,40.004035],[116.34542,40.00404]]]}},{"type":"Feature","id":"BLDG-394","properties":{"id":"BLDG-394","layer":"BUILDING_FOOTPRINT","building_type":"residential","name_zh":"混合功能概念体量","source_type":"agent_generated_design","confidence":"low","geometry_role":"design_proposal","area_sqm_declared":2490.4,"note_zh":"概念体量示意，非建筑方案或拆改留结论"},"geometry":{"type":"Polygon","coordinates":[[[116.345588,40.005125],[116.345585,40.005442],[116.344756,40.005437],[116.344759,40.005121],[116.345588,40.005125]]]}},{"type":"Feature","id":"BLDG-395","properties":{"id":"BLDG-395","layer":"BUILDING_FOOTPRINT","building_type":"residential","name_zh":"混合功能概念体量","source_type":"agent_generated_design","confidence":"low","geometry_role":"design_proposal","area_sqm_declared":2565.2,"note_zh":"概念体量示意，非建筑方案或拆改留结论"},"geometry":{"type":"Polygon","coordinates":[[[116.345435,40.006612],[116.345433,40.006875],[116.344405,40.006869],[116.344408,40.006606],[116.345435,40.006612]]]}},{"type":"Feature","id":"BLDG-396","properties":{"id":"BLDG-396","layer":"BUILDING_FOOTPRINT","building_type":"residential","name_zh":"混合功能概念体量","source_type":"agent_generated_design","confidence":"low","geometry_role":"design_proposal","area_sqm_declared":2412.2,"note_zh":"概念体量示意，非建筑方案或拆改留结论"},"geometry":{"type":"Polygon","coordinates":[[[116.345327,40.005574],[116.345323,40.00599],[116.344711,40.005986],[116.344715,40.00557],[116.345327,40.005574]]]}},{"type":"Feature","id":"BLDG-397","properties":{"id":"BLDG-397","layer":"BUILDING_FOOTPRINT","building_type":"residential","name_zh":"混合功能概念体量","source_type":"agent_generated_design","confidence":"low","geometry_role":"design_proposal","area_sqm_declared":2858.3,"note_zh":"概念体量示意，非建筑方案或拆改留结论"},"geometry":{"type":"Polygon","coordinates":[[[116.347831,40.005437],[116.347828,40.005731],[116.346803,40.005726],[116.346806,40.005432],[116.347831,40.005437]]]}},{"type":"Feature","id":"BLDG-398","properties":{"id":"BLDG-398","layer":"BUILDING_FOOTPRINT","building_type":"residential","name_zh":"混合功能概念体量","source_type":"agent_generated_design","confidence":"low","geometry_role":"design_proposal","area_sqm_declared":2261.7,"note_zh":"概念体量示意，非建筑方案或拆改留结论"},"geometry":{"type":"Polygon","coordinates":[[[116.346429,40.005143],[116.346426,40.005444],[116.345633,40.005439],[116.345636,40.005138],[116.346429,40.005143]]]}},{"type":"Feature","id":"BLDG-399","properties":{"id":"BLDG-399","layer":"BUILDING_FOOTPRINT","building_type":"residential","name_zh":"混合功能概念体量","source_type":"agent_generated_design","confidence":"low","geometry_role":"design_proposal","area_sqm_declared":2401.5,"note_zh":"概念体量示意，非建筑方案或拆改留结论"},"geometry":{"type":"Polygon","coordinates":[[[116.346654,40.006886],[116.346651,40.007207],[116.345861,40.007203],[116.345864,40.006882],[116.346654,40.006886]]]}},{"type":"Feature","id":"BLDG-400","properties":{"id":"BLDG-400","layer":"BUILDING_FOOTPRINT","building_type":"residential","name_zh":"混合功能概念体量","source_type":"agent_generated_design","confidence":"low","geometry_role":"design_proposal","area_sqm_declared":3510.4,"note_zh":"概念体量示意，非建筑方案或拆改留结论"},"geometry":{"type":"Polygon","coordinates":[[[116.347024,40.004224],[116.347021,40.004603],[116.346045,40.004598],[116.346049,40.004218],[116.347024,40.004224]]]}},{"type":"Feature","id":"BLDG-401","properties":{"id":"BLDG-401","layer":"BUILDING_FOOTPRINT","building_type":"residential","name_zh":"混合功能概念体量","source_type":"agent_generated_design","confidence":"low","geometry_role":"design_proposal","area_sqm_declared":3590.9,"note_zh":"概念体量示意，非建筑方案或拆改留结论"},"geometry":{"type":"Polygon","coordinates":[[[116.348656,40.006704],[116.348652,40.007141],[116.347785,40.007136],[116.347789,40.006699],[116.348656,40.006704]]]}},{"type":"Feature","id":"BLDG-402","properties":{"id":"BLDG-402","layer":"BUILDING_FOOTPRINT","building_type":"residential","name_zh":"混合功能概念体量","source_type":"agent_generated_design","confidence":"low","geometry_role":"design_proposal","area_sqm_declared":2783.0,"note_zh":"概念体量示意，非建筑方案或拆改留结论"},"geometry":{"type":"Polygon","coordinates":[[[116.345668,40.004582],[116.345665,40.004902],[116.344749,40.004897],[116.344752,40.004576],[116.345668,40.004582]]]}},{"type":"Feature","id":"BLDG-403","properties":{"id":"BLDG-403","layer":"BUILDING_FOOTPRINT","building_type":"residential","name_zh":"混合功能概念体量","source_type":"agent_generated_design","confidence":"low","geometry_role":"design_proposal","area_sqm_declared":3246.1,"note_zh":"概念体量示意，非建筑方案或拆改留结论"},"geometry":{"type":"Polygon","coordinates":[[[116.34749,40.004777],[116.347486,40.005212],[116.3467,40.005208],[116.346704,40.004772],[116.34749,40.004777]]]}},{"type":"Feature","id":"BLDG-404","properties":{"id":"BLDG-404","layer":"BUILDING_FOOTPRINT","building_type":"residential","name_zh":"混合功能概念体量","source_type":"agent_generated_design","confidence":"low","geometry_role":"design_proposal","area_sqm_declared":1720.1,"note_zh":"概念体量示意，非建筑方案或拆改留结论"},"geometry":{"type":"Polygon","coordinates":[[[116.346757,40.005852],[116.346754,40.006125],[116.346091,40.006121],[116.346093,40.005848],[116.346757,40.005852]]]}},{"type":"Feature","id":"BLDG-405","properties":{"id":"BLDG-405","layer":"BUILDING_FOOTPRINT","building_type":"ai_r_and_d","name_zh":"混合功能概念体量","source_type":"agent_generated_design","confidence":"low","geometry_role":"design_proposal","area_sqm_declared":3062.9,"note_zh":"概念体量示意，非建筑方案或拆改留结论"},"geometry":{"type":"Polygon","coordinates":[[[116.347742,40.009139],[116.347738,40.009577],[116.347,40.009573],[116.347005,40.009135],[116.347742,40.009139]]]}},{"type":"Feature","id":"BLDG-406","properties":{"id":"BLDG-406","layer":"BUILDING_FOOTPRINT","building_type":"ai_r_and_d","name_zh":"混合功能概念体量","source_type":"agent_generated_design","confidence":"low","geometry_role":"design_proposal","area_sqm_declared":2666.7,"note_zh":"概念体量示意，非建筑方案或拆改留结论"},"geometry":{"type":"Polygon","coordinates":[[[116.347499,40.009734],[116.347496,40.010117],[116.34676,40.010112],[116.346764,40.00973],[116.347499,40.009734]]]}},{"type":"Feature","id":"BLDG-407","properties":{"id":"BLDG-407","layer":"BUILDING_FOOTPRINT","building_type":"ai_r_and_d","name_zh":"混合功能概念体量","source_type":"agent_generated_design","confidence":"low","geometry_role":"design_proposal","area_sqm_declared":2179.9,"note_zh":"概念体量示意，非建筑方案或拆改留结论"},"geometry":{"type":"Polygon","coordinates":[[[116.345734,40.007919],[116.34573,40.008251],[116.345038,40.008247],[116.345041,40.007915],[116.345734,40.007919]]]}},{"type":"Feature","id":"BLDG-408","properties":{"id":"BLDG-408","layer":"BUILDING_FOOTPRINT","building_type":"ai_r_and_d","name_zh":"混合功能概念体量","source_type":"agent_generated_design","confidence":"low","geometry_role":"design_proposal","area_sqm_declared":1986.5,"note_zh":"概念体量示意，非建筑方案或拆改留结论"},"geometry":{"type":"Polygon","coordinates":[[[116.345909,40.00898],[116.345906,40.009284],[116.345216,40.00928],[116.345219,40.008976],[116.345909,40.00898]]]}},{"type":"Feature","id":"BLDG-409","properties":{"id":"BLDG-409","layer":"BUILDING_FOOTPRINT","building_type":"ai_r_and_d","name_zh":"混合功能概念体量","source_type":"agent_generated_design","confidence":"low","geometry_role":"design_proposal","area_sqm_declared":2746.9,"note_zh":"概念体量示意，非建筑方案或拆改留结论"},"geometry":{"type":"Polygon","coordinates":[[[116.345821,40.009655],[116.345817,40.010052],[116.345088,40.010048],[116.345092,40.009651],[116.345821,40.009655]]]}},{"type":"Feature","id":"BLDG-410","properties":{"id":"BLDG-410","layer":"BUILDING_FOOTPRINT","building_type":"ai_r_and_d","name_zh":"混合功能概念体量","source_type":"agent_generated_design","confidence":"low","geometry_role":"design_proposal","area_sqm_declared":3316.4,"note_zh":"概念体量示意，非建筑方案或拆改留结论"},"geometry":{"type":"Polygon","coordinates":[[[116.348094,40.007738],[116.34809,40.00809],[116.347094,40.008084],[116.347098,40.007733],[116.348094,40.007738]]]}},{"type":"Feature","id":"BLDG-411","properties":{"id":"BLDG-411","layer":"BUILDING_FOOTPRINT","building_type":"ai_r_and_d","name_zh":"混合功能概念体量","source_type":"agent_generated_design","confidence":"low","geometry_role":"design_proposal","area_sqm_declared":1698.1,"note_zh":"概念体量示意，非建筑方案或拆改留结论"},"geometry":{"type":"Polygon","coordinates":[[[116.346709,40.008695],[116.346707,40.008964],[116.346042,40.008961],[116.346045,40.008691],[116.346709,40.008695]]]}},{"type":"Feature","id":"BLDG-412","properties":{"id":"BLDG-412","layer":"BUILDING_FOOTPRINT","building_type":"ai_r_and_d","name_zh":"混合功能概念体量","source_type":"agent_generated_design","confidence":"low","geometry_role":"design_proposal","area_sqm_declared":2207.0,"note_zh":"概念体量示意，非建筑方案或拆改留结论"},"geometry":{"type":"Polygon","coordinates":[[[116.344984,40.009836],[116.344981,40.010134],[116.3442,40.010129],[116.344203,40.009831],[116.344984,40.009836]]]}},{"type":"Feature","id":"BLDG-413","properties":{"id":"BLDG-413","layer":"BUILDING_FOOTPRINT","building_type":"ai_r_and_d","name_zh":"混合功能概念体量","source_type":"agent_generated_design","confidence":"low","geometry_role":"design_proposal","area_sqm_declared":2808.4,"note_zh":"概念体量示意，非建筑方案或拆改留结论"},"geometry":{"type":"Polygon","coordinates":[[[116.347836,40.008606],[116.347833,40.008896],[116.346812,40.00889],[116.346814,40.0086],[116.347836,40.008606]]]}},{"type":"Feature","id":"BLDG-414","properties":{"id":"BLDG-414","layer":"BUILDING_FOOTPRINT","building_type":"ai_r_and_d","name_zh":"混合功能概念体量","source_type":"agent_generated_design","confidence":"low","geometry_role":"design_proposal","area_sqm_declared":3231.5,"note_zh":"概念体量示意，非建筑方案或拆改留结论"},"geometry":{"type":"Polygon","coordinates":[[[116.347832,40.010521],[116.347828,40.010893],[116.346911,40.010888],[116.346914,40.010516],[116.347832,40.010521]]]}},{"type":"Feature","id":"BLDG-415","properties":{"id":"BLDG-415","layer":"BUILDING_FOOTPRINT","building_type":"ai_r_and_d","name_zh":"混合功能概念体量","source_type":"agent_generated_design","confidence":"low","geometry_role":"design_proposal","area_sqm_declared":1688.8,"note_zh":"概念体量示意，非建筑方案或拆改留结论"},"geometry":{"type":"Polygon","coordinates":[[[116.346442,40.008156],[116.34644,40.008448],[116.345829,40.008444],[116.345832,40.008153],[116.346442,40.008156]]]}},{"type":"Feature","id":"BLDG-416","properties":{"id":"BLDG-416","layer":"BUILDING_FOOTPRINT","building_type":"ai_r_and_d","name_zh":"混合功能概念体量","source_type":"agent_generated_design","confidence":"low","geometry_role":"design_proposal","area_sqm_declared":2344.2,"note_zh":"概念体量示意，非建筑方案或拆改留结论"},"geometry":{"type":"Polygon","coordinates":[[[116.346278,40.009286],[116.346275,40.009546],[116.345323,40.00954],[116.345325,40.009281],[116.346278,40.009286]]]}},{"type":"Feature","id":"BLDG-417","properties":{"id":"BLDG-417","layer":"BUILDING_FOOTPRINT","building_type":"mixed_use","name_zh":"混合功能概念体量","source_type":"agent_generated_design","confidence":"low","geometry_role":"design_proposal","area_sqm_declared":4008.0,"note_zh":"概念体量示意，非建筑方案或拆改留结论"},"geometry":{"type":"Polygon","coordinates":[[[116.346989,40.01164],[116.346985,40.012085],[116.346036,40.01208],[116.34604,40.011634],[116.346989,40.01164]]]}},{"type":"Feature","id":"BLDG-418","properties":{"id":"BLDG-418","layer":"BUILDING_FOOTPRINT","building_type":"mixed_use","name_zh":"混合功能概念体量","source_type":"agent_generated_design","confidence":"low","geometry_role":"design_proposal","area_sqm_declared":2291.7,"note_zh":"概念体量示意，非建筑方案或拆改留结论"},"geometry":{"type":"Polygon","coordinates":[[[116.345316,40.013669],[116.345312,40.014043],[116.344664,40.014039],[116.344668,40.013666],[116.345316,40.013669]]]}},{"type":"Feature","id":"BLDG-419","properties":{"id":"BLDG-419","layer":"BUILDING_FOOTPRINT","building_type":"mixed_use","name_zh":"混合功能概念体量","source_type":"agent_generated_design","confidence":"low","geometry_role":"design_proposal","area_sqm_declared":3642.5,"note_zh":"概念体量示意，非建筑方案或拆改留结论"},"geometry":{"type":"Polygon","coordinates":[[[116.348673,40.012463],[116.34867,40.012859],[116.347699,40.012853],[116.347702,40.012457],[116.348673,40.012463]]]}},{"type":"Feature","id":"BLDG-420","properties":{"id":"BLDG-420","layer":"BUILDING_FOOTPRINT","building_type":"mixed_use","name_zh":"混合功能概念体量","source_type":"agent_generated_design","confidence":"low","geometry_role":"design_proposal","area_sqm_declared":2856.8,"note_zh":"概念体量示意，非建筑方案或拆改留结论"},"geometry":{"type":"Polygon","coordinates":[[[116.34594,40.012748],[116.345937,40.01304],[116.344904,40.013034],[116.344907,40.012742],[116.34594,40.012748]]]}},{"type":"Feature","id":"BLDG-421","properties":{"id":"BLDG-421","layer":"BUILDING_FOOTPRINT","building_type":"mixed_use","name_zh":"混合功能概念体量","source_type":"agent_generated_design","confidence":"low","geometry_role":"design_proposal","area_sqm_declared":1746.0,"note_zh":"概念体量示意，非建筑方案或拆改留结论"},"geometry":{"type":"Polygon","coordinates":[[[116.346093,40.013102],[116.34609,40.013414],[116.345499,40.013411],[116.345502,40.013099],[116.346093,40.013102]]]}},{"type":"Feature","id":"BLDG-422","properties":{"id":"BLDG-422","layer":"BUILDING_FOOTPRINT","building_type":"mixed_use","name_zh":"混合功能概念体量","source_type":"agent_generated_design","confidence":"low","geometry_role":"design_proposal","area_sqm_declared":1896.5,"note_zh":"概念体量示意，非建筑方案或拆改留结论"},"geometry":{"type":"Polygon","coordinates":[[[116.348139,40.01199],[116.348136,40.012319],[116.347528,40.012316],[116.347531,40.011986],[116.348139,40.01199]]]}},{"type":"Feature","id":"BLDG-423","properties":{"id":"BLDG-423","layer":"BUILDING_FOOTPRINT","building_type":"mixed_use","name_zh":"混合功能概念体量","source_type":"agent_generated_design","confidence":"low","geometry_role":"design_proposal","area_sqm_declared":3018.5,"note_zh":"概念体量示意，非建筑方案或拆改留结论"},"geometry":{"type":"Polygon","coordinates":[[[116.347507,40.012501],[116.347503,40.012907],[116.34672,40.012903],[116.346724,40.012496],[116.347507,40.012501]]]}},{"type":"Feature","id":"BLDG-424","properties":{"id":"BLDG-424","layer":"BUILDING_FOOTPRINT","building_type":"mixed_use","name_zh":"混合功能概念体量","source_type":"agent_generated_design","confidence":"low","geometry_role":"design_proposal","area_sqm_declared":2275.0,"note_zh":"概念体量示意，非建筑方案或拆改留结论"},"geometry":{"type":"Polygon","coordinates":[[[116.348263,40.01349],[116.348259,40.013914],[116.347693,40.01391],[116.347697,40.013486],[116.348263,40.01349]]]}},{"type":"Feature","id":"BLDG-425","properties":{"id":"BLDG-425","layer":"BUILDING_FOOTPRINT","building_type":"mixed_use","name_zh":"混合功能概念体量","source_type":"agent_generated_design","confidence":"low","geometry_role":"design_proposal","area_sqm_declared":2381.7,"note_zh":"概念体量示意，非建筑方案或拆改留结论"},"geometry":{"type":"Polygon","coordinates":[[[116.345325,40.01168],[116.345321,40.012023],[116.344588,40.012018],[116.344591,40.011676],[116.345325,40.01168]]]}},{"type":"Feature","id":"BLDG-426","properties":{"id":"BLDG-426","layer":"BUILDING_FOOTPRINT","building_type":"mixed_use","name_zh":"混合功能概念体量","source_type":"agent_generated_design","confidence":"low","geometry_role":"design_proposal","area_sqm_declared":2111.7,"note_zh":"概念体量示意，非建筑方案或拆改留结论"},"geometry":{"type":"Polygon","coordinates":[[[116.345491,40.012201],[116.345488,40.012527],[116.344806,40.012523],[116.344809,40.012197],[116.345491,40.012201]]]}},{"type":"Feature","id":"BLDG-427","properties":{"id":"BLDG-427","layer":"BUILDING_FOOTPRINT","building_type":"mixed_use","name_zh":"混合功能概念体量","source_type":"agent_generated_design","confidence":"low","geometry_role":"design_proposal","area_sqm_declared":2228.7,"note_zh":"概念体量示意，非建筑方案或拆改留结论"},"geometry":{"type":"Polygon","coordinates":[[[116.348332,40.011362],[116.348329,40.01167],[116.347566,40.011666],[116.347569,40.011358],[116.348332,40.011362]]]}},{"type":"Feature","id":"BLDG-428","properties":{"id":"BLDG-428","layer":"BUILDING_FOOTPRINT","building_type":"mixed_use","name_zh":"混合功能概念体量","source_type":"agent_generated_design","confidence":"low","geometry_role":"design_proposal","area_sqm_declared":1912.4,"note_zh":"概念体量示意，非建筑方案或拆改留结论"},"geometry":{"type":"Polygon","coordinates":[[[116.346192,40.013473],[116.346189,40.013739],[116.345431,40.013735],[116.345434,40.013469],[116.346192,40.013473]]]}},{"type":"Feature","id":"BLDG-429","properties":{"id":"BLDG-429","layer":"BUILDING_FOOTPRINT","building_type":"ai_r_and_d","name_zh":"混合功能概念体量","source_type":"agent_generated_design","confidence":"low","geometry_role":"design_proposal","area_sqm_declared":2813.0,"note_zh":"概念体量示意，非建筑方案或拆改留结论"},"geometry":{"type":"Polygon","coordinates":[[[116.345822,40.015491],[116.345818,40.015865],[116.345027,40.015861],[116.34503,40.015486],[116.345822,40.015491]]]}},{"type":"Feature","id":"BLDG-430","properties":{"id":"BLDG-430","layer":"BUILDING_FOOTPRINT","building_type":"ai_r_and_d","name_zh":"混合功能概念体量","source_type":"agent_generated_design","confidence":"low","geometry_role":"design_proposal","area_sqm_declared":2412.6,"note_zh":"概念体量示意，非建筑方案或拆改留结论"},"geometry":{"type":"Polygon","coordinates":[[[116.346499,40.016286],[116.346496,40.016593],[116.345669,40.016589],[116.345672,40.016281],[116.346499,40.016286]]]}},{"type":"Feature","id":"BLDG-431","properties":{"id":"BLDG-431","layer":"BUILDING_FOOTPRINT","building_type":"ai_r_and_d","name_zh":"混合功能概念体量","source_type":"agent_generated_design","confidence":"low","geometry_role":"design_proposal","area_sqm_declared":1657.7,"note_zh":"概念体量示意，非建筑方案或拆改留结论"},"geometry":{"type":"Polygon","coordinates":[[[116.346287,40.014782],[116.346285,40.015038],[116.345601,40.015034],[116.345604,40.014778],[116.346287,40.014782]]]}},{"type":"Feature","id":"BLDG-432","properties":{"id":"BLDG-432","layer":"BUILDING_FOOTPRINT","building_type":"ai_r_and_d","name_zh":"混合功能概念体量","source_type":"agent_generated_design","confidence":"low","geometry_role":"design_proposal","area_sqm_declared":1981.6,"note_zh":"概念体量示意，非建筑方案或拆改留结论"},"geometry":{"type":"Polygon","coordinates":[[[116.346739,40.015875],[116.346736,40.016202],[116.346097,40.016198],[116.3461,40.015872],[116.346739,40.015875]]]}},{"type":"Feature","id":"BLDG-433","properties":{"id":"BLDG-433","layer":"BUILDING_FOOTPRINT","building_type":"ai_r_and_d","name_zh":"混合功能概念体量","source_type":"agent_generated_design","confidence":"low","geometry_role":"design_proposal","area_sqm_declared":2100.2,"note_zh":"概念体量示意，非建筑方案或拆改留结论"},"geometry":{"type":"Polygon","coordinates":[[[116.345081,40.016024],[116.345078,40.016366],[116.34443,40.016363],[116.344433,40.016021],[116.345081,40.016024]]]}},{"type":"Feature","id":"BLDG-434","properties":{"id":"BLDG-434","layer":"BUILDING_FOOTPRINT","building_type":"ai_r_and_d","name_zh":"混合功能概念体量","source_type":"agent_generated_design","confidence":"low","geometry_role":"design_proposal","area_sqm_declared":3516.9,"note_zh":"概念体量示意，非建筑方案或拆改留结论"},"geometry":{"type":"Polygon","coordinates":[[[116.348661,40.016678],[116.348657,40.017126],[116.347829,40.017122],[116.347834,40.016673],[116.348661,40.016678]]]}},{"type":"Feature","id":"BLDG-435","properties":{"id":"BLDG-435","layer":"BUILDING_FOOTPRINT","building_type":"ai_r_and_d","name_zh":"混合功能概念体量","source_type":"agent_generated_design","confidence":"low","geometry_role":"design_proposal","area_sqm_declared":3699.3,"note_zh":"概念体量示意，非建筑方案或拆改留结论"},"geometry":{"type":"Polygon","coordinates":[[[116.345011,40.01678],[116.345007,40.017224],[116.344129,40.017219],[116.344133,40.016775],[116.345011,40.01678]]]}},{"type":"Feature","id":"BLDG-436","properties":{"id":"BLDG-436","layer":"BUILDING_FOOTPRINT","building_type":"ai_r_and_d","name_zh":"混合功能概念体量","source_type":"agent_generated_design","confidence":"low","geometry_role":"design_proposal","area_sqm_declared":2097.8,"note_zh":"概念体量示意，非建筑方案或拆改留结论"},"geometry":{"type":"Polygon","coordinates":[[[116.347967,40.017755],[116.347963,40.0181],[116.347322,40.018097],[116.347325,40.017752],[116.347967,40.017755]]]}},{"type":"Feature","id":"BLDG-437","properties":{"id":"BLDG-437","layer":"BUILDING_FOOTPRINT","building_type":"ai_r_and_d","name_zh":"混合功能概念体量","source_type":"agent_generated_design","confidence":"low","geometry_role":"design_proposal","area_sqm_declared":2406.4,"note_zh":"概念体量示意，非建筑方案或拆改留结论"},"geometry":{"type":"Polygon","coordinates":[[[116.347333,40.014977],[116.34733,40.015287],[116.346511,40.015282],[116.346514,40.014972],[116.347333,40.014977]]]}},{"type":"Feature","id":"BLDG-438","properties":{"id":"BLDG-438","layer":"BUILDING_FOOTPRINT","building_type":"ai_r_and_d","name_zh":"混合功能概念体量","source_type":"agent_generated_design","confidence":"low","geometry_role":"design_proposal","area_sqm_declared":2058.9,"note_zh":"概念体量示意，非建筑方案或拆改留结论"},"geometry":{"type":"Polygon","coordinates":[[[116.345693,40.017306],[116.345689,40.017687],[116.34512,40.017684],[116.345123,40.017303],[116.345693,40.017306]]]}},{"type":"Feature","id":"BLDG-439","properties":{"id":"BLDG-439","layer":"BUILDING_FOOTPRINT","building_type":"ai_r_and_d","name_zh":"混合功能概念体量","source_type":"agent_generated_design","confidence":"low","geometry_role":"design_proposal","area_sqm_declared":2599.9,"note_zh":"概念体量示意，非建筑方案或拆改留结论"},"geometry":{"type":"Polygon","coordinates":[[[116.348268,40.017275],[116.348264,40.017671],[116.347571,40.017667],[116.347575,40.017271],[116.348268,40.017275]]]}},{"type":"Feature","id":"BLDG-440","properties":{"id":"BLDG-440","layer":"BUILDING_FOOTPRINT","building_type":"ai_r_and_d","name_zh":"混合功能概念体量","source_type":"agent_generated_design","confidence":"low","geometry_role":"design_proposal","area_sqm_declared":1965.6,"note_zh":"概念体量示意，非建筑方案或拆改留结论"},"geometry":{"type":"Polygon","coordinates":[[[116.344877,40.015583],[116.344873,40.015963],[116.344328,40.01596],[116.344332,40.01558],[116.344877,40.015583]]]}},{"type":"Feature","id":"BLDG-441","properties":{"id":"BLDG-441","layer":"BUILDING_FOOTPRINT","building_type":"ai_r_and_d","name_zh":"混合功能概念体量","source_type":"agent_generated_design","confidence":"low","geometry_role":"design_proposal","area_sqm_declared":1717.3,"note_zh":"概念体量示意，非建筑方案或拆改留结论"},"geometry":{"type":"Polygon","coordinates":[[[116.347074,40.019335],[116.347071,40.019645],[116.346487,40.019642],[116.34649,40.019332],[116.347074,40.019335]]]}},{"type":"Feature","id":"BLDG-442","properties":{"id":"BLDG-442","layer":"BUILDING_FOOTPRINT","building_type":"ai_r_and_d","name_zh":"混合功能概念体量","source_type":"agent_generated_design","confidence":"low","geometry_role":"design_proposal","area_sqm_declared":1686.4,"note_zh":"概念体量示意，非建筑方案或拆改留结论"},"geometry":{"type":"Polygon","coordinates":[[[116.347396,40.021244],[116.347393,40.021573],[116.346853,40.02157],[116.346856,40.021241],[116.347396,40.021244]]]}},{"type":"Feature","id":"BLDG-443","properties":{"id":"BLDG-443","layer":"BUILDING_FOOTPRINT","building_type":"ai_r_and_d","name_zh":"混合功能概念体量","source_type":"agent_generated_design","confidence":"low","geometry_role":"design_proposal","area_sqm_declared":2754.8,"note_zh":"概念体量示意，非建筑方案或拆改留结论"},"geometry":{"type":"Polygon","coordinates":[[[116.346646,40.01865],[116.346642,40.019027],[116.345871,40.019023],[116.345875,40.018646],[116.346646,40.01865]]]}},{"type":"Feature","id":"BLDG-444","properties":{"id":"BLDG-444","layer":"BUILDING_FOOTPRINT","building_type":"ai_r_and_d","name_zh":"混合功能概念体量","source_type":"agent_generated_design","confidence":"low","geometry_role":"design_proposal","area_sqm_declared":1973.4,"note_zh":"概念体量示意，非建筑方案或拆改留结论"},"geometry":{"type":"Polygon","coordinates":[[[116.348038,40.019087],[116.348034,40.01945],[116.34746,40.019446],[116.347463,40.019084],[116.348038,40.019087]]]}},{"type":"Feature","id":"BLDG-445","properties":{"id":"BLDG-445","layer":"BUILDING_FOOTPRINT","building_type":"ai_r_and_d","name_zh":"混合功能概念体量","source_type":"agent_generated_design","confidence":"low","geometry_role":"design_proposal","area_sqm_declared":1608.8,"note_zh":"概念体量示意，非建筑方案或拆改留结论"},"geometry":{"type":"Polygon","coordinates":[[[116.346114,40.020288],[116.346111,40.02059],[116.34555,40.020587],[116.345553,40.020284],[116.346114,40.020288]]]}},{"type":"Feature","id":"BLDG-446","properties":{"id":"BLDG-446","layer":"BUILDING_FOOTPRINT","building_type":"ai_r_and_d","name_zh":"混合功能概念体量","source_type":"agent_generated_design","confidence":"low","geometry_role":"design_proposal","area_sqm_declared":1349.1,"note_zh":"概念体量示意，非建筑方案或拆改留结论"},"geometry":{"type":"Polygon","coordinates":[[[116.348219,40.019976],[116.348216,40.020236],[116.34767,40.020233],[116.347673,40.019973],[116.348219,40.019976]]]}},{"type":"Feature","id":"BLDG-447","properties":{"id":"BLDG-447","layer":"BUILDING_FOOTPRINT","building_type":"ai_r_and_d","name_zh":"混合功能概念体量","source_type":"agent_generated_design","confidence":"low","geometry_role":"design_proposal","area_sqm_declared":1904.5,"note_zh":"概念体量示意，非建筑方案或拆改留结论"},"geometry":{"type":"Polygon","coordinates":[[[116.347616,40.020425],[116.347613,40.020699],[116.346881,40.020695],[116.346884,40.020421],[116.347616,40.020425]]]}},{"type":"Feature","id":"BLDG-448","properties":{"id":"BLDG-448","layer":"BUILDING_FOOTPRINT","building_type":"ai_r_and_d","name_zh":"混合功能概念体量","source_type":"agent_generated_design","confidence":"low","geometry_role":"design_proposal","area_sqm_declared":2980.9,"note_zh":"概念体量示意，非建筑方案或拆改留结论"},"geometry":{"type":"Polygon","coordinates":[[[116.34851,40.018643],[116.348506,40.019065],[116.347762,40.019061],[116.347766,40.018639],[116.34851,40.018643]]]}},{"type":"Feature","id":"BLDG-449","properties":{"id":"BLDG-449","layer":"BUILDING_FOOTPRINT","building_type":"ai_r_and_d","name_zh":"混合功能概念体量","source_type":"agent_generated_design","confidence":"low","geometry_role":"design_proposal","area_sqm_declared":2905.7,"note_zh":"概念体量示意，非建筑方案或拆改留结论"},"geometry":{"type":"Polygon","coordinates":[[[116.347437,40.019979],[116.347434,40.020297],[116.346467,40.020291],[116.34647,40.019974],[116.347437,40.019979]]]}},{"type":"Feature","id":"BLDG-450","properties":{"id":"BLDG-450","layer":"BUILDING_FOOTPRINT","building_type":"ai_r_and_d","name_zh":"混合功能概念体量","source_type":"agent_generated_design","confidence":"low","geometry_role":"design_proposal","area_sqm_declared":2454.4,"note_zh":"概念体量示意，非建筑方案或拆改留结论"},"geometry":{"type":"Polygon","coordinates":[[[116.347297,40.020838],[116.347295,40.02112],[116.346378,40.021115],[116.346381,40.020832],[116.347297,40.020838]]]}},{"type":"Feature","id":"BLDG-451","properties":{"id":"BLDG-451","layer":"BUILDING_FOOTPRINT","building_type":"ai_r_and_d","name_zh":"混合功能概念体量","source_type":"agent_generated_design","confidence":"low","geometry_role":"design_proposal","area_sqm_declared":2530.6,"note_zh":"概念体量示意，非建筑方案或拆改留结论"},"geometry":{"type":"Polygon","coordinates":[[[116.348483,40.021154],[116.348479,40.021574],[116.347843,40.021571],[116.347847,40.021151],[116.348483,40.021154]]]}},{"type":"Feature","id":"BLDG-452","properties":{"id":"BLDG-452","layer":"BUILDING_FOOTPRINT","building_type":"ai_r_and_d","name_zh":"混合功能概念体量","source_type":"agent_generated_design","confidence":"low","geometry_role":"design_proposal","area_sqm_declared":3093.1,"note_zh":"概念体量示意，非建筑方案或拆改留结论"},"geometry":{"type":"Polygon","coordinates":[[[116.34554,40.018472],[116.345536,40.018901],[116.344775,40.018897],[116.34478,40.018468],[116.34554,40.018472]]]}},{"type":"Feature","id":"BLDG-453","properties":{"id":"BLDG-453","layer":"BUILDING_FOOTPRINT","building_type":"ai_r_and_d","name_zh":"混合功能概念体量","source_type":"agent_generated_design","confidence":"low","geometry_role":"design_proposal","area_sqm_declared":2498.7,"note_zh":"概念体量示意，非建筑方案或拆改留结论"},"geometry":{"type":"Polygon","coordinates":[[[116.34661,40.02214],[116.346607,40.02246],[116.345784,40.022456],[116.345787,40.022135],[116.34661,40.02214]]]}},{"type":"Feature","id":"BLDG-454","properties":{"id":"BLDG-454","layer":"BUILDING_FOOTPRINT","building_type":"ai_r_and_d","name_zh":"混合功能概念体量","source_type":"agent_generated_design","confidence":"low","geometry_role":"design_proposal","area_sqm_declared":2047.5,"note_zh":"概念体量示意，非建筑方案或拆改留结论"},"geometry":{"type":"Polygon","coordinates":[[[116.34659,40.024093],[116.346586,40.024442],[116.345967,40.024439],[116.345971,40.02409],[116.34659,40.024093]]]}},{"type":"Feature","id":"BLDG-455","properties":{"id":"BLDG-455","layer":"BUILDING_FOOTPRINT","building_type":"ai_r_and_d","name_zh":"混合功能概念体量","source_type":"agent_generated_design","confidence":"low","geometry_role":"design_proposal","area_sqm_declared":2852.3,"note_zh":"概念体量示意，非建筑方案或拆改留结论"},"geometry":{"type":"Polygon","coordinates":[[[116.346539,40.022776],[116.346536,40.023105],[116.345619,40.0231],[116.345623,40.022771],[116.346539,40.022776]]]}},{"type":"Feature","id":"BLDG-456","properties":{"id":"BLDG-456","layer":"BUILDING_FOOTPRINT","building_type":"ai_r_and_d","name_zh":"混合功能概念体量","source_type":"agent_generated_design","confidence":"low","geometry_role":"design_proposal","area_sqm_declared":3589.2,"note_zh":"概念体量示意，非建筑方案或拆改留结论"},"geometry":{"type":"Polygon","coordinates":[[[116.347966,40.024737],[116.347962,40.02515],[116.347045,40.025144],[116.347049,40.024731],[116.347966,40.024737]]]}},{"type":"Feature","id":"BLDG-457","properties":{"id":"BLDG-457","layer":"BUILDING_FOOTPRINT","building_type":"ai_r_and_d","name_zh":"混合功能概念体量","source_type":"agent_generated_design","confidence":"low","geometry_role":"design_proposal","area_sqm_declared":3141.1,"note_zh":"概念体量示意，非建筑方案或拆改留结论"},"geometry":{"type":"Polygon","coordinates":[[[116.348456,40.023669],[116.348453,40.024018],[116.347503,40.024012],[116.347506,40.023664],[116.348456,40.023669]]]}},{"type":"Feature","id":"BLDG-458","properties":{"id":"BLDG-458","layer":"BUILDING_FOOTPRINT","building_type":"ai_r_and_d","name_zh":"混合功能概念体量","source_type":"agent_generated_design","confidence":"low","geometry_role":"design_proposal","area_sqm_declared":2040.5,"note_zh":"概念体量示意，非建筑方案或拆改留结论"},"geometry":{"type":"Polygon","coordinates":[[[116.345695,40.021978],[116.345693,40.022239],[116.34487,40.022235],[116.344872,40.021973],[116.345695,40.021978]]]}},{"type":"Feature","id":"BLDG-459","properties":{"id":"BLDG-459","layer":"BUILDING_FOOTPRINT","building_type":"ai_r_and_d","name_zh":"混合功能概念体量","source_type":"agent_generated_design","confidence":"low","geometry_role":"design_proposal","area_sqm_declared":2182.4,"note_zh":"概念体量示意，非建筑方案或拆改留结论"},"geometry":{"type":"Polygon","coordinates":[[[116.345643,40.022424],[116.34564,40.022761],[116.344957,40.022758],[116.344961,40.02242],[116.345643,40.022424]]]}},{"type":"Feature","id":"BLDG-460","properties":{"id":"BLDG-460","layer":"BUILDING_FOOTPRINT","building_type":"ai_r_and_d","name_zh":"混合功能概念体量","source_type":"agent_generated_design","confidence":"low","geometry_role":"design_proposal","area_sqm_declared":2519.9,"note_zh":"概念体量示意，非建筑方案或拆改留结论"},"geometry":{"type":"Polygon","coordinates":[[[116.345506,40.023098],[116.345502,40.023463],[116.344774,40.023459],[116.344777,40.023094],[116.345506,40.023098]]]}},{"type":"Feature","id":"BLDG-461","properties":{"id":"BLDG-461","layer":"BUILDING_FOOTPRINT","building_type":"ai_r_and_d","name_zh":"混合功能概念体量","source_type":"agent_generated_design","confidence":"low","geometry_role":"design_proposal","area_sqm_declared":2317.3,"note_zh":"概念体量示意，非建筑方案或拆改留结论"},"geometry":{"type":"Polygon","coordinates":[[[116.34724,40.024223],[116.347236,40.024647],[116.346659,40.024644],[116.346663,40.02422],[116.34724,40.024223]]]}},{"type":"Feature","id":"BLDG-462","properties":{"id":"BLDG-462","layer":"BUILDING_FOOTPRINT","building_type":"ai_r_and_d","name_zh":"混合功能概念体量","source_type":"agent_generated_design","confidence":"low","geometry_role":"design_proposal","area_sqm_declared":1642.7,"note_zh":"概念体量示意，非建筑方案或拆改留结论"},"geometry":{"type":"Polygon","coordinates":[[[116.3457,40.023935],[116.345697,40.02426],[116.345164,40.024257],[116.345167,40.023932],[116.3457,40.023935]]]}},{"type":"Feature","id":"BLDG-463","properties":{"id":"BLDG-463","layer":"BUILDING_FOOTPRINT","building_type":"ai_r_and_d","name_zh":"混合功能概念体量","source_type":"agent_generated_design","confidence":"low","geometry_role":"design_proposal","area_sqm_declared":2479.7,"note_zh":"概念体量示意，非建筑方案或拆改留结论"},"geometry":{"type":"Polygon","coordinates":[[[116.345869,40.024528],[116.345865,40.024967],[116.345269,40.024964],[116.345273,40.024525],[116.345869,40.024528]]]}},{"type":"Feature","id":"BLDG-464","properties":{"id":"BLDG-464","layer":"BUILDING_FOOTPRINT","building_type":"ai_r_and_d","name_zh":"混合功能概念体量","source_type":"agent_generated_design","confidence":"low","geometry_role":"design_proposal","area_sqm_declared":2369.6,"note_zh":"概念体量示意，非建筑方案或拆改留结论"},"geometry":{"type":"Polygon","coordinates":[[[116.347517,40.021897],[116.347513,40.022274],[116.346851,40.022271],[116.346854,40.021893],[116.347517,40.021897]]]}},{"type":"Feature","id":"BLDG-465","properties":{"id":"BLDG-465","layer":"BUILDING_FOOTPRINT","building_type":"residential","name_zh":"混合功能概念体量","source_type":"agent_generated_design","confidence":"low","geometry_role":"design_proposal","area_sqm_declared":3664.4,"note_zh":"概念体量示意，非建筑方案或拆改留结论"},"geometry":{"type":"Polygon","coordinates":[[[116.353739,39.941727],[116.353735,39.942151],[116.352825,39.942146],[116.352829,39.941722],[116.353739,39.941727]]]}},{"type":"Feature","id":"BLDG-466","properties":{"id":"BLDG-466","layer":"BUILDING_FOOTPRINT","building_type":"residential","name_zh":"混合功能概念体量","source_type":"agent_generated_design","confidence":"low","geometry_role":"design_proposal","area_sqm_declared":1942.0,"note_zh":"概念体量示意，非建筑方案或拆改留结论"},"geometry":{"type":"Polygon","coordinates":[[[116.351471,39.941806],[116.351468,39.942088],[116.350741,39.942084],[116.350743,39.941802],[116.351471,39.941806]]]}},{"type":"Feature","id":"BLDG-467","properties":{"id":"BLDG-467","layer":"BUILDING_FOOTPRINT","building_type":"residential","name_zh":"混合功能概念体量","source_type":"agent_generated_design","confidence":"low","geometry_role":"design_proposal","area_sqm_declared":3300.3,"note_zh":"概念体量示意，非建筑方案或拆改留结论"},"geometry":{"type":"Polygon","coordinates":[[[116.35257,39.940152],[116.352566,39.940576],[116.351747,39.940572],[116.351751,39.940147],[116.35257,39.940152]]]}},{"type":"Feature","id":"BLDG-468","properties":{"id":"BLDG-468","layer":"BUILDING_FOOTPRINT","building_type":"residential","name_zh":"混合功能概念体量","source_type":"agent_generated_design","confidence":"low","geometry_role":"design_proposal","area_sqm_declared":2118.2,"note_zh":"概念体量示意，非建筑方案或拆改留结论"},"geometry":{"type":"Polygon","coordinates":[[[116.35312,39.939409],[116.353116,39.939824],[116.352578,39.939821],[116.352581,39.939406],[116.35312,39.939409]]]}},{"type":"Feature","id":"BLDG-469","properties":{"id":"BLDG-469","layer":"BUILDING_FOOTPRINT","building_type":"residential","name_zh":"混合功能概念体量","source_type":"agent_generated_design","confidence":"low","geometry_role":"design_proposal","area_sqm_declared":3431.3,"note_zh":"概念体量示意，非建筑方案或拆改留结论"},"geometry":{"type":"Polygon","coordinates":[[[116.352201,39.941348],[116.352197,39.941771],[116.351341,39.941766],[116.351345,39.941344],[116.352201,39.941348]]]}},{"type":"Feature","id":"BLDG-470","properties":{"id":"BLDG-470","layer":"BUILDING_FOOTPRINT","building_type":"residential","name_zh":"混合功能概念体量","source_type":"agent_generated_design","confidence":"low","geometry_role":"design_proposal","area_sqm_declared":1481.2,"note_zh":"概念体量示意，非建筑方案或拆改留结论"},"geometry":{"type":"Polygon","coordinates":[[[116.350997,39.941464],[116.350995,39.941728],[116.350403,39.941725],[116.350406,39.941461],[116.350997,39.941464]]]}},{"type":"Feature","id":"BLDG-471","properties":{"id":"BLDG-471","layer":"BUILDING_FOOTPRINT","building_type":"residential","name_zh":"混合功能概念体量","source_type":"agent_generated_design","confidence":"low","geometry_role":"design_proposal","area_sqm_declared":2701.5,"note_zh":"概念体量示意，非建筑方案或拆改留结论"},"geometry":{"type":"Polygon","coordinates":[[[116.350399,39.940513],[116.350395,39.940933],[116.349716,39.940929],[116.34972,39.94051],[116.350399,39.940513]]]}},{"type":"Feature","id":"BLDG-472","properties":{"id":"BLDG-472","layer":"BUILDING_FOOTPRINT","building_type":"residential","name_zh":"混合功能概念体量","source_type":"agent_generated_design","confidence":"low","geometry_role":"design_proposal","area_sqm_declared":2276.5,"note_zh":"概念体量示意，非建筑方案或拆改留结论"},"geometry":{"type":"Polygon","coordinates":[[[116.353154,39.941322],[116.353151,39.941606],[116.352305,39.941601],[116.352308,39.941318],[116.353154,39.941322]]]}},{"type":"Feature","id":"BLDG-473","properties":{"id":"BLDG-473","layer":"BUILDING_FOOTPRINT","building_type":"residential","name_zh":"混合功能概念体量","source_type":"agent_generated_design","confidence":"low","geometry_role":"design_proposal","area_sqm_declared":2969.5,"note_zh":"概念体量示意，非建筑方案或拆改留结论"},"geometry":{"type":"Polygon","coordinates":[[[116.351902,39.939537],[116.351899,39.93988],[116.350988,39.939875],[116.350991,39.939532],[116.351902,39.939537]]]}},{"type":"Feature","id":"BLDG-474","properties":{"id":"BLDG-474","layer":"BUILDING_FOOTPRINT","building_type":"residential","name_zh":"混合功能概念体量","source_type":"agent_generated_design","confidence":"low","geometry_role":"design_proposal","area_sqm_declared":3069.3,"note_zh":"概念体量示意，非建筑方案或拆改留结论"},"geometry":{"type":"Polygon","coordinates":[[[116.35397,39.93993],[116.353967,39.940269],[116.353011,39.940263],[116.353014,39.939925],[116.35397,39.93993]]]}},{"type":"Feature","id":"BLDG-475","properties":{"id":"BLDG-475","layer":"BUILDING_FOOTPRINT","building_type":"residential","name_zh":"混合功能概念体量","source_type":"agent_generated_design","confidence":"low","geometry_role":"design_proposal","area_sqm_declared":2385.7,"note_zh":"概念体量示意，非建筑方案或拆改留结论"},"geometry":{"type":"Polygon","coordinates":[[[116.352523,39.942055],[116.35252,39.942377],[116.351739,39.942373],[116.351742,39.942051],[116.352523,39.942055]]]}},{"type":"Feature","id":"BLDG-476","properties":{"id":"BLDG-476","layer":"BUILDING_FOOTPRINT","building_type":"residential","name_zh":"混合功能概念体量","source_type":"agent_generated_design","confidence":"low","geometry_role":"design_proposal","area_sqm_declared":3453.3,"note_zh":"概念体量示意，非建筑方案或拆改留结论"},"geometry":{"type":"Polygon","coordinates":[[[116.35397,39.940606],[116.353966,39.940996],[116.353033,39.940991],[116.353037,39.940601],[116.35397,39.940606]]]}},{"type":"Feature","id":"BLDG-477","properties":{"id":"BLDG-477","layer":"BUILDING_FOOTPRINT","building_type":"mixed_use","name_zh":"混合功能概念体量","source_type":"agent_generated_design","confidence":"low","geometry_role":"design_proposal","area_sqm_declared":2519.9,"note_zh":"概念体量示意，非建筑方案或拆改留结论"},"geometry":{"type":"Polygon","coordinates":[[[116.352796,39.944764],[116.352793,39.945132],[116.352071,39.945128],[116.352075,39.94476],[116.352796,39.944764]]]}},{"type":"Feature","id":"BLDG-478","properties":{"id":"BLDG-478","layer":"BUILDING_FOOTPRINT","building_type":"mixed_use","name_zh":"混合功能概念体量","source_type":"agent_generated_design","confidence":"low","geometry_role":"design_proposal","area_sqm_declared":1589.5,"note_zh":"概念体量示意，非建筑方案或拆改留结论"},"geometry":{"type":"Polygon","coordinates":[[[116.350623,39.944606],[116.350621,39.944876],[116.35,39.944872],[116.350002,39.944602],[116.350623,39.944606]]]}},{"type":"Feature","id":"BLDG-479","properties":{"id":"BLDG-479","layer":"BUILDING_FOOTPRINT","building_type":"mixed_use","name_zh":"混合功能概念体量","source_type":"agent_generated_design","confidence":"low","geometry_role":"design_proposal","area_sqm_declared":1607.1,"note_zh":"概念体量示意，非建筑方案或拆改留结论"},"geometry":{"type":"Polygon","coordinates":[[[116.350626,39.94528],[116.350624,39.945543],[116.349981,39.94554],[116.349984,39.945276],[116.350626,39.94528]]]}},{"type":"Feature","id":"BLDG-480","properties":{"id":"BLDG-480","layer":"BUILDING_FOOTPRINT","building_type":"mixed_use","name_zh":"混合功能概念体量","source_type":"agent_generated_design","confidence":"low","geometry_role":"design_proposal","area_sqm_declared":1915.5,"note_zh":"概念体量示意，非建筑方案或拆改留结论"},"geometry":{"type":"Polygon","coordinates":[[[116.352988,39.945366],[116.352986,39.945652],[116.352281,39.945648],[116.352284,39.945362],[116.352988,39.945366]]]}},{"type":"Feature","id":"BLDG-481","properties":{"id":"BLDG-481","layer":"BUILDING_FOOTPRINT","building_type":"mixed_use","name_zh":"混合功能概念体量","source_type":"agent_generated_design","confidence":"low","geometry_role":"design_proposal","area_sqm_declared":2803.6,"note_zh":"概念体量示意，非建筑方案或拆改留结论"},"geometry":{"type":"Polygon","coordinates":[[[116.353839,39.94269],[116.353835,39.943056],[116.353028,39.943052],[116.353031,39.942686],[116.353839,39.94269]]]}},{"type":"Feature","id":"BLDG-482","properties":{"id":"BLDG-482","layer":"BUILDING_FOOTPRINT","building_type":"mixed_use","name_zh":"混合功能概念体量","source_type":"agent_generated_design","confidence":"low","geometry_role":"design_proposal","area_sqm_declared":3312.5,"note_zh":"概念体量示意，非建筑方案或拆改留结论"},"geometry":{"type":"Polygon","coordinates":[[[116.351684,39.944203],[116.351681,39.944553],[116.350685,39.944548],[116.350688,39.944197],[116.351684,39.944203]]]}},{"type":"Feature","id":"BLDG-483","properties":{"id":"BLDG-483","layer":"BUILDING_FOOTPRINT","building_type":"mixed_use","name_zh":"混合功能概念体量","source_type":"agent_generated_design","confidence":"low","geometry_role":"design_proposal","area_sqm_declared":2155.7,"note_zh":"概念体量示意，非建筑方案或拆改留结论"},"geometry":{"type":"Polygon","coordinates":[[[116.350636,39.943298],[116.350632,39.943701],[116.350069,39.943698],[116.350073,39.943294],[116.350636,39.943298]]]}},{"type":"Feature","id":"BLDG-484","properties":{"id":"BLDG-484","layer":"BUILDING_FOOTPRINT","building_type":"mixed_use","name_zh":"混合功能概念体量","source_type":"agent_generated_design","confidence":"low","geometry_role":"design_proposal","area_sqm_declared":2991.5,"note_zh":"概念体量示意，非建筑方案或拆改留结论"},"geometry":{"type":"Polygon","coordinates":[[[116.35203,39.945409],[116.352027,39.945814],[116.351249,39.94581],[116.351253,39.945404],[116.35203,39.945409]]]}},{"type":"Feature","id":"BLDG-485","properties":{"id":"BLDG-485","layer":"BUILDING_FOOTPRINT","building_type":"mixed_use","name_zh":"混合功能概念体量","source_type":"agent_generated_design","confidence":"low","geometry_role":"design_proposal","area_sqm_declared":1861.6,"note_zh":"概念体量示意，非建筑方案或拆改留结论"},"geometry":{"type":"Polygon","coordinates":[[[116.350097,39.944913],[116.350094,39.945211],[116.349436,39.945207],[116.349439,39.944909],[116.350097,39.944913]]]}},{"type":"Feature","id":"BLDG-486","properties":{"id":"BLDG-486","layer":"BUILDING_FOOTPRINT","building_type":"mixed_use","name_zh":"混合功能概念体量","source_type":"agent_generated_design","confidence":"low","geometry_role":"design_proposal","area_sqm_declared":2027.7,"note_zh":"概念体量示意，非建筑方案或拆改留结论"},"geometry":{"type":"Polygon","coordinates":[[[116.353377,39.94432],[116.353374,39.944695],[116.352804,39.944692],[116.352807,39.944317],[116.353377,39.94432]]]}},{"type":"Feature","id":"BLDG-487","properties":{"id":"BLDG-487","layer":"BUILDING_FOOTPRINT","building_type":"mixed_use","name_zh":"混合功能概念体量","source_type":"agent_generated_design","confidence":"low","geometry_role":"design_proposal","area_sqm_declared":2393.0,"note_zh":"概念体量示意，非建筑方案或拆改留结论"},"geometry":{"type":"Polygon","coordinates":[[[116.351545,39.943716],[116.351542,39.944084],[116.350857,39.94408],[116.350861,39.943712],[116.351545,39.943716]]]}},{"type":"Feature","id":"BLDG-488","properties":{"id":"BLDG-488","layer":"BUILDING_FOOTPRINT","building_type":"mixed_use","name_zh":"混合功能概念体量","source_type":"agent_generated_design","confidence":"low","geometry_role":"design_proposal","area_sqm_declared":1677.4,"note_zh":"概念体量示意，非建筑方案或拆改留结论"},"geometry":{"type":"Polygon","coordinates":[[[116.351397,39.944845],[116.351394,39.945112],[116.350733,39.945109],[116.350735,39.944842],[116.351397,39.944845]]]}},{"type":"Feature","id":"BLDG-489","properties":{"id":"BLDG-489","layer":"BUILDING_FOOTPRINT","building_type":"mixed_use","name_zh":"混合功能概念体量","source_type":"agent_generated_design","confidence":"low","geometry_role":"design_proposal","area_sqm_declared":2017.5,"note_zh":"概念体量示意，非建筑方案或拆改留结论"},"geometry":{"type":"Polygon","coordinates":[[[116.353782,39.948408],[116.35378,39.948702],[116.353057,39.948698],[116.353059,39.948404],[116.353782,39.948408]]]}},{"type":"Feature","id":"BLDG-490","properties":{"id":"BLDG-490","layer":"BUILDING_FOOTPRINT","building_type":"mixed_use","name_zh":"混合功能概念体量","source_type":"agent_generated_design","confidence":"low","geometry_role":"design_proposal","area_sqm_declared":3250.7,"note_zh":"概念体量示意，非建筑方案或拆改留结论"},"geometry":{"type":"Polygon","coordinates":[[[116.353884,39.947212],[116.353881,39.947583],[116.352956,39.947578],[116.35296,39.947207],[116.353884,39.947212]]]}},{"type":"Feature","id":"BLDG-491","properties":{"id":"BLDG-491","layer":"BUILDING_FOOTPRINT","building_type":"mixed_use","name_zh":"混合功能概念体量","source_type":"agent_generated_design","confidence":"low","geometry_role":"design_proposal","area_sqm_declared":1384.1,"note_zh":"概念体量示意，非建筑方案或拆改留结论"},"geometry":{"type":"Polygon","coordinates":[[[116.352486,39.947434],[116.352483,39.947692],[116.351918,39.947689],[116.35192,39.947431],[116.352486,39.947434]]]}},{"type":"Feature","id":"BLDG-492","properties":{"id":"BLDG-492","layer":"BUILDING_FOOTPRINT","building_type":"mixed_use","name_zh":"混合功能概念体量","source_type":"agent_generated_design","confidence":"low","geometry_role":"design_proposal","area_sqm_declared":2197.3,"note_zh":"概念体量示意，非建筑方案或拆改留结论"},"geometry":{"type":"Polygon","coordinates":[[[116.353747,39.948827],[116.353744,39.94913],[116.35298,39.949126],[116.352982,39.948823],[116.353747,39.948827]]]}},{"type":"Feature","id":"BLDG-493","properties":{"id":"BLDG-493","layer":"BUILDING_FOOTPRINT","building_type":"mixed_use","name_zh":"混合功能概念体量","source_type":"agent_generated_design","confidence":"low","geometry_role":"design_proposal","area_sqm_declared":4210.8,"note_zh":"概念体量示意，非建筑方案或拆改留结论"},"geometry":{"type":"Polygon","coordinates":[[[116.352644,39.947999],[116.35264,39.94843],[116.35161,39.948424],[116.351614,39.947993],[116.352644,39.947999]]]}},{"type":"Feature","id":"BLDG-494","properties":{"id":"BLDG-494","layer":"BUILDING_FOOTPRINT","building_type":"mixed_use","name_zh":"混合功能概念体量","source_type":"agent_generated_design","confidence":"low","geometry_role":"design_proposal","area_sqm_declared":2750.2,"note_zh":"概念体量示意，非建筑方案或拆改留结论"},"geometry":{"type":"Polygon","coordinates":[[[116.352421,39.948463],[116.352417,39.94887],[116.351705,39.948866],[116.351709,39.948459],[116.352421,39.948463]]]}},{"type":"Feature","id":"BLDG-495","properties":{"id":"BLDG-495","layer":"BUILDING_FOOTPRINT","building_type":"mixed_use","name_zh":"混合功能概念体量","source_type":"agent_generated_design","confidence":"low","geometry_role":"design_proposal","area_sqm_declared":3105.3,"note_zh":"概念体量示意，非建筑方案或拆改留结论"},"geometry":{"type":"Polygon","coordinates":[[[116.353867,39.949231],[116.353863,39.949654],[116.353088,39.94965],[116.353092,39.949227],[116.353867,39.949231]]]}},{"type":"Feature","id":"BLDG-496","properties":{"id":"BLDG-496","layer":"BUILDING_FOOTPRINT","building_type":"ai_r_and_d","name_zh":"混合功能概念体量","source_type":"agent_generated_design","confidence":"low","geometry_role":"design_proposal","area_sqm_declared":2669.8,"note_zh":"概念体量示意，非建筑方案或拆改留结论"},"geometry":{"type":"Polygon","coordinates":[[[116.353156,39.950868],[116.353153,39.951159],[116.352185,39.951153],[116.352187,39.950863],[116.353156,39.950868]]]}},{"type":"Feature","id":"BLDG-497","properties":{"id":"BLDG-497","layer":"BUILDING_FOOTPRINT","building_type":"ai_r_and_d","name_zh":"混合功能概念体量","source_type":"agent_generated_design","confidence":"low","geometry_role":"design_proposal","area_sqm_declared":2682.8,"note_zh":"概念体量示意，非建筑方案或拆改留结论"},"geometry":{"type":"Polygon","coordinates":[[[116.350863,39.952721],[116.350859,39.953151],[116.350201,39.953147],[116.350205,39.952717],[116.350863,39.952721]]]}},{"type":"Feature","id":"BLDG-498","properties":{"id":"BLDG-498","layer":"BUILDING_FOOTPRINT","building_type":"ai_r_and_d","name_zh":"混合功能概念体量","source_type":"agent_generated_design","confidence":"low","geometry_role":"design_proposal","area_sqm_declared":3241.9,"note_zh":"概念体量示意，非建筑方案或拆改留结论"},"geometry":{"type":"Polygon","coordinates":[[[116.352891,39.952397],[116.352887,39.952846],[116.352127,39.952842],[116.352132,39.952392],[116.352891,39.952397]]]}},{"type":"Feature","id":"BLDG-499","properties":{"id":"BLDG-499","layer":"BUILDING_FOOTPRINT","building_type":"ai_r_and_d","name_zh":"混合功能概念体量","source_type":"agent_generated_design","confidence":"low","geometry_role":"design_proposal","area_sqm_declared":3428.1,"note_zh":"概念体量示意，非建筑方案或拆改留结论"},"geometry":{"type":"Polygon","coordinates":[[[116.352867,39.951181],[116.352863,39.951625],[116.35205,39.951621],[116.352054,39.951176],[116.352867,39.951181]]]}},{"type":"Feature","id":"BLDG-500","properties":{"id":"BLDG-500","layer":"BUILDING_FOOTPRINT","building_type":"ai_r_and_d","name_zh":"混合功能概念体量","source_type":"agent_generated_design","confidence":"low","geometry_role":"design_proposal","area_sqm_declared":1718.5,"note_zh":"概念体量示意，非建筑方案或拆改留结论"},"geometry":{"type":"Polygon","coordinates":[[[116.351708,39.950384],[116.351704,39.950717],[116.351161,39.950714],[116.351165,39.950381],[116.351708,39.950384]]]}},{"type":"Feature","id":"BLDG-501","properties":{"id":"BLDG-501","layer":"BUILDING_FOOTPRINT","building_type":"ai_r_and_d","name_zh":"混合功能概念体量","source_type":"agent_generated_design","confidence":"low","geometry_role":"design_proposal","area_sqm_declared":2774.5,"note_zh":"概念体量示意，非建筑方案或拆改留结论"},"geometry":{"type":"Polygon","coordinates":[[[116.353795,39.952294],[116.353791,39.952722],[116.353108,39.952718],[116.353112,39.95229],[116.353795,39.952294]]]}},{"type":"Feature","id":"BLDG-502","properties":{"id":"BLDG-502","layer":"BUILDING_FOOTPRINT","building_type":"ai_r_and_d","name_zh":"混合功能概念体量","source_type":"agent_generated_design","confidence":"low","geometry_role":"design_proposal","area_sqm_declared":2195.7,"note_zh":"概念体量示意，非建筑方案或拆改留结论"},"geometry":{"type":"Polygon","coordinates":[[[116.351974,39.952696],[116.351971,39.953023],[116.351262,39.953019],[116.351265,39.952692],[116.351974,39.952696]]]}},{"type":"Feature","id":"BLDG-503","properties":{"id":"BLDG-503","layer":"BUILDING_FOOTPRINT","building_type":"ai_r_and_d","name_zh":"混合功能概念体量","source_type":"agent_generated_design","confidence":"low","geometry_role":"design_proposal","area_sqm_declared":2523.3,"note_zh":"概念体量示意，非建筑方案或拆改留结论"},"geometry":{"type":"Polygon","coordinates":[[[116.350335,39.950877],[116.350332,39.951214],[116.349542,39.95121],[116.349546,39.950873],[116.350335,39.950877]]]}},{"type":"Feature","id":"BLDG-504","properties":{"id":"BLDG-504","layer":"BUILDING_FOOTPRINT","building_type":"ai_r_and_d","name_zh":"混合功能概念体量","source_type":"agent_generated_design","confidence":"low","geometry_role":"design_proposal","area_sqm_declared":2048.9,"note_zh":"概念体量示意，非建筑方案或拆改留结论"},"geometry":{"type":"Polygon","coordinates":[[[116.350913,39.951896],[116.35091,39.952274],[116.350338,39.952271],[116.350342,39.951893],[116.350913,39.951896]]]}},{"type":"Feature","id":"BLDG-505","properties":{"id":"BLDG-505","layer":"BUILDING_FOOTPRINT","building_type":"ai_r_and_d","name_zh":"混合功能概念体量","source_type":"agent_generated_design","confidence":"low","geometry_role":"design_proposal","area_sqm_declared":2522.5,"note_zh":"概念体量示意，非建筑方案或拆改留结论"},"geometry":{"type":"Polygon","coordinates":[[[116.351078,39.951487],[116.351075,39.951813],[116.350259,39.951809],[116.350262,39.951483],[116.351078,39.951487]]]}},{"type":"Feature","id":"BLDG-506","properties":{"id":"BLDG-506","layer":"BUILDING_FOOTPRINT","building_type":"ai_r_and_d","name_zh":"混合功能概念体量","source_type":"agent_generated_design","confidence":"low","geometry_role":"design_proposal","area_sqm_declared":2435.3,"note_zh":"概念体量示意，非建筑方案或拆改留结论"},"geometry":{"type":"Polygon","coordinates":[[[116.35112,39.950487],[116.351116,39.950826],[116.35036,39.950822],[116.350363,39.950483],[116.35112,39.950487]]]}},{"type":"Feature","id":"BLDG-507","properties":{"id":"BLDG-507","layer":"BUILDING_FOOTPRINT","building_type":"ai_r_and_d","name_zh":"混合功能概念体量","source_type":"agent_generated_design","confidence":"low","geometry_role":"design_proposal","area_sqm_declared":3993.9,"note_zh":"概念体量示意，非建筑方案或拆改留结论"},"geometry":{"type":"Polygon","coordinates":[[[116.352749,39.95169],[116.352745,39.952136],[116.3518,39.952131],[116.351804,39.951685],[116.352749,39.95169]]]}},{"type":"Feature","id":"BLDG-508","properties":{"id":"BLDG-508","layer":"BUILDING_FOOTPRINT","building_type":"mixed_use","name_zh":"混合功能概念体量","source_type":"agent_generated_design","confidence":"low","geometry_role":"design_proposal","area_sqm_declared":1991.8,"note_zh":"概念体量示意，非建筑方案或拆改留结论"},"geometry":{"type":"Polygon","coordinates":[[[116.353592,39.956444],[116.353589,39.956785],[116.352973,39.956781],[116.352976,39.956441],[116.353592,39.956444]]]}},{"type":"Feature","id":"BLDG-509","properties":{"id":"BLDG-509","layer":"BUILDING_FOOTPRINT","building_type":"mixed_use","name_zh":"混合功能概念体量","source_type":"agent_generated_design","confidence":"low","geometry_role":"design_proposal","area_sqm_declared":2247.8,"note_zh":"概念体量示意，非建筑方案或拆改留结论"},"geometry":{"type":"Polygon","coordinates":[[[116.350771,39.95634],[116.350767,39.956758],[116.350202,39.956755],[116.350206,39.956336],[116.350771,39.95634]]]}},{"type":"Feature","id":"BLDG-510","properties":{"id":"BLDG-510","layer":"BUILDING_FOOTPRINT","building_type":"mixed_use","name_zh":"混合功能概念体量","source_type":"agent_generated_design","confidence":"low","geometry_role":"design_proposal","area_sqm_declared":2481.5,"note_zh":"概念体量示意，非建筑方案或拆改留结论"},"geometry":{"type":"Polygon","coordinates":[[[116.353697,39.953612],[116.353693,39.954017],[116.353047,39.954013],[116.353051,39.953608],[116.353697,39.953612]]]}},{"type":"Feature","id":"BLDG-511","properties":{"id":"BLDG-511","layer":"BUILDING_FOOTPRINT","building_type":"mixed_use","name_zh":"混合功能概念体量","source_type":"agent_generated_design","confidence":"low","geometry_role":"design_proposal","area_sqm_declared":1811.4,"note_zh":"概念体量示意，非建筑方案或拆改留结论"},"geometry":{"type":"Polygon","coordinates":[[[116.351583,39.956363],[116.35158,39.95672],[116.351047,39.956717],[116.35105,39.95636],[116.351583,39.956363]]]}},{"type":"Feature","id":"BLDG-512","properties":{"id":"BLDG-512","layer":"BUILDING_FOOTPRINT","building_type":"mixed_use","name_zh":"混合功能概念体量","source_type":"agent_generated_design","confidence":"low","geometry_role":"design_proposal","area_sqm_declared":1654.7,"note_zh":"概念体量示意，非建筑方案或拆改留结论"},"geometry":{"type":"Polygon","coordinates":[[[116.353359,39.955383],[116.353357,39.955639],[116.352676,39.955635],[116.352678,39.955379],[116.353359,39.955383]]]}},{"type":"Feature","id":"BLDG-513","properties":{"id":"BLDG-513","layer":"BUILDING_FOOTPRINT","building_type":"mixed_use","name_zh":"混合功能概念体量","source_type":"agent_generated_design","confidence":"low","geometry_role":"design_proposal","area_sqm_declared":2854.0,"note_zh":"概念体量示意，非建筑方案或拆改留结论"},"geometry":{"type":"Polygon","coordinates":[[[116.353561,39.954284],[116.353558,39.954661],[116.35276,39.954657],[116.352764,39.95428],[116.353561,39.954284]]]}},{"type":"Feature","id":"BLDG-514","properties":{"id":"BLDG-514","layer":"BUILDING_FOOTPRINT","building_type":"mixed_use","name_zh":"混合功能概念体量","source_type":"agent_generated_design","confidence":"low","geometry_role":"design_proposal","area_sqm_declared":2801.2,"note_zh":"概念体量示意，非建筑方案或拆改留结论"},"geometry":{"type":"Polygon","coordinates":[[[116.352009,39.953542],[116.352004,39.95399],[116.351346,39.953986],[116.35135,39.953538],[116.352009,39.953542]]]}},{"type":"Feature","id":"BLDG-515","properties":{"id":"BLDG-515","layer":"BUILDING_FOOTPRINT","building_type":"mixed_use","name_zh":"混合功能概念体量","source_type":"agent_generated_design","confidence":"low","geometry_role":"design_proposal","area_sqm_declared":3202.2,"note_zh":"概念体量示意，非建筑方案或拆改留结论"},"geometry":{"type":"Polygon","coordinates":[[[116.350311,39.954616],[116.350307,39.95498],[116.34938,39.954975],[116.349384,39.954611],[116.350311,39.954616]]]}},{"type":"Feature","id":"BLDG-516","properties":{"id":"BLDG-516","layer":"BUILDING_FOOTPRINT","building_type":"mixed_use","name_zh":"混合功能概念体量","source_type":"agent_generated_design","confidence":"low","geometry_role":"design_proposal","area_sqm_declared":3372.2,"note_zh":"概念体量示意，非建筑方案或拆改留结论"},"geometry":{"type":"Polygon","coordinates":[[[116.352632,39.955405],[116.352628,39.955828],[116.351789,39.955824],[116.351793,39.9554],[116.352632,39.955405]]]}},{"type":"Feature","id":"BLDG-517","properties":{"id":"BLDG-517","layer":"BUILDING_FOOTPRINT","building_type":"mixed_use","name_zh":"混合功能概念体量","source_type":"agent_generated_design","confidence":"low","geometry_role":"design_proposal","area_sqm_declared":3033.2,"note_zh":"概念体量示意，非建筑方案或拆改留结论"},"geometry":{"type":"Polygon","coordinates":[[[116.351112,39.955896],[116.351109,39.956243],[116.350188,39.956238],[116.350191,39.955891],[116.351112,39.955896]]]}},{"type":"Feature","id":"BLDG-518","properties":{"id":"BLDG-518","layer":"BUILDING_FOOTPRINT","building_type":"mixed_use","name_zh":"混合功能概念体量","source_type":"agent_generated_design","confidence":"low","geometry_role":"design_proposal","area_sqm_declared":2738.0,"note_zh":"概念体量示意，非建筑方案或拆改留结论"},"geometry":{"type":"Polygon","coordinates":[[[116.350387,39.953976],[116.350384,39.954281],[116.349439,39.954276],[116.349442,39.95397],[116.350387,39.953976]]]}},{"type":"Feature","id":"BLDG-519","properties":{"id":"BLDG-519","layer":"BUILDING_FOOTPRINT","building_type":"mixed_use","name_zh":"混合功能概念体量","source_type":"agent_generated_design","confidence":"low","geometry_role":"design_proposal","area_sqm_declared":1941.0,"note_zh":"概念体量示意，非建筑方案或拆改留结论"},"geometry":{"type":"Polygon","coordinates":[[[116.352077,39.955998],[116.352074,39.956315],[116.351428,39.956311],[116.351431,39.955994],[116.352077,39.955998]]]}},{"type":"Feature","id":"BLDG-520","properties":{"id":"BLDG-520","layer":"BUILDING_FOOTPRINT","building_type":"education","name_zh":"混合功能概念体量","source_type":"agent_generated_design","confidence":"low","geometry_role":"design_proposal","area_sqm_declared":1544.8,"note_zh":"概念体量示意，非建筑方案或拆改留结论"},"geometry":{"type":"Polygon","coordinates":[[[116.352423,39.95781],[116.352421,39.958112],[116.351882,39.958109],[116.351885,39.957807],[116.352423,39.95781]]]}},{"type":"Feature","id":"BLDG-521","properties":{"id":"BLDG-521","layer":"BUILDING_FOOTPRINT","building_type":"education","name_zh":"混合功能概念体量","source_type":"agent_generated_design","confidence":"low","geometry_role":"design_proposal","area_sqm_declared":2741.7,"note_zh":"概念体量示意，非建筑方案或拆改留结论"},"geometry":{"type":"Polygon","coordinates":[[[116.352295,39.959153],[116.35229,39.959603],[116.351648,39.959599],[116.351652,39.959149],[116.352295,39.959153]]]}},{"type":"Feature","id":"BLDG-522","properties":{"id":"BLDG-522","layer":"BUILDING_FOOTPRINT","building_type":"education","name_zh":"混合功能概念体量","source_type":"agent_generated_design","confidence":"low","geometry_role":"design_proposal","area_sqm_declared":1693.1,"note_zh":"概念体量示意，非建筑方案或拆改留结论"},"geometry":{"type":"Polygon","coordinates":[[[116.350395,39.95786],[116.350392,39.958171],[116.349819,39.958168],[116.349821,39.957857],[116.350395,39.95786]]]}},{"type":"Feature","id":"BLDG-523","properties":{"id":"BLDG-523","layer":"BUILDING_FOOTPRINT","building_type":"education","name_zh":"混合功能概念体量","source_type":"agent_generated_design","confidence":"low","geometry_role":"design_proposal","area_sqm_declared":2572.7,"note_zh":"概念体量示意，非建筑方案或拆改留结论"},"geometry":{"type":"Polygon","coordinates":[[[116.351951,39.958144],[116.351947,39.958511],[116.351208,39.958507],[116.351212,39.95814],[116.351951,39.958144]]]}},{"type":"Feature","id":"BLDG-524","properties":{"id":"BLDG-524","layer":"BUILDING_FOOTPRINT","building_type":"education","name_zh":"混合功能概念体量","source_type":"agent_generated_design","confidence":"low","geometry_role":"design_proposal","area_sqm_declared":2629.6,"note_zh":"概念体量示意，非建筑方案或拆改留结论"},"geometry":{"type":"Polygon","coordinates":[[[116.351199,39.959193],[116.351195,39.959586],[116.350489,39.959582],[116.350493,39.959189],[116.351199,39.959193]]]}},{"type":"Feature","id":"BLDG-525","properties":{"id":"BLDG-525","layer":"BUILDING_FOOTPRINT","building_type":"education","name_zh":"混合功能概念体量","source_type":"agent_generated_design","confidence":"low","geometry_role":"design_proposal","area_sqm_declared":2248.7,"note_zh":"概念体量示意，非建筑方案或拆改留结论"},"geometry":{"type":"Polygon","coordinates":[[[116.352937,39.958771],[116.352934,39.95907],[116.352143,39.959066],[116.352146,39.958767],[116.352937,39.958771]]]}},{"type":"Feature","id":"BLDG-526","properties":{"id":"BLDG-526","layer":"BUILDING_FOOTPRINT","building_type":"education","name_zh":"混合功能概念体量","source_type":"agent_generated_design","confidence":"low","geometry_role":"design_proposal","area_sqm_declared":2185.5,"note_zh":"概念体量示意，非建筑方案或拆改留结论"},"geometry":{"type":"Polygon","coordinates":[[[116.351834,39.958701],[116.351831,39.958968],[116.350969,39.958963],[116.350972,39.958696],[116.351834,39.958701]]]}},{"type":"Feature","id":"BLDG-527","properties":{"id":"BLDG-527","layer":"BUILDING_FOOTPRINT","building_type":"education","name_zh":"混合功能概念体量","source_type":"agent_generated_design","confidence":"low","geometry_role":"design_proposal","area_sqm_declared":2299.9,"note_zh":"概念体量示意，非建筑方案或拆改留结论"},"geometry":{"type":"Polygon","coordinates":[[[116.350515,39.958614],[116.350512,39.95894],[116.349768,39.958936],[116.349772,39.95861],[116.350515,39.958614]]]}},{"type":"Feature","id":"BLDG-528","properties":{"id":"BLDG-528","layer":"BUILDING_FOOTPRINT","building_type":"education","name_zh":"混合功能概念体量","source_type":"agent_generated_design","confidence":"low","geometry_role":"design_proposal","area_sqm_declared":2425.5,"note_zh":"概念体量示意，非建筑方案或拆改留结论"},"geometry":{"type":"Polygon","coordinates":[[[116.353199,39.958187],[116.353195,39.958544],[116.352481,39.95854],[116.352484,39.958183],[116.353199,39.958187]]]}},{"type":"Feature","id":"BLDG-529","properties":{"id":"BLDG-529","layer":"BUILDING_FOOTPRINT","building_type":"education","name_zh":"混合功能概念体量","source_type":"agent_generated_design","confidence":"low","geometry_role":"design_proposal","area_sqm_declared":2391.6,"note_zh":"概念体量示意，非建筑方案或拆改留结论"},"geometry":{"type":"Polygon","coordinates":[[[116.350979,39.95975],[116.350976,39.960036],[116.350094,39.960031],[116.350097,39.959745],[116.350979,39.95975]]]}},{"type":"Feature","id":"BLDG-530","properties":{"id":"BLDG-530","layer":"BUILDING_FOOTPRINT","building_type":"education","name_zh":"混合功能概念体量","source_type":"agent_generated_design","confidence":"low","geometry_role":"design_proposal","area_sqm_declared":3432.9,"note_zh":"概念体量示意，非建筑方案或拆改留结论"},"geometry":{"type":"Polygon","coordinates":[[[116.353247,39.959809],[116.353243,39.960202],[116.352324,39.960197],[116.352328,39.959804],[116.353247,39.959809]]]}},{"type":"Feature","id":"BLDG-531","properties":{"id":"BLDG-531","layer":"BUILDING_FOOTPRINT","building_type":"education","name_zh":"混合功能概念体量","source_type":"agent_generated_design","confidence":"low","geometry_role":"design_proposal","area_sqm_declared":2138.9,"note_zh":"概念体量示意，非建筑方案或拆改留结论"},"geometry":{"type":"Polygon","coordinates":[[[116.350429,39.958324],[116.350427,39.958613],[116.349649,39.958609],[116.349651,39.958319],[116.350429,39.958324]]]}},{"type":"Feature","id":"BLDG-532","properties":{"id":"BLDG-532","layer":"BUILDING_FOOTPRINT","building_type":"mixed_use","name_zh":"混合功能概念体量","source_type":"agent_generated_design","confidence":"low","geometry_role":"design_proposal","area_sqm_declared":2524.7,"note_zh":"概念体量示意，非建筑方案或拆改留结论"},"geometry":{"type":"Polygon","coordinates":[[[116.35153,39.961152],[116.351527,39.961529],[116.350821,39.961526],[116.350825,39.961148],[116.35153,39.961152]]]}},{"type":"Feature","id":"BLDG-533","properties":{"id":"BLDG-533","layer":"BUILDING_FOOTPRINT","building_type":"mixed_use","name_zh":"混合功能概念体量","source_type":"agent_generated_design","confidence":"low","geometry_role":"design_proposal","area_sqm_declared":2373.0,"note_zh":"概念体量示意，非建筑方案或拆改留结论"},"geometry":{"type":"Polygon","coordinates":[[[116.352948,39.962822],[116.352945,39.963139],[116.352157,39.963135],[116.35216,39.962817],[116.352948,39.962822]]]}},{"type":"Feature","id":"BLDG-534","properties":{"id":"BLDG-534","layer":"BUILDING_FOOTPRINT","building_type":"mixed_use","name_zh":"混合功能概念体量","source_type":"agent_generated_design","confidence":"low","geometry_role":"design_proposal","area_sqm_declared":2431.7,"note_zh":"概念体量示意，非建筑方案或拆改留结论"},"geometry":{"type":"Polygon","coordinates":[[[116.352009,39.963037],[116.352006,39.963349],[116.351183,39.963344],[116.351186,39.963033],[116.352009,39.963037]]]}},{"type":"Feature","id":"BLDG-535","properties":{"id":"BLDG-535","layer":"BUILDING_FOOTPRINT","building_type":"mixed_use","name_zh":"混合功能概念体量","source_type":"agent_generated_design","confidence":"low","geometry_role":"design_proposal","area_sqm_declared":2954.8,"note_zh":"概念体量示意，非建筑方案或拆改留结论"},"geometry":{"type":"Polygon","coordinates":[[[116.351242,39.960781],[116.351238,39.961124],[116.35033,39.961119],[116.350334,39.960776],[116.351242,39.960781]]]}},{"type":"Feature","id":"BLDG-536","properties":{"id":"BLDG-536","layer":"BUILDING_FOOTPRINT","building_type":"mixed_use","name_zh":"混合功能概念体量","source_type":"agent_generated_design","confidence":"low","geometry_role":"design_proposal","area_sqm_declared":2283.4,"note_zh":"概念体量示意，非建筑方案或拆改留结论"},"geometry":{"type":"Polygon","coordinates":[[[116.351029,39.963185],[116.351026,39.963568],[116.350397,39.963565],[116.350401,39.963182],[116.351029,39.963185]]]}},{"type":"Feature","id":"BLDG-537","properties":{"id":"BLDG-537","layer":"BUILDING_FOOTPRINT","building_type":"mixed_use","name_zh":"混合功能概念体量","source_type":"agent_generated_design","confidence":"low","geometry_role":"design_proposal","area_sqm_declared":2430.1,"note_zh":"概念体量示意，非建筑方案或拆改留结论"},"geometry":{"type":"Polygon","coordinates":[[[116.351375,39.961998],[116.351372,39.962345],[116.350635,39.962341],[116.350638,39.961994],[116.351375,39.961998]]]}},{"type":"Feature","id":"BLDG-538","properties":{"id":"BLDG-538","layer":"BUILDING_FOOTPRINT","building_type":"mixed_use","name_zh":"混合功能概念体量","source_type":"agent_generated_design","confidence":"low","geometry_role":"design_proposal","area_sqm_declared":2977.2,"note_zh":"概念体量示意，非建筑方案或拆改留结论"},"geometry":{"type":"Polygon","coordinates":[[[116.353492,39.962411],[116.353489,39.962769],[116.352613,39.962764],[116.352617,39.962406],[116.353492,39.962411]]]}},{"type":"Feature","id":"BLDG-539","properties":{"id":"BLDG-539","layer":"BUILDING_FOOTPRINT","building_type":"mixed_use","name_zh":"混合功能概念体量","source_type":"agent_generated_design","confidence":"low","geometry_role":"design_proposal","area_sqm_declared":2921.0,"note_zh":"概念体量示意，非建筑方案或拆改留结论"},"geometry":{"type":"Polygon","coordinates":[[[116.352831,39.963475],[116.352827,39.963919],[116.352134,39.963915],[116.352138,39.963471],[116.352831,39.963475]]]}},{"type":"Feature","id":"BLDG-540","properties":{"id":"BLDG-540","layer":"BUILDING_FOOTPRINT","building_type":"mixed_use","name_zh":"混合功能概念体量","source_type":"agent_generated_design","confidence":"low","geometry_role":"design_proposal","area_sqm_declared":2261.6,"note_zh":"概念体量示意，非建筑方案或拆改留结论"},"geometry":{"type":"Polygon","coordinates":[[[116.35166,39.963628],[116.351657,39.963989],[116.350996,39.963985],[116.350999,39.963624],[116.35166,39.963628]]]}},{"type":"Feature","id":"BLDG-541","properties":{"id":"BLDG-541","layer":"BUILDING_FOOTPRINT","building_type":"mixed_use","name_zh":"混合功能概念体量","source_type":"agent_generated_design","confidence":"low","geometry_role":"design_proposal","area_sqm_declared":2579.4,"note_zh":"概念体量示意，非建筑方案或拆改留结论"},"geometry":{"type":"Polygon","coordinates":[[[116.353594,39.961842],[116.353592,39.962126],[116.352637,39.962121],[116.35264,39.961836],[116.353594,39.961842]]]}},{"type":"Feature","id":"BLDG-542","properties":{"id":"BLDG-542","layer":"BUILDING_FOOTPRINT","building_type":"mixed_use","name_zh":"混合功能概念体量","source_type":"agent_generated_design","confidence":"low","geometry_role":"design_proposal","area_sqm_declared":2148.3,"note_zh":"概念体量示意，非建筑方案或拆改留结论"},"geometry":{"type":"Polygon","coordinates":[[[116.350597,39.962532],[116.350593,39.962922],[116.350013,39.962919],[116.350017,39.962529],[116.350597,39.962532]]]}},{"type":"Feature","id":"BLDG-543","properties":{"id":"BLDG-543","layer":"BUILDING_FOOTPRINT","building_type":"mixed_use","name_zh":"混合功能概念体量","source_type":"agent_generated_design","confidence":"low","geometry_role":"design_proposal","area_sqm_declared":2136.5,"note_zh":"概念体量示意，非建筑方案或拆改留结论"},"geometry":{"type":"Polygon","coordinates":[[[116.351652,39.961629],[116.351649,39.96193],[116.350901,39.961926],[116.350904,39.961624],[116.351652,39.961629]]]}},{"type":"Feature","id":"BLDG-544","properties":{"id":"BLDG-544","layer":"BUILDING_FOOTPRINT","building_type":"ai_r_and_d","name_zh":"混合功能概念体量","source_type":"agent_generated_design","confidence":"low","geometry_role":"design_proposal","area_sqm_declared":2703.7,"note_zh":"概念体量示意，非建筑方案或拆改留结论"},"geometry":{"type":"Polygon","coordinates":[[[116.351911,39.964454],[116.351907,39.964823],[116.351133,39.964818],[116.351137,39.96445],[116.351911,39.964454]]]}},{"type":"Feature","id":"BLDG-545","properties":{"id":"BLDG-545","layer":"BUILDING_FOOTPRINT","building_type":"ai_r_and_d","name_zh":"混合功能概念体量","source_type":"agent_generated_design","confidence":"low","geometry_role":"design_proposal","area_sqm_declared":3448.9,"note_zh":"概念体量示意，非建筑方案或拆改留结论"},"geometry":{"type":"Polygon","coordinates":[[[116.353273,39.96555],[116.353269,39.96599],[116.352441,39.965985],[116.352446,39.965546],[116.353273,39.96555]]]}},{"type":"Feature","id":"BLDG-546","properties":{"id":"BLDG-546","layer":"BUILDING_FOOTPRINT","building_type":"ai_r_and_d","name_zh":"混合功能概念体量","source_type":"agent_generated_design","confidence":"low","geometry_role":"design_proposal","area_sqm_declared":2530.7,"note_zh":"概念体量示意，非建筑方案或拆改留结论"},"geometry":{"type":"Polygon","coordinates":[[[116.35278,39.964873],[116.352777,39.965159],[116.351844,39.965154],[116.351847,39.964868],[116.35278,39.964873]]]}},{"type":"Feature","id":"BLDG-547","properties":{"id":"BLDG-547","layer":"BUILDING_FOOTPRINT","building_type":"ai_r_and_d","name_zh":"混合功能概念体量","source_type":"agent_generated_design","confidence":"low","geometry_role":"design_proposal","area_sqm_declared":2069.7,"note_zh":"概念体量示意，非建筑方案或拆改留结论"},"geometry":{"type":"Polygon","coordinates":[[[116.35122,39.965853],[116.351217,39.966237],[116.350648,39.966234],[116.350651,39.96585],[116.35122,39.965853]]]}},{"type":"Feature","id":"BLDG-548","properties":{"id":"BLDG-548","layer":"BUILDING_FOOTPRINT","building_type":"ai_r_and_d","name_zh":"混合功能概念体量","source_type":"agent_generated_design","confidence":"low","geometry_role":"design_proposal","area_sqm_declared":1559.0,"note_zh":"概念体量示意，非建筑方案或拆改留结论"},"geometry":{"type":"Polygon","coordinates":[[[116.350119,39.967151],[116.350116,39.967448],[116.349563,39.967445],[116.349566,39.967148],[116.350119,39.967151]]]}},{"type":"Feature","id":"BLDG-549","properties":{"id":"BLDG-549","layer":"BUILDING_FOOTPRINT","building_type":"ai_r_and_d","name_zh":"混合功能概念体量","source_type":"agent_generated_design","confidence":"low","geometry_role":"design_proposal","area_sqm_declared":2422.4,"note_zh":"概念体量示意，非建筑方案或拆改留结论"},"geometry":{"type":"Polygon","coordinates":[[[116.350132,39.96486],[116.350128,39.965295],[116.349541,39.965291],[116.349545,39.964857],[116.350132,39.96486]]]}},{"type":"Feature","id":"BLDG-550","properties":{"id":"BLDG-550","layer":"BUILDING_FOOTPRINT","building_type":"ai_r_and_d","name_zh":"混合功能概念体量","source_type":"agent_generated_design","confidence":"low","geometry_role":"design_proposal","area_sqm_declared":2260.4,"note_zh":"概念体量示意，非建筑方案或拆改留结论"},"geometry":{"type":"Polygon","coordinates":[[[116.352624,39.967191],[116.352621,39.96745],[116.351699,39.967444],[116.351702,39.967186],[116.352624,39.967191]]]}},{"type":"Feature","id":"BLDG-551","properties":{"id":"BLDG-551","layer":"BUILDING_FOOTPRINT","building_type":"ai_r_and_d","name_zh":"混合功能概念体量","source_type":"agent_generated_design","confidence":"low","geometry_role":"design_proposal","area_sqm_declared":2557.2,"note_zh":"概念体量示意，非建筑方案或拆改留结论"},"geometry":{"type":"Polygon","coordinates":[[[116.351647,39.965179],[116.351644,39.965563],[116.350941,39.965559],[116.350944,39.965175],[116.351647,39.965179]]]}},{"type":"Feature","id":"BLDG-552","properties":{"id":"BLDG-552","layer":"BUILDING_FOOTPRINT","building_type":"ai_r_and_d","name_zh":"混合功能概念体量","source_type":"agent_generated_design","confidence":"low","geometry_role":"design_proposal","area_sqm_declared":2019.4,"note_zh":"概念体量示意，非建筑方案或拆改留结论"},"geometry":{"type":"Polygon","coordinates":[[[116.352586,39.965989],[116.352584,39.966253],[116.351777,39.966248],[116.351779,39.965984],[116.352586,39.965989]]]}},{"type":"Feature","id":"BLDG-553","properties":{"id":"BLDG-553","layer":"BUILDING_FOOTPRINT","building_type":"ai_r_and_d","name_zh":"混合功能概念体量","source_type":"agent_generated_design","confidence":"low","geometry_role":"design_proposal","area_sqm_declared":1633.6,"note_zh":"概念体量示意，非建筑方案或拆改留结论"},"geometry":{"type":"Polygon","coordinates":[[[116.353484,39.966353],[116.353481,39.966611],[116.352815,39.966607],[116.352817,39.966349],[116.353484,39.966353]]]}},{"type":"Feature","id":"BLDG-554","properties":{"id":"BLDG-554","layer":"BUILDING_FOOTPRINT","building_type":"ai_r_and_d","name_zh":"混合功能概念体量","source_type":"agent_generated_design","confidence":"low","geometry_role":"design_proposal","area_sqm_declared":2133.7,"note_zh":"概念体量示意，非建筑方案或拆改留结论"},"geometry":{"type":"Polygon","coordinates":[[[116.350261,39.965655],[116.350257,39.966063],[116.349707,39.96606],[116.349711,39.965652],[116.350261,39.965655]]]}},{"type":"Feature","id":"BLDG-555","properties":{"id":"BLDG-555","layer":"BUILDING_FOOTPRINT","building_type":"ai_r_and_d","name_zh":"混合功能概念体量","source_type":"agent_generated_design","confidence":"low","geometry_role":"design_proposal","area_sqm_declared":2431.5,"note_zh":"概念体量示意，非建筑方案或拆改留结论"},"geometry":{"type":"Polygon","coordinates":[[[116.352328,39.966355],[116.352324,39.966789],[116.351734,39.966786],[116.351738,39.966352],[116.352328,39.966355]]]}},{"type":"Feature","id":"BLDG-556","properties":{"id":"BLDG-556","layer":"BUILDING_FOOTPRINT","building_type":"education","name_zh":"混合功能概念体量","source_type":"agent_generated_design","confidence":"low","geometry_role":"design_proposal","area_sqm_declared":2129.6,"note_zh":"概念体量示意，非建筑方案或拆改留结论"},"geometry":{"type":"Polygon","coordinates":[[[116.350115,39.970598],[116.350112,39.970915],[116.349403,39.970911],[116.349406,39.970594],[116.350115,39.970598]]]}},{"type":"Feature","id":"BLDG-557","properties":{"id":"BLDG-557","layer":"BUILDING_FOOTPRINT","building_type":"education","name_zh":"混合功能概念体量","source_type":"agent_generated_design","confidence":"low","geometry_role":"design_proposal","area_sqm_declared":2109.2,"note_zh":"概念体量示意，非建筑方案或拆改留结论"},"geometry":{"type":"Polygon","coordinates":[[[116.35064,39.968163],[116.350636,39.968536],[116.35004,39.968533],[116.350044,39.96816],[116.35064,39.968163]]]}},{"type":"Feature","id":"BLDG-558","properties":{"id":"BLDG-558","layer":"BUILDING_FOOTPRINT","building_type":"education","name_zh":"混合功能概念体量","source_type":"agent_generated_design","confidence":"low","geometry_role":"design_proposal","area_sqm_declared":2320.1,"note_zh":"概念体量示意，非建筑方案或拆改留结论"},"geometry":{"type":"Polygon","coordinates":[[[116.350055,39.969355],[116.350052,39.969643],[116.349204,39.969638],[116.349206,39.96935],[116.350055,39.969355]]]}},{"type":"Feature","id":"BLDG-559","properties":{"id":"BLDG-559","layer":"BUILDING_FOOTPRINT","building_type":"education","name_zh":"混合功能概念体量","source_type":"agent_generated_design","confidence":"low","geometry_role":"design_proposal","area_sqm_declared":2774.6,"note_zh":"概念体量示意，非建筑方案或拆改留结论"},"geometry":{"type":"Polygon","coordinates":[[[116.352259,39.968665],[116.352256,39.968966],[116.351285,39.968961],[116.351288,39.968659],[116.352259,39.968665]]]}},{"type":"Feature","id":"BLDG-560","properties":{"id":"BLDG-560","layer":"BUILDING_FOOTPRINT","building_type":"education","name_zh":"混合功能概念体量","source_type":"agent_generated_design","confidence":"low","geometry_role":"design_proposal","area_sqm_declared":2965.3,"note_zh":"概念体量示意，非建筑方案或拆改留结论"},"geometry":{"type":"Polygon","coordinates":[[[116.350845,39.969795],[116.350842,39.970096],[116.349804,39.97009],[116.349807,39.969789],[116.350845,39.969795]]]}},{"type":"Feature","id":"BLDG-561","properties":{"id":"BLDG-561","layer":"BUILDING_FOOTPRINT","building_type":"education","name_zh":"混合功能概念体量","source_type":"agent_generated_design","confidence":"low","geometry_role":"design_proposal","area_sqm_declared":2722.7,"note_zh":"概念体量示意，非建筑方案或拆改留结论"},"geometry":{"type":"Polygon","coordinates":[[[116.352815,39.969985],[116.352811,39.970408],[116.352133,39.970405],[116.352137,39.969981],[116.352815,39.969985]]]}},{"type":"Feature","id":"BLDG-562","properties":{"id":"BLDG-562","layer":"BUILDING_FOOTPRINT","building_type":"education","name_zh":"混合功能概念体量","source_type":"agent_generated_design","confidence":"low","geometry_role":"design_proposal","area_sqm_declared":3293.7,"note_zh":"概念体量示意，非建筑方案或拆改留结论"},"geometry":{"type":"Polygon","coordinates":[[[116.350207,39.968858],[116.350204,39.969195],[116.349175,39.969189],[116.349178,39.968852],[116.350207,39.968858]]]}},{"type":"Feature","id":"BLDG-563","properties":{"id":"BLDG-563","layer":"BUILDING_FOOTPRINT","building_type":"education","name_zh":"混合功能概念体量","source_type":"agent_generated_design","confidence":"low","geometry_role":"design_proposal","area_sqm_declared":1795.9,"note_zh":"概念体量示意，非建筑方案或拆改留结论"},"geometry":{"type":"Polygon","coordinates":[[[116.351411,39.968112],[116.351408,39.968399],[116.350749,39.968395],[116.350752,39.968108],[116.351411,39.968112]]]}},{"type":"Feature","id":"BLDG-564","properties":{"id":"BLDG-564","layer":"BUILDING_FOOTPRINT","building_type":"education","name_zh":"混合功能概念体量","source_type":"agent_generated_design","confidence":"low","geometry_role":"design_proposal","area_sqm_declared":1504.4,"note_zh":"概念体量示意，非建筑方案或拆改留结论"},"geometry":{"type":"Polygon","coordinates":[[[116.352076,39.970401],[116.352073,39.970672],[116.351488,39.970669],[116.35149,39.970398],[116.352076,39.970401]]]}},{"type":"Feature","id":"BLDG-565","properties":{"id":"BLDG-565","layer":"BUILDING_FOOTPRINT","building_type":"education","name_zh":"混合功能概念体量","source_type":"agent_generated_design","confidence":"low","geometry_role":"design_proposal","area_sqm_declared":2247.2,"note_zh":"概念体量示意，非建筑方案或拆改留结论"},"geometry":{"type":"Polygon","coordinates":[[[116.352059,39.970736],[116.352054,39.971175],[116.351515,39.971172],[116.351519,39.970733],[116.352059,39.970736]]]}},{"type":"Feature","id":"BLDG-566","properties":{"id":"BLDG-566","layer":"BUILDING_FOOTPRINT","building_type":"education","name_zh":"混合功能概念体量","source_type":"agent_generated_design","confidence":"low","geometry_role":"design_proposal","area_sqm_declared":4002.8,"note_zh":"概念体量示意，非建筑方案或拆改留结论"},"geometry":{"type":"Polygon","coordinates":[[[116.351872,39.969201],[116.351868,39.969622],[116.350866,39.969617],[116.35087,39.969195],[116.351872,39.969201]]]}},{"type":"Feature","id":"BLDG-567","properties":{"id":"BLDG-567","layer":"BUILDING_FOOTPRINT","building_type":"education","name_zh":"混合功能概念体量","source_type":"agent_generated_design","confidence":"low","geometry_role":"design_proposal","area_sqm_declared":1752.9,"note_zh":"概念体量示意，非建筑方案或拆改留结论"},"geometry":{"type":"Polygon","coordinates":[[[116.352206,39.968382],[116.352203,39.968642],[116.351491,39.968638],[116.351494,39.968378],[116.352206,39.968382]]]}},{"type":"Feature","id":"BLDG-568","properties":{"id":"BLDG-568","layer":"BUILDING_FOOTPRINT","building_type":"mixed_use","name_zh":"混合功能概念体量","source_type":"agent_generated_design","confidence":"low","geometry_role":"design_proposal","area_sqm_declared":4359.2,"note_zh":"概念体量示意，非建筑方案或拆改留结论"},"geometry":{"type":"Polygon","coordinates":[[[116.352948,39.971666],[116.352944,39.972102],[116.351891,39.972096],[116.351895,39.97166],[116.352948,39.971666]]]}},{"type":"Feature","id":"BLDG-569","properties":{"id":"BLDG-569","layer":"BUILDING_FOOTPRINT","building_type":"mixed_use","name_zh":"混合功能概念体量","source_type":"agent_generated_design","confidence":"low","geometry_role":"design_proposal","area_sqm_declared":3363.0,"note_zh":"概念体量示意，非建筑方案或拆改留结论"},"geometry":{"type":"Polygon","coordinates":[[[116.351295,39.972207],[116.351291,39.972599],[116.350387,39.972594],[116.350391,39.972202],[116.351295,39.972207]]]}},{"type":"Feature","id":"BLDG-570","properties":{"id":"BLDG-570","layer":"BUILDING_FOOTPRINT","building_type":"mixed_use","name_zh":"混合功能概念体量","source_type":"agent_generated_design","confidence":"low","geometry_role":"design_proposal","area_sqm_declared":2479.4,"note_zh":"概念体量示意，非建筑方案或拆改留结论"},"geometry":{"type":"Polygon","coordinates":[[[116.351797,39.971713],[116.351794,39.97203],[116.350968,39.972025],[116.350971,39.971709],[116.351797,39.971713]]]}},{"type":"Feature","id":"BLDG-571","properties":{"id":"BLDG-571","layer":"BUILDING_FOOTPRINT","building_type":"mixed_use","name_zh":"混合功能概念体量","source_type":"agent_generated_design","confidence":"low","geometry_role":"design_proposal","area_sqm_declared":2700.5,"note_zh":"概念体量示意，非建筑方案或拆改留结论"},"geometry":{"type":"Polygon","coordinates":[[[116.353009,39.97296],[116.353006,39.973287],[116.352137,39.973283],[116.35214,39.972955],[116.353009,39.97296]]]}},{"type":"Feature","id":"BLDG-572","properties":{"id":"BLDG-572","layer":"BUILDING_FOOTPRINT","building_type":"mixed_use","name_zh":"混合功能概念体量","source_type":"agent_generated_design","confidence":"low","geometry_role":"design_proposal","area_sqm_declared":1620.0,"note_zh":"概念体量示意，非建筑方案或拆改留结论"},"geometry":{"type":"Polygon","coordinates":[[[116.353271,39.972341],[116.353269,39.97262],[116.352658,39.972617],[116.35266,39.972338],[116.353271,39.972341]]]}},{"type":"Feature","id":"BLDG-573","properties":{"id":"BLDG-573","layer":"BUILDING_FOOTPRINT","building_type":"mixed_use","name_zh":"混合功能概念体量","source_type":"agent_generated_design","confidence":"low","geometry_role":"design_proposal","area_sqm_declared":1288.5,"note_zh":"概念体量示意，非建筑方案或拆改留结论"},"geometry":{"type":"Polygon","coordinates":[[[116.350095,39.97376],[116.350093,39.974014],[116.349558,39.974011],[116.349561,39.973757],[116.350095,39.97376]]]}},{"type":"Feature","id":"BLDG-574","properties":{"id":"BLDG-574","layer":"BUILDING_FOOTPRINT","building_type":"mixed_use","name_zh":"混合功能概念体量","source_type":"agent_generated_design","confidence":"low","geometry_role":"design_proposal","area_sqm_declared":2089.9,"note_zh":"概念体量示意，非建筑方案或拆改留结论"},"geometry":{"type":"Polygon","coordinates":[[[116.351981,39.972708],[116.351977,39.973112],[116.351433,39.973109],[116.351437,39.972704],[116.351981,39.972708]]]}},{"type":"Feature","id":"BLDG-575","properties":{"id":"BLDG-575","layer":"BUILDING_FOOTPRINT","building_type":"mixed_use","name_zh":"混合功能概念体量","source_type":"agent_generated_design","confidence":"low","geometry_role":"design_proposal","area_sqm_declared":2194.8,"note_zh":"概念体量示意，非建筑方案或拆改留结论"},"geometry":{"type":"Polygon","coordinates":[[[116.350954,39.972603],[116.350951,39.972949],[116.350282,39.972945],[116.350285,39.972599],[116.350954,39.972603]]]}},{"type":"Feature","id":"BLDG-576","properties":{"id":"BLDG-576","layer":"BUILDING_FOOTPRINT","building_type":"mixed_use","name_zh":"混合功能概念体量","source_type":"agent_generated_design","confidence":"low","geometry_role":"design_proposal","area_sqm_declared":3661.6,"note_zh":"概念体量示意，非建筑方案或拆改留结论"},"geometry":{"type":"Polygon","coordinates":[[[116.353299,39.973701],[116.353295,39.974093],[116.352312,39.974088],[116.352316,39.973695],[116.353299,39.973701]]]}},{"type":"Feature","id":"BLDG-577","properties":{"id":"BLDG-577","layer":"BUILDING_FOOTPRINT","building_type":"mixed_use","name_zh":"混合功能概念体量","source_type":"agent_generated_design","confidence":"low","geometry_role":"design_proposal","area_sqm_declared":2067.1,"note_zh":"概念体量示意，非建筑方案或拆改留结论"},"geometry":{"type":"Polygon","coordinates":[[[116.350302,39.973038],[116.350298,39.973388],[116.349677,39.973385],[116.34968,39.973034],[116.350302,39.973038]]]}},{"type":"Feature","id":"BLDG-578","properties":{"id":"BLDG-578","layer":"BUILDING_FOOTPRINT","building_type":"mixed_use","name_zh":"混合功能概念体量","source_type":"agent_generated_design","confidence":"low","geometry_role":"design_proposal","area_sqm_declared":2243.5,"note_zh":"概念体量示意，非建筑方案或拆改留结论"},"geometry":{"type":"Polygon","coordinates":[[[116.351565,39.973293],[116.351562,39.973678],[116.350947,39.973674],[116.350951,39.97329],[116.351565,39.973293]]]}},{"type":"Feature","id":"BLDG-579","properties":{"id":"BLDG-579","layer":"BUILDING_FOOTPRINT","building_type":"mixed_use","name_zh":"混合功能概念体量","source_type":"agent_generated_design","confidence":"low","geometry_role":"design_proposal","area_sqm_declared":2355.8,"note_zh":"概念体量示意，非建筑方案或拆改留结论"},"geometry":{"type":"Polygon","coordinates":[[[116.349953,39.972223],[116.34995,39.97252],[116.349116,39.972516],[116.349119,39.972218],[116.349953,39.972223]]]}},{"type":"Feature","id":"BLDG-580","properties":{"id":"BLDG-580","layer":"BUILDING_FOOTPRINT","building_type":"mixed_use","name_zh":"混合功能概念体量","source_type":"agent_generated_design","confidence":"low","geometry_role":"design_proposal","area_sqm_declared":2403.1,"note_zh":"概念体量示意，非建筑方案或拆改留结论"},"geometry":{"type":"Polygon","coordinates":[[[116.352642,39.975945],[116.352639,39.976227],[116.35174,39.976222],[116.351743,39.97594],[116.352642,39.975945]]]}},{"type":"Feature","id":"BLDG-581","properties":{"id":"BLDG-581","layer":"BUILDING_FOOTPRINT","building_type":"mixed_use","name_zh":"混合功能概念体量","source_type":"agent_generated_design","confidence":"low","geometry_role":"design_proposal","area_sqm_declared":2464.1,"note_zh":"概念体量示意，非建筑方案或拆改留结论"},"geometry":{"type":"Polygon","coordinates":[[[116.350246,39.977664],[116.350242,39.978087],[116.349628,39.978084],[116.349632,39.977661],[116.350246,39.977664]]]}},{"type":"Feature","id":"BLDG-582","properties":{"id":"BLDG-582","layer":"BUILDING_FOOTPRINT","building_type":"mixed_use","name_zh":"混合功能概念体量","source_type":"agent_generated_design","confidence":"low","geometry_role":"design_proposal","area_sqm_declared":2448.4,"note_zh":"概念体量示意，非建筑方案或拆改留结论"},"geometry":{"type":"Polygon","coordinates":[[[116.350792,39.976918],[116.350789,39.977224],[116.349943,39.977219],[116.349946,39.976914],[116.350792,39.976918]]]}},{"type":"Feature","id":"BLDG-583","properties":{"id":"BLDG-583","layer":"BUILDING_FOOTPRINT","building_type":"mixed_use","name_zh":"混合功能概念体量","source_type":"agent_generated_design","confidence":"low","geometry_role":"design_proposal","area_sqm_declared":2337.1,"note_zh":"概念体量示意，非建筑方案或拆改留结论"},"geometry":{"type":"Polygon","coordinates":[[[116.352183,39.975171],[116.352179,39.975542],[116.351516,39.975538],[116.351519,39.975167],[116.352183,39.975171]]]}},{"type":"Feature","id":"BLDG-584","properties":{"id":"BLDG-584","layer":"BUILDING_FOOTPRINT","building_type":"mixed_use","name_zh":"混合功能概念体量","source_type":"agent_generated_design","confidence":"low","geometry_role":"design_proposal","area_sqm_declared":2270.2,"note_zh":"概念体量示意，非建筑方案或拆改留结论"},"geometry":{"type":"Polygon","coordinates":[[[116.352367,39.978086],[116.352364,39.978404],[116.35161,39.9784],[116.351613,39.978082],[116.352367,39.978086]]]}},{"type":"Feature","id":"BLDG-585","properties":{"id":"BLDG-585","layer":"BUILDING_FOOTPRINT","building_type":"mixed_use","name_zh":"混合功能概念体量","source_type":"agent_generated_design","confidence":"low","geometry_role":"design_proposal","area_sqm_declared":1992.4,"note_zh":"概念体量示意，非建筑方案或拆改留结论"},"geometry":{"type":"Polygon","coordinates":[[[116.350497,39.975962],[116.350493,39.976311],[116.349891,39.976307],[116.349894,39.975959],[116.350497,39.975962]]]}},{"type":"Feature","id":"BLDG-586","properties":{"id":"BLDG-586","layer":"BUILDING_FOOTPRINT","building_type":"mixed_use","name_zh":"混合功能概念体量","source_type":"agent_generated_design","confidence":"low","geometry_role":"design_proposal","area_sqm_declared":2514.4,"note_zh":"概念体量示意，非建筑方案或拆改留结论"},"geometry":{"type":"Polygon","coordinates":[[[116.353173,39.976587],[116.35317,39.976935],[116.352407,39.976931],[116.352411,39.976583],[116.353173,39.976587]]]}},{"type":"Feature","id":"BLDG-587","properties":{"id":"BLDG-587","layer":"BUILDING_FOOTPRINT","building_type":"mixed_use","name_zh":"混合功能概念体量","source_type":"agent_generated_design","confidence":"low","geometry_role":"design_proposal","area_sqm_declared":2139.9,"note_zh":"概念体量示意，非建筑方案或拆改留结论"},"geometry":{"type":"Polygon","coordinates":[[[116.351867,39.976635],[116.351863,39.977013],[116.351268,39.97701],[116.351271,39.976631],[116.351867,39.976635]]]}},{"type":"Feature","id":"BLDG-588","properties":{"id":"BLDG-588","layer":"BUILDING_FOOTPRINT","building_type":"mixed_use","name_zh":"混合功能概念体量","source_type":"agent_generated_design","confidence":"low","geometry_role":"design_proposal","area_sqm_declared":1838.4,"note_zh":"概念体量示意，非建筑方案或拆改留结论"},"geometry":{"type":"Polygon","coordinates":[[[116.350189,39.97535],[116.350187,39.975647],[116.349535,39.975643],[116.349537,39.975346],[116.350189,39.97535]]]}},{"type":"Feature","id":"BLDG-589","properties":{"id":"BLDG-589","layer":"BUILDING_FOOTPRINT","building_type":"mixed_use","name_zh":"混合功能概念体量","source_type":"agent_generated_design","confidence":"low","geometry_role":"design_proposal","area_sqm_declared":2093.0,"note_zh":"概念体量示意，非建筑方案或拆改留结论"},"geometry":{"type":"Polygon","coordinates":[[[116.352499,39.977585],[116.352497,39.977887],[116.351766,39.977883],[116.351769,39.977581],[116.352499,39.977585]]]}},{"type":"Feature","id":"BLDG-590","properties":{"id":"BLDG-590","layer":"BUILDING_FOOTPRINT","building_type":"mixed_use","name_zh":"混合功能概念体量","source_type":"agent_generated_design","confidence":"low","geometry_role":"design_proposal","area_sqm_declared":1613.9,"note_zh":"概念体量示意，非建筑方案或拆改留结论"},"geometry":{"type":"Polygon","coordinates":[[[116.353135,39.977686],[116.353132,39.978],[116.35259,39.977997],[116.352593,39.977683],[116.353135,39.977686]]]}},{"type":"Feature","id":"BLDG-591","properties":{"id":"BLDG-591","layer":"BUILDING_FOOTPRINT","building_type":"mixed_use","name_zh":"混合功能概念体量","source_type":"agent_generated_design","confidence":"low","geometry_role":"design_proposal","area_sqm_declared":2075.2,"note_zh":"概念体量示意，非建筑方案或拆改留结论"},"geometry":{"type":"Polygon","coordinates":[[[116.351086,39.978037],[116.351083,39.978355],[116.350394,39.978351],[116.350397,39.978033],[116.351086,39.978037]]]}},{"type":"Feature","id":"BLDG-592","properties":{"id":"BLDG-592","layer":"BUILDING_FOOTPRINT","building_type":"residential","name_zh":"混合功能概念体量","source_type":"agent_generated_design","confidence":"low","geometry_role":"design_proposal","area_sqm_declared":2952.6,"note_zh":"概念体量示意，非建筑方案或拆改留结论"},"geometry":{"type":"Polygon","coordinates":[[[116.35276,39.981319],[116.352757,39.981635],[116.351774,39.98163],[116.351777,39.981313],[116.35276,39.981319]]]}},{"type":"Feature","id":"BLDG-593","properties":{"id":"BLDG-593","layer":"BUILDING_FOOTPRINT","building_type":"residential","name_zh":"混合功能概念体量","source_type":"agent_generated_design","confidence":"low","geometry_role":"design_proposal","area_sqm_declared":3269.7,"note_zh":"概念体量示意，非建筑方案或拆改留结论"},"geometry":{"type":"Polygon","coordinates":[[[116.350169,39.981146],[116.350165,39.981537],[116.349283,39.981532],[116.349287,39.981141],[116.350169,39.981146]]]}},{"type":"Feature","id":"BLDG-594","properties":{"id":"BLDG-594","layer":"BUILDING_FOOTPRINT","building_type":"residential","name_zh":"混合功能概念体量","source_type":"agent_generated_design","confidence":"low","geometry_role":"design_proposal","area_sqm_declared":2364.0,"note_zh":"概念体量示意，非建筑方案或拆改留结论"},"geometry":{"type":"Polygon","coordinates":[[[116.350501,39.97933],[116.350497,39.979778],[116.34994,39.979775],[116.349944,39.979327],[116.350501,39.97933]]]}},{"type":"Feature","id":"BLDG-595","properties":{"id":"BLDG-595","layer":"BUILDING_FOOTPRINT","building_type":"residential","name_zh":"混合功能概念体量","source_type":"agent_generated_design","confidence":"low","geometry_role":"design_proposal","area_sqm_declared":1960.4,"note_zh":"概念体量示意，非建筑方案或拆改留结论"},"geometry":{"type":"Polygon","coordinates":[[[116.35245,39.980195],[116.352448,39.980461],[116.351671,39.980457],[116.351673,39.980191],[116.35245,39.980195]]]}},{"type":"Feature","id":"BLDG-596","properties":{"id":"BLDG-596","layer":"BUILDING_FOOTPRINT","building_type":"residential","name_zh":"混合功能概念体量","source_type":"agent_generated_design","confidence":"low","geometry_role":"design_proposal","area_sqm_declared":2746.0,"note_zh":"概念体量示意，非建筑方案或拆改留结论"},"geometry":{"type":"Polygon","coordinates":[[[116.350089,39.980409],[116.350086,39.98071],[116.349123,39.980704],[116.349126,39.980404],[116.350089,39.980409]]]}},{"type":"Feature","id":"BLDG-597","properties":{"id":"BLDG-597","layer":"BUILDING_FOOTPRINT","building_type":"residential","name_zh":"混合功能概念体量","source_type":"agent_generated_design","confidence":"low","geometry_role":"design_proposal","area_sqm_declared":2101.8,"note_zh":"概念体量示意，非建筑方案或拆改留结论"},"geometry":{"type":"Polygon","coordinates":[[[116.352298,39.97959],[116.352295,39.979908],[116.351598,39.979904],[116.351601,39.979586],[116.352298,39.97959]]]}},{"type":"Feature","id":"BLDG-598","properties":{"id":"BLDG-598","layer":"BUILDING_FOOTPRINT","building_type":"residential","name_zh":"混合功能概念体量","source_type":"agent_generated_design","confidence":"low","geometry_role":"design_proposal","area_sqm_declared":2162.5,"note_zh":"概念体量示意，非建筑方案或拆改留结论"},"geometry":{"type":"Polygon","coordinates":[[[116.353339,39.980935],[116.353336,39.981233],[116.352571,39.981228],[116.352574,39.98093],[116.353339,39.980935]]]}},{"type":"Feature","id":"BLDG-599","properties":{"id":"BLDG-599","layer":"BUILDING_FOOTPRINT","building_type":"residential","name_zh":"混合功能概念体量","source_type":"agent_generated_design","confidence":"low","geometry_role":"design_proposal","area_sqm_declared":2053.5,"note_zh":"概念体量示意，非建筑方案或拆改留结论"},"geometry":{"type":"Polygon","coordinates":[[[116.35132,39.980415],[116.351317,39.980745],[116.350661,39.980741],[116.350664,39.980411],[116.35132,39.980415]]]}},{"type":"Feature","id":"BLDG-600","properties":{"id":"BLDG-600","layer":"BUILDING_FOOTPRINT","building_type":"residential","name_zh":"混合功能概念体量","source_type":"agent_generated_design","confidence":"low","geometry_role":"design_proposal","area_sqm_declared":2002.6,"note_zh":"概念体量示意，非建筑方案或拆改留结论"},"geometry":{"type":"Polygon","coordinates":[[[116.352339,39.979049],[116.352336,39.979347],[116.351628,39.979343],[116.351631,39.979045],[116.352339,39.979049]]]}},{"type":"Feature","id":"BLDG-601","properties":{"id":"BLDG-601","layer":"BUILDING_FOOTPRINT","building_type":"residential","name_zh":"混合功能概念体量","source_type":"agent_generated_design","confidence":"low","geometry_role":"design_proposal","area_sqm_declared":3876.8,"note_zh":"概念体量示意，非建筑方案或拆改留结论"},"geometry":{"type":"Polygon","coordinates":[[[116.353588,39.979017],[116.353584,39.979441],[116.35262,39.979435],[116.352624,39.979011],[116.353588,39.979017]]]}},{"type":"Feature","id":"BLDG-602","properties":{"id":"BLDG-602","layer":"BUILDING_FOOTPRINT","building_type":"residential","name_zh":"混合功能概念体量","source_type":"agent_generated_design","confidence":"low","geometry_role":"design_proposal","area_sqm_declared":1466.4,"note_zh":"概念体量示意，非建筑方案或拆改留结论"},"geometry":{"type":"Polygon","coordinates":[[[116.350835,39.979978],[116.350832,39.980249],[116.350261,39.980245],[116.350264,39.979975],[116.350835,39.979978]]]}},{"type":"Feature","id":"BLDG-603","properties":{"id":"BLDG-603","layer":"BUILDING_FOOTPRINT","building_type":"residential","name_zh":"混合功能概念体量","source_type":"agent_generated_design","confidence":"low","geometry_role":"design_proposal","area_sqm_declared":2682.8,"note_zh":"概念体量示意，非建筑方案或拆改留结论"},"geometry":{"type":"Polygon","coordinates":[[[116.351443,39.98151],[116.35144,39.981834],[116.350565,39.981829],[116.350568,39.981505],[116.351443,39.98151]]]}},{"type":"Feature","id":"BLDG-604","properties":{"id":"BLDG-604","layer":"BUILDING_FOOTPRINT","building_type":"education","name_zh":"混合功能概念体量","source_type":"agent_generated_design","confidence":"low","geometry_role":"design_proposal","area_sqm_declared":2944.2,"note_zh":"概念体量示意，非建筑方案或拆改留结论"},"geometry":{"type":"Polygon","coordinates":[[[116.352477,39.983157],[116.352474,39.983479],[116.35151,39.983474],[116.351513,39.983152],[116.352477,39.983157]]]}},{"type":"Feature","id":"BLDG-605","properties":{"id":"BLDG-605","layer":"BUILDING_FOOTPRINT","building_type":"education","name_zh":"混合功能概念体量","source_type":"agent_generated_design","confidence":"low","geometry_role":"design_proposal","area_sqm_declared":2239.4,"note_zh":"概念体量示意，非建筑方案或拆改留结论"},"geometry":{"type":"Polygon","coordinates":[[[116.352832,39.982765],[116.35283,39.983054],[116.352012,39.983049],[116.352014,39.982761],[116.352832,39.982765]]]}},{"type":"Feature","id":"BLDG-606","properties":{"id":"BLDG-606","layer":"BUILDING_FOOTPRINT","building_type":"education","name_zh":"混合功能概念体量","source_type":"agent_generated_design","confidence":"low","geometry_role":"design_proposal","area_sqm_declared":1367.5,"note_zh":"概念体量示意，非建筑方案或拆改留结论"},"geometry":{"type":"Polygon","coordinates":[[[116.352861,39.984465],[116.352859,39.984721],[116.352296,39.984718],[116.352298,39.984462],[116.352861,39.984465]]]}},{"type":"Feature","id":"BLDG-607","properties":{"id":"BLDG-607","layer":"BUILDING_FOOTPRINT","building_type":"education","name_zh":"混合功能概念体量","source_type":"agent_generated_design","confidence":"low","geometry_role":"design_proposal","area_sqm_declared":1404.8,"note_zh":"概念体量示意，非建筑方案或拆改留结论"},"geometry":{"type":"Polygon","coordinates":[[[116.350096,39.982675],[116.350094,39.982938],[116.34953,39.982935],[116.349532,39.982672],[116.350096,39.982675]]]}},{"type":"Feature","id":"BLDG-608","properties":{"id":"BLDG-608","layer":"BUILDING_FOOTPRINT","building_type":"education","name_zh":"混合功能概念体量","source_type":"agent_generated_design","confidence":"low","geometry_role":"design_proposal","area_sqm_declared":1979.2,"note_zh":"概念体量示意，非建筑方案或拆改留结论"},"geometry":{"type":"Polygon","coordinates":[[[116.351867,39.983746],[116.351864,39.984061],[116.351202,39.984058],[116.351205,39.983742],[116.351867,39.983746]]]}},{"type":"Feature","id":"BLDG-609","properties":{"id":"BLDG-609","layer":"BUILDING_FOOTPRINT","building_type":"education","name_zh":"混合功能概念体量","source_type":"agent_generated_design","confidence":"low","geometry_role":"design_proposal","area_sqm_declared":1675.3,"note_zh":"概念体量示意，非建筑方案或拆改留结论"},"geometry":{"type":"Polygon","coordinates":[[[116.350798,39.984687],[116.350795,39.985022],[116.350267,39.985019],[116.35027,39.984684],[116.350798,39.984687]]]}},{"type":"Feature","id":"BLDG-610","properties":{"id":"BLDG-610","layer":"BUILDING_FOOTPRINT","building_type":"education","name_zh":"混合功能概念体量","source_type":"agent_generated_design","confidence":"low","geometry_role":"design_proposal","area_sqm_declared":2251.2,"note_zh":"概念体量示意，非建筑方案或拆改留结论"},"geometry":{"type":"Polygon","coordinates":[[[116.352047,39.984948],[116.352043,39.985373],[116.351485,39.98537],[116.351489,39.984945],[116.352047,39.984948]]]}},{"type":"Feature","id":"BLDG-611","properties":{"id":"BLDG-611","layer":"BUILDING_FOOTPRINT","building_type":"education","name_zh":"混合功能概念体量","source_type":"agent_generated_design","confidence":"low","geometry_role":"design_proposal","area_sqm_declared":2890.6,"note_zh":"概念体量示意，非建筑方案或拆改留结论"},"geometry":{"type":"Polygon","coordinates":[[[116.349974,39.984455],[116.34997,39.98489],[116.349268,39.984886],[116.349272,39.984451],[116.349974,39.984455]]]}},{"type":"Feature","id":"BLDG-612","properties":{"id":"BLDG-612","layer":"BUILDING_FOOTPRINT","building_type":"education","name_zh":"混合功能概念体量","source_type":"agent_generated_design","confidence":"low","geometry_role":"design_proposal","area_sqm_declared":2393.1,"note_zh":"概念体量示意，非建筑方案或拆改留结论"},"geometry":{"type":"Polygon","coordinates":[[[116.350873,39.984141],[116.350869,39.984572],[116.350284,39.984569],[116.350288,39.984138],[116.350873,39.984141]]]}},{"type":"Feature","id":"BLDG-613","properties":{"id":"BLDG-613","layer":"BUILDING_FOOTPRINT","building_type":"education","name_zh":"混合功能概念体量","source_type":"agent_generated_design","confidence":"low","geometry_role":"design_proposal","area_sqm_declared":2472.9,"note_zh":"概念体量示意，非建筑方案或拆改留结论"},"geometry":{"type":"Polygon","coordinates":[[[116.351505,39.983068],[116.351502,39.983447],[116.350815,39.983443],[116.350819,39.983064],[116.351505,39.983068]]]}},{"type":"Feature","id":"BLDG-614","properties":{"id":"BLDG-614","layer":"BUILDING_FOOTPRINT","building_type":"education","name_zh":"混合功能概念体量","source_type":"agent_generated_design","confidence":"low","geometry_role":"design_proposal","area_sqm_declared":1980.8,"note_zh":"概念体量示意，非建筑方案或拆改留结论"},"geometry":{"type":"Polygon","coordinates":[[[116.350043,39.983217],[116.35004,39.983542],[116.349398,39.983539],[116.349401,39.983214],[116.350043,39.983217]]]}},{"type":"Feature","id":"BLDG-615","properties":{"id":"BLDG-615","layer":"BUILDING_FOOTPRINT","building_type":"education","name_zh":"混合功能概念体量","source_type":"agent_generated_design","confidence":"low","geometry_role":"design_proposal","area_sqm_declared":2144.5,"note_zh":"概念体量示意，非建筑方案或拆改留结论"},"geometry":{"type":"Polygon","coordinates":[[[116.35325,39.983943],[116.353247,39.984262],[116.352537,39.984258],[116.35254,39.98394],[116.35325,39.983943]]]}},{"type":"Feature","id":"BLDG-616","properties":{"id":"BLDG-616","layer":"BUILDING_FOOTPRINT","building_type":"education","name_zh":"混合功能概念体量","source_type":"agent_generated_design","confidence":"low","geometry_role":"design_proposal","area_sqm_declared":4358.2,"note_zh":"概念体量示意，非建筑方案或拆改留结论"},"geometry":{"type":"Polygon","coordinates":[[[116.349975,39.988122],[116.34997,39.98857],[116.348946,39.988565],[116.34895,39.988116],[116.349975,39.988122]]]}},{"type":"Feature","id":"BLDG-617","properties":{"id":"BLDG-617","layer":"BUILDING_FOOTPRINT","building_type":"education","name_zh":"混合功能概念体量","source_type":"agent_generated_design","confidence":"low","geometry_role":"design_proposal","area_sqm_declared":2002.3,"note_zh":"概念体量示意，非建筑方案或拆改留结论"},"geometry":{"type":"Polygon","coordinates":[[[116.35237,39.98718],[116.352368,39.987442],[116.35156,39.987437],[116.351563,39.987176],[116.35237,39.98718]]]}},{"type":"Feature","id":"BLDG-618","properties":{"id":"BLDG-618","layer":"BUILDING_FOOTPRINT","building_type":"education","name_zh":"混合功能概念体量","source_type":"agent_generated_design","confidence":"low","geometry_role":"design_proposal","area_sqm_declared":2179.9,"note_zh":"概念体量示意，非建筑方案或拆改留结论"},"geometry":{"type":"Polygon","coordinates":[[[116.352147,39.987985],[116.352144,39.988266],[116.351324,39.988261],[116.351326,39.987981],[116.352147,39.987985]]]}},{"type":"Feature","id":"BLDG-619","properties":{"id":"BLDG-619","layer":"BUILDING_FOOTPRINT","building_type":"education","name_zh":"混合功能概念体量","source_type":"agent_generated_design","confidence":"low","geometry_role":"design_proposal","area_sqm_declared":3012.2,"note_zh":"概念体量示意，非建筑方案或拆改留结论"},"geometry":{"type":"Polygon","coordinates":[[[116.350219,39.988784],[116.350216,39.989175],[116.349403,39.989171],[116.349407,39.98878],[116.350219,39.988784]]]}},{"type":"Feature","id":"BLDG-620","properties":{"id":"BLDG-620","layer":"BUILDING_FOOTPRINT","building_type":"education","name_zh":"混合功能概念体量","source_type":"agent_generated_design","confidence":"low","geometry_role":"design_proposal","area_sqm_declared":1541.8,"note_zh":"概念体量示意，非建筑方案或拆改留结论"},"geometry":{"type":"Polygon","coordinates":[[[116.351879,39.988468],[116.351877,39.988736],[116.351272,39.988733],[116.351275,39.988464],[116.351879,39.988468]]]}},{"type":"Feature","id":"BLDG-621","properties":{"id":"BLDG-621","layer":"BUILDING_FOOTPRINT","building_type":"education","name_zh":"混合功能概念体量","source_type":"agent_generated_design","confidence":"low","geometry_role":"design_proposal","area_sqm_declared":3133.6,"note_zh":"概念体量示意，非建筑方案或拆改留结论"},"geometry":{"type":"Polygon","coordinates":[[[116.351304,39.988036],[116.351301,39.988375],[116.350328,39.98837],[116.350331,39.98803],[116.351304,39.988036]]]}},{"type":"Feature","id":"BLDG-622","properties":{"id":"BLDG-622","layer":"BUILDING_FOOTPRINT","building_type":"education","name_zh":"混合功能概念体量","source_type":"agent_generated_design","confidence":"low","geometry_role":"design_proposal","area_sqm_declared":2125.2,"note_zh":"概念体量示意，非建筑方案或拆改留结论"},"geometry":{"type":"Polygon","coordinates":[[[116.34978,39.985952],[116.349776,39.986336],[116.349192,39.986332],[116.349196,39.985949],[116.34978,39.985952]]]}},{"type":"Feature","id":"BLDG-623","properties":{"id":"BLDG-623","layer":"BUILDING_FOOTPRINT","building_type":"education","name_zh":"混合功能概念体量","source_type":"agent_generated_design","confidence":"low","geometry_role":"design_proposal","area_sqm_declared":2879.5,"note_zh":"概念体量示意，非建筑方案或拆改留结论"},"geometry":{"type":"Polygon","coordinates":[[[116.351261,39.986664],[116.351258,39.987028],[116.350424,39.987024],[116.350428,39.986659],[116.351261,39.986664]]]}},{"type":"Feature","id":"BLDG-624","properties":{"id":"BLDG-624","layer":"BUILDING_FOOTPRINT","building_type":"education","name_zh":"混合功能概念体量","source_type":"agent_generated_design","confidence":"low","geometry_role":"design_proposal","area_sqm_declared":3726.3,"note_zh":"概念体量示意，非建筑方案或拆改留结论"},"geometry":{"type":"Polygon","coordinates":[[[116.352815,39.986533],[116.352811,39.986974],[116.35192,39.986969],[116.351924,39.986529],[116.352815,39.986533]]]}},{"type":"Feature","id":"BLDG-625","properties":{"id":"BLDG-625","layer":"BUILDING_FOOTPRINT","building_type":"education","name_zh":"混合功能概念体量","source_type":"agent_generated_design","confidence":"low","geometry_role":"design_proposal","area_sqm_declared":1895.2,"note_zh":"概念体量示意，非建筑方案或拆改留结论"},"geometry":{"type":"Polygon","coordinates":[[[116.352442,39.987455],[116.352439,39.987762],[116.351789,39.987759],[116.351792,39.987451],[116.352442,39.987455]]]}},{"type":"Feature","id":"BLDG-626","properties":{"id":"BLDG-626","layer":"BUILDING_FOOTPRINT","building_type":"education","name_zh":"混合功能概念体量","source_type":"agent_generated_design","confidence":"low","geometry_role":"design_proposal","area_sqm_declared":3819.6,"note_zh":"概念体量示意，非建筑方案或拆改留结论"},"geometry":{"type":"Polygon","coordinates":[[[116.350061,39.987254],[116.350057,39.987668],[116.349085,39.987663],[116.349088,39.987249],[116.350061,39.987254]]]}},{"type":"Feature","id":"BLDG-627","properties":{"id":"BLDG-627","layer":"BUILDING_FOOTPRINT","building_type":"education","name_zh":"混合功能概念体量","source_type":"agent_generated_design","confidence":"low","geometry_role":"design_proposal","area_sqm_declared":2219.2,"note_zh":"概念体量示意，非建筑方案或拆改留结论"},"geometry":{"type":"Polygon","coordinates":[[[116.352999,39.987576],[116.352995,39.988015],[116.352461,39.988012],[116.352465,39.987573],[116.352999,39.987576]]]}},{"type":"Feature","id":"BLDG-628","properties":{"id":"BLDG-628","layer":"BUILDING_FOOTPRINT","building_type":"education","name_zh":"混合功能概念体量","source_type":"agent_generated_design","confidence":"low","geometry_role":"design_proposal","area_sqm_declared":2987.9,"note_zh":"概念体量示意，非建筑方案或拆改留结论"},"geometry":{"type":"Polygon","coordinates":[[[116.351106,39.990425],[116.351103,39.990788],[116.350234,39.990783],[116.350237,39.99042],[116.351106,39.990425]]]}},{"type":"Feature","id":"BLDG-629","properties":{"id":"BLDG-629","layer":"BUILDING_FOOTPRINT","building_type":"education","name_zh":"混合功能概念体量","source_type":"agent_generated_design","confidence":"low","geometry_role":"design_proposal","area_sqm_declared":2346.5,"note_zh":"概念体量示意，非建筑方案或拆改留结论"},"geometry":{"type":"Polygon","coordinates":[[[116.351821,39.990998],[116.351818,39.99131],[116.351024,39.991305],[116.351027,39.990994],[116.351821,39.990998]]]}},{"type":"Feature","id":"BLDG-630","properties":{"id":"BLDG-630","layer":"BUILDING_FOOTPRINT","building_type":"education","name_zh":"混合功能概念体量","source_type":"agent_generated_design","confidence":"low","geometry_role":"design_proposal","area_sqm_declared":1894.0,"note_zh":"概念体量示意，非建筑方案或拆改留结论"},"geometry":{"type":"Polygon","coordinates":[[[116.35257,39.991787],[116.352568,39.992051],[116.351809,39.992046],[116.351811,39.991783],[116.35257,39.991787]]]}},{"type":"Feature","id":"BLDG-631","properties":{"id":"BLDG-631","layer":"BUILDING_FOOTPRINT","building_type":"education","name_zh":"混合功能概念体量","source_type":"agent_generated_design","confidence":"low","geometry_role":"design_proposal","area_sqm_declared":2635.4,"note_zh":"概念体量示意，非建筑方案或拆改留结论"},"geometry":{"type":"Polygon","coordinates":[[[116.351544,39.991448],[116.351541,39.991736],[116.350578,39.991731],[116.350581,39.991442],[116.351544,39.991448]]]}},{"type":"Feature","id":"BLDG-632","properties":{"id":"BLDG-632","layer":"BUILDING_FOOTPRINT","building_type":"education","name_zh":"混合功能概念体量","source_type":"agent_generated_design","confidence":"low","geometry_role":"design_proposal","area_sqm_declared":2971.8,"note_zh":"概念体量示意，非建筑方案或拆改留结论"},"geometry":{"type":"Polygon","coordinates":[[[116.351448,39.9925],[116.351445,39.992846],[116.35054,39.992841],[116.350543,39.992495],[116.351448,39.9925]]]}},{"type":"Feature","id":"BLDG-633","properties":{"id":"BLDG-633","layer":"BUILDING_FOOTPRINT","building_type":"education","name_zh":"混合功能概念体量","source_type":"agent_generated_design","confidence":"low","geometry_role":"design_proposal","area_sqm_declared":2714.2,"note_zh":"概念体量示意，非建筑方案或拆改留结论"},"geometry":{"type":"Polygon","coordinates":[[[116.351537,39.991846],[116.351533,39.992244],[116.350814,39.99224],[116.350818,39.991842],[116.351537,39.991846]]]}},{"type":"Feature","id":"BLDG-634","properties":{"id":"BLDG-634","layer":"BUILDING_FOOTPRINT","building_type":"education","name_zh":"混合功能概念体量","source_type":"agent_generated_design","confidence":"low","geometry_role":"design_proposal","area_sqm_declared":3095.7,"note_zh":"概念体量示意，非建筑方案或拆改留结论"},"geometry":{"type":"Polygon","coordinates":[[[116.352635,39.990322],[116.352632,39.990677],[116.351714,39.990672],[116.351717,39.990317],[116.352635,39.990322]]]}},{"type":"Feature","id":"BLDG-635","properties":{"id":"BLDG-635","layer":"BUILDING_FOOTPRINT","building_type":"education","name_zh":"混合功能概念体量","source_type":"agent_generated_design","confidence":"low","geometry_role":"design_proposal","area_sqm_declared":2443.3,"note_zh":"概念体量示意，非建筑方案或拆改留结论"},"geometry":{"type":"Polygon","coordinates":[[[116.349916,39.989674],[116.349912,39.990081],[116.349279,39.990078],[116.349283,39.989671],[116.349916,39.989674]]]}},{"type":"Feature","id":"BLDG-636","properties":{"id":"BLDG-636","layer":"BUILDING_FOOTPRINT","building_type":"education","name_zh":"混合功能概念体量","source_type":"agent_generated_design","confidence":"low","geometry_role":"design_proposal","area_sqm_declared":3078.8,"note_zh":"概念体量示意，非建筑方案或拆改留结论"},"geometry":{"type":"Polygon","coordinates":[[[116.350214,39.991984],[116.350211,39.992301],[116.349188,39.992296],[116.349191,39.991978],[116.350214,39.991984]]]}},{"type":"Feature","id":"BLDG-637","properties":{"id":"BLDG-637","layer":"BUILDING_FOOTPRINT","building_type":"education","name_zh":"混合功能概念体量","source_type":"agent_generated_design","confidence":"low","geometry_role":"design_proposal","area_sqm_declared":3555.0,"note_zh":"概念体量示意，非建筑方案或拆改留结论"},"geometry":{"type":"Polygon","coordinates":[[[116.350187,39.990271],[116.350183,39.990653],[116.349203,39.990647],[116.349206,39.990265],[116.350187,39.990271]]]}},{"type":"Feature","id":"BLDG-638","properties":{"id":"BLDG-638","layer":"BUILDING_FOOTPRINT","building_type":"education","name_zh":"混合功能概念体量","source_type":"agent_generated_design","confidence":"low","geometry_role":"design_proposal","area_sqm_declared":2442.6,"note_zh":"概念体量示意，非建筑方案或拆改留结论"},"geometry":{"type":"Polygon","coordinates":[[[116.353108,39.989897],[116.353106,39.99017],[116.352162,39.990165],[116.352165,39.989892],[116.353108,39.989897]]]}},{"type":"Feature","id":"BLDG-639","properties":{"id":"BLDG-639","layer":"BUILDING_FOOTPRINT","building_type":"education","name_zh":"混合功能概念体量","source_type":"agent_generated_design","confidence":"low","geometry_role":"design_proposal","area_sqm_declared":2746.3,"note_zh":"概念体量示意，非建筑方案或拆改留结论"},"geometry":{"type":"Polygon","coordinates":[[[116.351881,39.989951],[116.351878,39.990305],[116.351059,39.9903],[116.351062,39.989947],[116.351881,39.989951]]]}},{"type":"Feature","id":"BLDG-640","properties":{"id":"BLDG-640","layer":"BUILDING_FOOTPRINT","building_type":"education","name_zh":"混合功能概念体量","source_type":"agent_generated_design","confidence":"low","geometry_role":"design_proposal","area_sqm_declared":1951.2,"note_zh":"概念体量示意，非建筑方案或拆改留结论"},"geometry":{"type":"Polygon","coordinates":[[[116.350069,39.99385],[116.350066,39.99412],[116.349302,39.994116],[116.349305,39.993846],[116.350069,39.99385]]]}},{"type":"Feature","id":"BLDG-641","properties":{"id":"BLDG-641","layer":"BUILDING_FOOTPRINT","building_type":"education","name_zh":"混合功能概念体量","source_type":"agent_generated_design","confidence":"low","geometry_role":"design_proposal","area_sqm_declared":1451.6,"note_zh":"概念体量示意，非建筑方案或拆改留结论"},"geometry":{"type":"Polygon","coordinates":[[[116.35112,39.993208],[116.351117,39.99349],[116.350575,39.993487],[116.350577,39.993205],[116.35112,39.993208]]]}},{"type":"Feature","id":"BLDG-642","properties":{"id":"BLDG-642","layer":"BUILDING_FOOTPRINT","building_type":"education","name_zh":"混合功能概念体量","source_type":"agent_generated_design","confidence":"low","geometry_role":"design_proposal","area_sqm_declared":4213.7,"note_zh":"概念体量示意，非建筑方案或拆改留结论"},"geometry":{"type":"Polygon","coordinates":[[[116.352629,39.993874],[116.352625,39.994301],[116.351584,39.994295],[116.351588,39.993868],[116.352629,39.993874]]]}},{"type":"Feature","id":"BLDG-643","properties":{"id":"BLDG-643","layer":"BUILDING_FOOTPRINT","building_type":"education","name_zh":"混合功能概念体量","source_type":"agent_generated_design","confidence":"low","geometry_role":"design_proposal","area_sqm_declared":2341.7,"note_zh":"概念体量示意，非建筑方案或拆改留结论"},"geometry":{"type":"Polygon","coordinates":[[[116.353539,39.99534],[116.353536,39.995627],[116.352678,39.995623],[116.35268,39.995335],[116.353539,39.99534]]]}},{"type":"Feature","id":"BLDG-644","properties":{"id":"BLDG-644","layer":"BUILDING_FOOTPRINT","building_type":"education","name_zh":"混合功能概念体量","source_type":"agent_generated_design","confidence":"low","geometry_role":"design_proposal","area_sqm_declared":2410.0,"note_zh":"概念体量示意，非建筑方案或拆改留结论"},"geometry":{"type":"Polygon","coordinates":[[[116.351149,39.995743],[116.351146,39.996086],[116.350405,39.996082],[116.350408,39.995739],[116.351149,39.995743]]]}},{"type":"Feature","id":"BLDG-645","properties":{"id":"BLDG-645","layer":"BUILDING_FOOTPRINT","building_type":"education","name_zh":"混合功能概念体量","source_type":"agent_generated_design","confidence":"low","geometry_role":"design_proposal","area_sqm_declared":2220.1,"note_zh":"概念体量示意，非建筑方案或拆改留结论"},"geometry":{"type":"Polygon","coordinates":[[[116.350072,39.995572],[116.350069,39.995846],[116.349213,39.995841],[116.349215,39.995567],[116.350072,39.995572]]]}},{"type":"Feature","id":"BLDG-646","properties":{"id":"BLDG-646","layer":"BUILDING_FOOTPRINT","building_type":"education","name_zh":"混合功能概念体量","source_type":"agent_generated_design","confidence":"low","geometry_role":"design_proposal","area_sqm_declared":3430.8,"note_zh":"概念体量示意，非建筑方案或拆改留结论"},"geometry":{"type":"Polygon","coordinates":[[[116.350039,39.994877],[116.350035,39.995268],[116.349112,39.995263],[116.349116,39.994871],[116.350039,39.994877]]]}},{"type":"Feature","id":"BLDG-647","properties":{"id":"BLDG-647","layer":"BUILDING_FOOTPRINT","building_type":"education","name_zh":"混合功能概念体量","source_type":"agent_generated_design","confidence":"low","geometry_role":"design_proposal","area_sqm_declared":2770.2,"note_zh":"概念体量示意，非建筑方案或拆改留结论"},"geometry":{"type":"Polygon","coordinates":[[[116.349913,39.993157],[116.349909,39.993571],[116.349203,39.993567],[116.349207,39.993153],[116.349913,39.993157]]]}},{"type":"Feature","id":"BLDG-648","properties":{"id":"BLDG-648","layer":"BUILDING_FOOTPRINT","building_type":"education","name_zh":"混合功能概念体量","source_type":"agent_generated_design","confidence":"low","geometry_role":"design_proposal","area_sqm_declared":1493.6,"note_zh":"概念体量示意，非建筑方案或拆改留结论"},"geometry":{"type":"Polygon","coordinates":[[[116.349699,39.994511],[116.349697,39.994764],[116.349073,39.99476],[116.349075,39.994508],[116.349699,39.994511]]]}},{"type":"Feature","id":"BLDG-649","properties":{"id":"BLDG-649","layer":"BUILDING_FOOTPRINT","building_type":"education","name_zh":"混合功能概念体量","source_type":"agent_generated_design","confidence":"low","geometry_role":"design_proposal","area_sqm_declared":2470.7,"note_zh":"概念体量示意，非建筑方案或拆改留结论"},"geometry":{"type":"Polygon","coordinates":[[[116.351809,39.994606],[116.351807,39.994887],[116.35088,39.994882],[116.350883,39.9946],[116.351809,39.994606]]]}},{"type":"Feature","id":"BLDG-650","properties":{"id":"BLDG-650","layer":"BUILDING_FOOTPRINT","building_type":"education","name_zh":"混合功能概念体量","source_type":"agent_generated_design","confidence":"low","geometry_role":"design_proposal","area_sqm_declared":2438.9,"note_zh":"概念体量示意，非建筑方案或拆改留结论"},"geometry":{"type":"Polygon","coordinates":[[[116.351387,39.993966],[116.351383,39.994311],[116.350637,39.994306],[116.350641,39.993962],[116.351387,39.993966]]]}},{"type":"Feature","id":"BLDG-651","properties":{"id":"BLDG-651","layer":"BUILDING_FOOTPRINT","building_type":"education","name_zh":"混合功能概念体量","source_type":"agent_generated_design","confidence":"low","geometry_role":"design_proposal","area_sqm_declared":2691.4,"note_zh":"概念体量示意，非建筑方案或拆改留结论"},"geometry":{"type":"Polygon","coordinates":[[[116.35171,39.994946],[116.351707,39.995313],[116.350934,39.995309],[116.350938,39.994941],[116.35171,39.994946]]]}},{"type":"Feature","id":"BLDG-652","properties":{"id":"BLDG-652","layer":"BUILDING_FOOTPRINT","building_type":"mixed_use","name_zh":"混合功能概念体量","source_type":"agent_generated_design","confidence":"low","geometry_role":"design_proposal","area_sqm_declared":2843.4,"note_zh":"概念体量示意，非建筑方案或拆改留结论"},"geometry":{"type":"Polygon","coordinates":[[[116.350606,39.997428],[116.350601,39.997875],[116.34993,39.997871],[116.349935,39.997424],[116.350606,39.997428]]]}},{"type":"Feature","id":"BLDG-653","properties":{"id":"BLDG-653","layer":"BUILDING_FOOTPRINT","building_type":"mixed_use","name_zh":"混合功能概念体量","source_type":"agent_generated_design","confidence":"low","geometry_role":"design_proposal","area_sqm_declared":1655.8,"note_zh":"概念体量示意，非建筑方案或拆改留结论"},"geometry":{"type":"Polygon","coordinates":[[[116.353411,39.999367],[116.353408,39.999626],[116.352735,39.999623],[116.352737,39.999363],[116.353411,39.999367]]]}},{"type":"Feature","id":"BLDG-654","properties":{"id":"BLDG-654","layer":"BUILDING_FOOTPRINT","building_type":"mixed_use","name_zh":"混合功能概念体量","source_type":"agent_generated_design","confidence":"low","geometry_role":"design_proposal","area_sqm_declared":2178.4,"note_zh":"概念体量示意，非建筑方案或拆改留结论"},"geometry":{"type":"Polygon","coordinates":[[[116.349799,39.999166],[116.349795,39.999525],[116.349155,39.999521],[116.349159,39.999162],[116.349799,39.999166]]]}},{"type":"Feature","id":"BLDG-655","properties":{"id":"BLDG-655","layer":"BUILDING_FOOTPRINT","building_type":"mixed_use","name_zh":"混合功能概念体量","source_type":"agent_generated_design","confidence":"low","geometry_role":"design_proposal","area_sqm_declared":2813.7,"note_zh":"概念体量示意，非建筑方案或拆改留结论"},"geometry":{"type":"Polygon","coordinates":[[[116.351994,39.998412],[116.35199,39.998829],[116.351278,39.998825],[116.351282,39.998408],[116.351994,39.998412]]]}},{"type":"Feature","id":"BLDG-656","properties":{"id":"BLDG-656","layer":"BUILDING_FOOTPRINT","building_type":"mixed_use","name_zh":"混合功能概念体量","source_type":"agent_generated_design","confidence":"low","geometry_role":"design_proposal","area_sqm_declared":2538.0,"note_zh":"概念体量示意，非建筑方案或拆改留结论"},"geometry":{"type":"Polygon","coordinates":[[[116.352409,39.996951],[116.352405,39.997336],[116.351711,39.997332],[116.351715,39.996947],[116.352409,39.996951]]]}},{"type":"Feature","id":"BLDG-657","properties":{"id":"BLDG-657","layer":"BUILDING_FOOTPRINT","building_type":"mixed_use","name_zh":"混合功能概念体量","source_type":"agent_generated_design","confidence":"low","geometry_role":"design_proposal","area_sqm_declared":2802.0,"note_zh":"概念体量示意，非建筑方案或拆改留结论"},"geometry":{"type":"Polygon","coordinates":[[[116.353168,39.998446],[116.353165,39.998738],[116.352153,39.998732],[116.352156,39.99844],[116.353168,39.998446]]]}},{"type":"Feature","id":"BLDG-658","properties":{"id":"BLDG-658","layer":"BUILDING_FOOTPRINT","building_type":"mixed_use","name_zh":"混合功能概念体量","source_type":"agent_generated_design","confidence":"low","geometry_role":"design_proposal","area_sqm_declared":2382.5,"note_zh":"概念体量示意，非建筑方案或拆改留结论"},"geometry":{"type":"Polygon","coordinates":[[[116.351374,39.999332],[116.351371,39.999732],[116.350743,39.999729],[116.350747,39.999328],[116.351374,39.999332]]]}},{"type":"Feature","id":"BLDG-659","properties":{"id":"BLDG-659","layer":"BUILDING_FOOTPRINT","building_type":"mixed_use","name_zh":"混合功能概念体量","source_type":"agent_generated_design","confidence":"low","geometry_role":"design_proposal","area_sqm_declared":2187.0,"note_zh":"概念体量示意，非建筑方案或拆改留结论"},"geometry":{"type":"Polygon","coordinates":[[[116.350038,39.998403],[116.350035,39.998725],[116.349317,39.998721],[116.34932,39.998399],[116.350038,39.998403]]]}},{"type":"Feature","id":"BLDG-660","properties":{"id":"BLDG-660","layer":"BUILDING_FOOTPRINT","building_type":"mixed_use","name_zh":"混合功能概念体量","source_type":"agent_generated_design","confidence":"low","geometry_role":"design_proposal","area_sqm_declared":2341.5,"note_zh":"概念体量示意，非建筑方案或拆改留结论"},"geometry":{"type":"Polygon","coordinates":[[[116.351685,39.997918],[116.351682,39.998279],[116.350997,39.998275],[116.351,39.997914],[116.351685,39.997918]]]}},{"type":"Feature","id":"BLDG-661","properties":{"id":"BLDG-661","layer":"BUILDING_FOOTPRINT","building_type":"mixed_use","name_zh":"混合功能概念体量","source_type":"agent_generated_design","confidence":"low","geometry_role":"design_proposal","area_sqm_declared":2014.4,"note_zh":"概念体量示意，非建筑方案或拆改留结论"},"geometry":{"type":"Polygon","coordinates":[[[116.353296,39.998077],[116.353293,39.998376],[116.352582,39.998372],[116.352585,39.998073],[116.353296,39.998077]]]}},{"type":"Feature","id":"BLDG-662","properties":{"id":"BLDG-662","layer":"BUILDING_FOOTPRINT","building_type":"mixed_use","name_zh":"混合功能概念体量","source_type":"agent_generated_design","confidence":"low","geometry_role":"design_proposal","area_sqm_declared":3514.5,"note_zh":"概念体量示意，非建筑方案或拆改留结论"},"geometry":{"type":"Polygon","coordinates":[[[116.352722,39.997417],[116.352719,39.997791],[116.351727,39.997785],[116.351731,39.997411],[116.352722,39.997417]]]}},{"type":"Feature","id":"BLDG-663","properties":{"id":"BLDG-663","layer":"BUILDING_FOOTPRINT","building_type":"mixed_use","name_zh":"混合功能概念体量","source_type":"agent_generated_design","confidence":"low","geometry_role":"design_proposal","area_sqm_declared":2860.5,"note_zh":"概念体量示意，非建筑方案或拆改留结论"},"geometry":{"type":"Polygon","coordinates":[[[116.352338,39.999518],[116.352334,39.999933],[116.351608,39.999929],[116.351612,39.999514],[116.352338,39.999518]]]}},{"type":"Feature","id":"BLDG-664","properties":{"id":"BLDG-664","layer":"BUILDING_FOOTPRINT","building_type":"education","name_zh":"混合功能概念体量","source_type":"agent_generated_design","confidence":"low","geometry_role":"design_proposal","area_sqm_declared":3419.8,"note_zh":"概念体量示意，非建筑方案或拆改留结论"},"geometry":{"type":"Polygon","coordinates":[[[116.352297,40.001143],[116.352294,40.001528],[116.351357,40.001522],[116.351361,40.001137],[116.352297,40.001143]]]}},{"type":"Feature","id":"BLDG-665","properties":{"id":"BLDG-665","layer":"BUILDING_FOOTPRINT","building_type":"education","name_zh":"混合功能概念体量","source_type":"agent_generated_design","confidence":"low","geometry_role":"design_proposal","area_sqm_declared":2106.7,"note_zh":"概念体量示意，非建筑方案或拆改留结论"},"geometry":{"type":"Polygon","coordinates":[[[116.351797,40.002963],[116.351794,40.003332],[116.351192,40.003329],[116.351196,40.00296],[116.351797,40.002963]]]}},{"type":"Feature","id":"BLDG-666","properties":{"id":"BLDG-666","layer":"BUILDING_FOOTPRINT","building_type":"education","name_zh":"混合功能概念体量","source_type":"agent_generated_design","confidence":"low","geometry_role":"design_proposal","area_sqm_declared":1884.3,"note_zh":"概念体量示意，非建筑方案或拆改留结论"},"geometry":{"type":"Polygon","coordinates":[[[116.353123,40.001824],[116.353121,40.002125],[116.35246,40.002122],[116.352463,40.001821],[116.353123,40.001824]]]}},{"type":"Feature","id":"BLDG-667","properties":{"id":"BLDG-667","layer":"BUILDING_FOOTPRINT","building_type":"education","name_zh":"混合功能概念体量","source_type":"agent_generated_design","confidence":"low","geometry_role":"design_proposal","area_sqm_declared":2825.6,"note_zh":"概念体量示意，非建筑方案或拆改留结论"},"geometry":{"type":"Polygon","coordinates":[[[116.349654,40.000856],[116.34965,40.001237],[116.348868,40.001232],[116.348871,40.000851],[116.349654,40.000856]]]}},{"type":"Feature","id":"BLDG-668","properties":{"id":"BLDG-668","layer":"BUILDING_FOOTPRINT","building_type":"education","name_zh":"混合功能概念体量","source_type":"agent_generated_design","confidence":"low","geometry_role":"design_proposal","area_sqm_declared":2651.7,"note_zh":"概念体量示意，非建筑方案或拆改留结论"},"geometry":{"type":"Polygon","coordinates":[[[116.353293,40.003186],[116.35329,40.003464],[116.352282,40.003458],[116.352285,40.003181],[116.353293,40.003186]]]}},{"type":"Feature","id":"BLDG-669","properties":{"id":"BLDG-669","layer":"BUILDING_FOOTPRINT","building_type":"education","name_zh":"混合功能概念体量","source_type":"agent_generated_design","confidence":"low","geometry_role":"design_proposal","area_sqm_declared":1881.8,"note_zh":"概念体量示意，非建筑方案或拆改留结论"},"geometry":{"type":"Polygon","coordinates":[[[116.350655,40.002352],[116.350652,40.002707],[116.350093,40.002704],[116.350096,40.002349],[116.350655,40.002352]]]}},{"type":"Feature","id":"BLDG-670","properties":{"id":"BLDG-670","layer":"BUILDING_FOOTPRINT","building_type":"education","name_zh":"混合功能概念体量","source_type":"agent_generated_design","confidence":"low","geometry_role":"design_proposal","area_sqm_declared":3023.3,"note_zh":"概念体量示意，非建筑方案或拆改留结论"},"geometry":{"type":"Polygon","coordinates":[[[116.350253,40.00319],[116.35025,40.003503],[116.349231,40.003497],[116.349234,40.003184],[116.350253,40.00319]]]}},{"type":"Feature","id":"BLDG-671","properties":{"id":"BLDG-671","layer":"BUILDING_FOOTPRINT","building_type":"education","name_zh":"混合功能概念体量","source_type":"agent_generated_design","confidence":"low","geometry_role":"design_proposal","area_sqm_declared":2703.9,"note_zh":"概念体量示意，非建筑方案或拆改留结论"},"geometry":{"type":"Polygon","coordinates":[[[116.350332,40.001672],[116.350328,40.002077],[116.349625,40.002073],[116.349628,40.001668],[116.350332,40.001672]]]}},{"type":"Feature","id":"BLDG-672","properties":{"id":"BLDG-672","layer":"BUILDING_FOOTPRINT","building_type":"education","name_zh":"混合功能概念体量","source_type":"agent_generated_design","confidence":"low","geometry_role":"design_proposal","area_sqm_declared":2327.2,"note_zh":"概念体量示意，非建筑方案或拆改留结论"},"geometry":{"type":"Polygon","coordinates":[[[116.350304,40.000542],[116.350302,40.000805],[116.349368,40.0008],[116.34937,40.000537],[116.350304,40.000542]]]}},{"type":"Feature","id":"BLDG-673","properties":{"id":"BLDG-673","layer":"BUILDING_FOOTPRINT","building_type":"education","name_zh":"混合功能概念体量","source_type":"agent_generated_design","confidence":"low","geometry_role":"design_proposal","area_sqm_declared":3038.8,"note_zh":"概念体量示意，非建筑方案或拆改留结论"},"geometry":{"type":"Polygon","coordinates":[[[116.351758,40.002149],[116.351755,40.002517],[116.350884,40.002512],[116.350888,40.002144],[116.351758,40.002149]]]}},{"type":"Feature","id":"BLDG-674","properties":{"id":"BLDG-674","layer":"BUILDING_FOOTPRINT","building_type":"education","name_zh":"混合功能概念体量","source_type":"agent_generated_design","confidence":"low","geometry_role":"design_proposal","area_sqm_declared":1700.2,"note_zh":"概念体量示意，非建筑方案或拆改留结论"},"geometry":{"type":"Polygon","coordinates":[[[116.352694,40.000662],[116.352691,40.000996],[116.352156,40.000993],[116.352159,40.000659],[116.352694,40.000662]]]}},{"type":"Feature","id":"BLDG-675","properties":{"id":"BLDG-675","layer":"BUILDING_FOOTPRINT","building_type":"education","name_zh":"混合功能概念体量","source_type":"agent_generated_design","confidence":"low","geometry_role":"design_proposal","area_sqm_declared":3523.8,"note_zh":"概念体量示意，非建筑方案或拆改留结论"},"geometry":{"type":"Polygon","coordinates":[[[116.349724,40.002572],[116.34972,40.002997],[116.348847,40.002992],[116.348851,40.002567],[116.349724,40.002572]]]}},{"type":"Feature","id":"BLDG-676","properties":{"id":"BLDG-676","layer":"BUILDING_FOOTPRINT","building_type":"mixed_use","name_zh":"混合功能概念体量","source_type":"agent_generated_design","confidence":"low","geometry_role":"design_proposal","area_sqm_declared":2001.2,"note_zh":"概念体量示意，非建筑方案或拆改留结论"},"geometry":{"type":"Polygon","coordinates":[[[116.349641,40.005913],[116.349638,40.006236],[116.348985,40.006232],[116.348988,40.005909],[116.349641,40.005913]]]}},{"type":"Feature","id":"BLDG-677","properties":{"id":"BLDG-677","layer":"BUILDING_FOOTPRINT","building_type":"mixed_use","name_zh":"混合功能概念体量","source_type":"agent_generated_design","confidence":"low","geometry_role":"design_proposal","area_sqm_declared":2986.5,"note_zh":"概念体量示意，非建筑方案或拆改留结论"},"geometry":{"type":"Polygon","coordinates":[[[116.349687,40.006887],[116.349684,40.007246],[116.348806,40.007241],[116.348809,40.006882],[116.349687,40.006887]]]}},{"type":"Feature","id":"BLDG-678","properties":{"id":"BLDG-678","layer":"BUILDING_FOOTPRINT","building_type":"mixed_use","name_zh":"混合功能概念体量","source_type":"agent_generated_design","confidence":"low","geometry_role":"design_proposal","area_sqm_declared":2184.3,"note_zh":"概念体量示意，非建筑方案或拆改留结论"},"geometry":{"type":"Polygon","coordinates":[[[116.351291,40.006913],[116.351287,40.007348],[116.350758,40.007345],[116.350762,40.00691],[116.351291,40.006913]]]}},{"type":"Feature","id":"BLDG-679","properties":{"id":"BLDG-679","layer":"BUILDING_FOOTPRINT","building_type":"mixed_use","name_zh":"混合功能概念体量","source_type":"agent_generated_design","confidence":"low","geometry_role":"design_proposal","area_sqm_declared":2225.7,"note_zh":"概念体量示意，非建筑方案或拆改留结论"},"geometry":{"type":"Polygon","coordinates":[[[116.352006,40.006188],[116.352003,40.006508],[116.351269,40.006504],[116.351272,40.006184],[116.352006,40.006188]]]}},{"type":"Feature","id":"BLDG-680","properties":{"id":"BLDG-680","layer":"BUILDING_FOOTPRINT","building_type":"mixed_use","name_zh":"混合功能概念体量","source_type":"agent_generated_design","confidence":"low","geometry_role":"design_proposal","area_sqm_declared":2039.2,"note_zh":"概念体量示意，非建筑方案或拆改留结论"},"geometry":{"type":"Polygon","coordinates":[[[116.350276,40.005203],[116.350274,40.005461],[116.34944,40.005456],[116.349442,40.005198],[116.350276,40.005203]]]}},{"type":"Feature","id":"BLDG-681","properties":{"id":"BLDG-681","layer":"BUILDING_FOOTPRINT","building_type":"mixed_use","name_zh":"混合功能概念体量","source_type":"agent_generated_design","confidence":"low","geometry_role":"design_proposal","area_sqm_declared":2084.5,"note_zh":"概念体量示意，非建筑方案或拆改留结论"},"geometry":{"type":"Polygon","coordinates":[[[116.350741,40.006425],[116.350739,40.006689],[116.349906,40.006685],[116.349909,40.00642],[116.350741,40.006425]]]}},{"type":"Feature","id":"BLDG-682","properties":{"id":"BLDG-682","layer":"BUILDING_FOOTPRINT","building_type":"mixed_use","name_zh":"混合功能概念体量","source_type":"agent_generated_design","confidence":"low","geometry_role":"design_proposal","area_sqm_declared":3314.1,"note_zh":"概念体量示意，非建筑方案或拆改留结论"},"geometry":{"type":"Polygon","coordinates":[[[116.35124,40.004134],[116.351236,40.004478],[116.35022,40.004472],[116.350224,40.004128],[116.35124,40.004134]]]}},{"type":"Feature","id":"BLDG-683","properties":{"id":"BLDG-683","layer":"BUILDING_FOOTPRINT","building_type":"mixed_use","name_zh":"混合功能概念体量","source_type":"agent_generated_design","confidence":"low","geometry_role":"design_proposal","area_sqm_declared":1737.3,"note_zh":"概念体量示意，非建筑方案或拆改留结论"},"geometry":{"type":"Polygon","coordinates":[[[116.351612,40.004627],[116.35161,40.004897],[116.350931,40.004893],[116.350934,40.004623],[116.351612,40.004627]]]}},{"type":"Feature","id":"BLDG-684","properties":{"id":"BLDG-684","layer":"BUILDING_FOOTPRINT","building_type":"mixed_use","name_zh":"混合功能概念体量","source_type":"agent_generated_design","confidence":"low","geometry_role":"design_proposal","area_sqm_declared":2987.4,"note_zh":"概念体量示意，非建筑方案或拆改留结论"},"geometry":{"type":"Polygon","coordinates":[[[116.352139,40.00408],[116.352136,40.004452],[116.351288,40.004447],[116.351292,40.004075],[116.352139,40.00408]]]}},{"type":"Feature","id":"BLDG-685","properties":{"id":"BLDG-685","layer":"BUILDING_FOOTPRINT","building_type":"mixed_use","name_zh":"混合功能概念体量","source_type":"agent_generated_design","confidence":"low","geometry_role":"design_proposal","area_sqm_declared":1689.2,"note_zh":"概念体量示意，非建筑方案或拆改留结论"},"geometry":{"type":"Polygon","coordinates":[[[116.351161,40.005475],[116.351158,40.00579],[116.350593,40.005787],[116.350596,40.005472],[116.351161,40.005475]]]}},{"type":"Feature","id":"BLDG-686","properties":{"id":"BLDG-686","layer":"BUILDING_FOOTPRINT","building_type":"mixed_use","name_zh":"混合功能概念体量","source_type":"agent_generated_design","confidence":"low","geometry_role":"design_proposal","area_sqm_declared":2042.6,"note_zh":"概念体量示意，非建筑方案或拆改留结论"},"geometry":{"type":"Polygon","coordinates":[[[116.351544,40.005078],[116.351541,40.005341],[116.350723,40.005336],[116.350726,40.005073],[116.351544,40.005078]]]}},{"type":"Feature","id":"BLDG-687","properties":{"id":"BLDG-687","layer":"BUILDING_FOOTPRINT","building_type":"mixed_use","name_zh":"混合功能概念体量","source_type":"agent_generated_design","confidence":"low","geometry_role":"design_proposal","area_sqm_declared":2259.2,"note_zh":"概念体量示意，非建筑方案或拆改留结论"},"geometry":{"type":"Polygon","coordinates":[[[116.352006,40.0055],[116.352003,40.005872],[116.351362,40.005868],[116.351366,40.005496],[116.352006,40.0055]]]}},{"type":"Feature","id":"BLDG-688","properties":{"id":"BLDG-688","layer":"BUILDING_FOOTPRINT","building_type":"ai_r_and_d","name_zh":"混合功能概念体量","source_type":"agent_generated_design","confidence":"low","geometry_role":"design_proposal","area_sqm_declared":2475.6,"note_zh":"概念体量示意，非建筑方案或拆改留结论"},"geometry":{"type":"Polygon","coordinates":[[[116.351434,40.007583],[116.351432,40.007865],[116.350507,40.00786],[116.35051,40.007577],[116.351434,40.007583]]]}},{"type":"Feature","id":"BLDG-689","properties":{"id":"BLDG-689","layer":"BUILDING_FOOTPRINT","building_type":"ai_r_and_d","name_zh":"混合功能概念体量","source_type":"agent_generated_design","confidence":"low","geometry_role":"design_proposal","area_sqm_declared":2158.8,"note_zh":"概念体量示意，非建筑方案或拆改留结论"},"geometry":{"type":"Polygon","coordinates":[[[116.353078,40.010311],[116.353075,40.010658],[116.35242,40.010655],[116.352423,40.010307],[116.353078,40.010311]]]}},{"type":"Feature","id":"BLDG-690","properties":{"id":"BLDG-690","layer":"BUILDING_FOOTPRINT","building_type":"ai_r_and_d","name_zh":"混合功能概念体量","source_type":"agent_generated_design","confidence":"low","geometry_role":"design_proposal","area_sqm_declared":1605.9,"note_zh":"概念体量示意，非建筑方案或拆改留结论"},"geometry":{"type":"Polygon","coordinates":[[[116.349657,40.008241],[116.349654,40.008558],[116.349118,40.008555],[116.349121,40.008238],[116.349657,40.008241]]]}},{"type":"Feature","id":"BLDG-691","properties":{"id":"BLDG-691","layer":"BUILDING_FOOTPRINT","building_type":"ai_r_and_d","name_zh":"混合功能概念体量","source_type":"agent_generated_design","confidence":"low","geometry_role":"design_proposal","area_sqm_declared":2095.8,"note_zh":"概念体量示意，非建筑方案或拆改留结论"},"geometry":{"type":"Polygon","coordinates":[[[116.35306,40.009621],[116.353057,40.009973],[116.352429,40.00997],[116.352432,40.009618],[116.35306,40.009621]]]}},{"type":"Feature","id":"BLDG-692","properties":{"id":"BLDG-692","layer":"BUILDING_FOOTPRINT","building_type":"ai_r_and_d","name_zh":"混合功能概念体量","source_type":"agent_generated_design","confidence":"low","geometry_role":"design_proposal","area_sqm_declared":2425.7,"note_zh":"概念体量示意，非建筑方案或拆改留结论"},"geometry":{"type":"Polygon","coordinates":[[[116.350261,40.009413],[116.350257,40.00981],[116.349614,40.009807],[116.349617,40.009409],[116.350261,40.009413]]]}},{"type":"Feature","id":"BLDG-693","properties":{"id":"BLDG-693","layer":"BUILDING_FOOTPRINT","building_type":"ai_r_and_d","name_zh":"混合功能概念体量","source_type":"agent_generated_design","confidence":"low","geometry_role":"design_proposal","area_sqm_declared":3040.1,"note_zh":"概念体量示意，非建筑方案或拆改留结论"},"geometry":{"type":"Polygon","coordinates":[[[116.350594,40.008225],[116.35059,40.008614],[116.349766,40.00861],[116.349769,40.008221],[116.350594,40.008225]]]}},{"type":"Feature","id":"BLDG-694","properties":{"id":"BLDG-694","layer":"BUILDING_FOOTPRINT","building_type":"ai_r_and_d","name_zh":"混合功能概念体量","source_type":"agent_generated_design","confidence":"low","geometry_role":"design_proposal","area_sqm_declared":3068.9,"note_zh":"概念体量示意，非建筑方案或拆改留结论"},"geometry":{"type":"Polygon","coordinates":[[[116.353203,40.008993],[116.353199,40.009417],[116.352436,40.009413],[116.35244,40.008989],[116.353203,40.008993]]]}},{"type":"Feature","id":"BLDG-695","properties":{"id":"BLDG-695","layer":"BUILDING_FOOTPRINT","building_type":"ai_r_and_d","name_zh":"混合功能概念体量","source_type":"agent_generated_design","confidence":"low","geometry_role":"design_proposal","area_sqm_declared":2917.9,"note_zh":"概念体量示意，非建筑方案或拆改留结论"},"geometry":{"type":"Polygon","coordinates":[[[116.349981,40.007576],[116.349977,40.007975],[116.349206,40.007971],[116.34921,40.007572],[116.349981,40.007576]]]}},{"type":"Feature","id":"BLDG-696","properties":{"id":"BLDG-696","layer":"BUILDING_FOOTPRINT","building_type":"ai_r_and_d","name_zh":"混合功能概念体量","source_type":"agent_generated_design","confidence":"low","geometry_role":"design_proposal","area_sqm_declared":1981.4,"note_zh":"概念体量示意，非建筑方案或拆改留结论"},"geometry":{"type":"Polygon","coordinates":[[[116.35263,40.013211],[116.352626,40.013584],[116.352066,40.013581],[116.352069,40.013208],[116.35263,40.013211]]]}},{"type":"Feature","id":"BLDG-697","properties":{"id":"BLDG-697","layer":"BUILDING_FOOTPRINT","building_type":"ai_r_and_d","name_zh":"混合功能概念体量","source_type":"agent_generated_design","confidence":"low","geometry_role":"design_proposal","area_sqm_declared":3891.5,"note_zh":"概念体量示意，非建筑方案或拆改留结论"},"geometry":{"type":"Polygon","coordinates":[[[116.352578,40.011489],[116.352574,40.011939],[116.35166,40.011934],[116.351665,40.011484],[116.352578,40.011489]]]}},{"type":"Feature","id":"BLDG-698","properties":{"id":"BLDG-698","layer":"BUILDING_FOOTPRINT","building_type":"ai_r_and_d","name_zh":"混合功能概念体量","source_type":"agent_generated_design","confidence":"low","geometry_role":"design_proposal","area_sqm_declared":3818.9,"note_zh":"概念体量示意，非建筑方案或拆改留结论"},"geometry":{"type":"Polygon","coordinates":[[[116.350741,40.013553],[116.350737,40.013997],[116.34983,40.013992],[116.349834,40.013548],[116.350741,40.013553]]]}},{"type":"Feature","id":"BLDG-699","properties":{"id":"BLDG-699","layer":"BUILDING_FOOTPRINT","building_type":"ai_r_and_d","name_zh":"混合功能概念体量","source_type":"agent_generated_design","confidence":"low","geometry_role":"design_proposal","area_sqm_declared":2397.8,"note_zh":"概念体量示意，非建筑方案或拆改留结论"},"geometry":{"type":"Polygon","coordinates":[[[116.349734,40.011376],[116.349732,40.011651],[116.34881,40.011645],[116.348813,40.011371],[116.349734,40.011376]]]}},{"type":"Feature","id":"BLDG-700","properties":{"id":"BLDG-700","layer":"BUILDING_FOOTPRINT","building_type":"ai_r_and_d","name_zh":"混合功能概念体量","source_type":"agent_generated_design","confidence":"low","geometry_role":"design_proposal","area_sqm_declared":2115.7,"note_zh":"概念体量示意，非建筑方案或拆改留结论"},"geometry":{"type":"Polygon","coordinates":[[[116.35244,40.012129],[116.352436,40.012545],[116.351899,40.012542],[116.351903,40.012126],[116.35244,40.012129]]]}},{"type":"Feature","id":"BLDG-701","properties":{"id":"BLDG-701","layer":"BUILDING_FOOTPRINT","building_type":"ai_r_and_d","name_zh":"混合功能概念体量","source_type":"agent_generated_design","confidence":"low","geometry_role":"design_proposal","area_sqm_declared":1901.1,"note_zh":"概念体量示意，非建筑方案或拆改留结论"},"geometry":{"type":"Polygon","coordinates":[[[116.353245,40.011776],[116.353242,40.012092],[116.352608,40.012089],[116.352611,40.011773],[116.353245,40.011776]]]}},{"type":"Feature","id":"BLDG-702","properties":{"id":"BLDG-702","layer":"BUILDING_FOOTPRINT","building_type":"ai_r_and_d","name_zh":"混合功能概念体量","source_type":"agent_generated_design","confidence":"low","geometry_role":"design_proposal","area_sqm_declared":3092.6,"note_zh":"概念体量示意，非建筑方案或拆改留结论"},"geometry":{"type":"Polygon","coordinates":[[[116.353289,40.013626],[116.353286,40.013998],[116.352408,40.013993],[116.352411,40.013621],[116.353289,40.013626]]]}},{"type":"Feature","id":"BLDG-703","properties":{"id":"BLDG-703","layer":"BUILDING_FOOTPRINT","building_type":"ai_r_and_d","name_zh":"混合功能概念体量","source_type":"agent_generated_design","confidence":"low","geometry_role":"design_proposal","area_sqm_declared":2454.2,"note_zh":"概念体量示意，非建筑方案或拆改留结论"},"geometry":{"type":"Polygon","coordinates":[[[116.351349,40.012696],[116.351345,40.013063],[116.350639,40.013059],[116.350642,40.012692],[116.351349,40.012696]]]}},{"type":"Feature","id":"BLDG-704","properties":{"id":"BLDG-704","layer":"BUILDING_FOOTPRINT","building_type":"ai_r_and_d","name_zh":"混合功能概念体量","source_type":"agent_generated_design","confidence":"low","geometry_role":"design_proposal","area_sqm_declared":2555.7,"note_zh":"概念体量示意，非建筑方案或拆改留结论"},"geometry":{"type":"Polygon","coordinates":[[[116.351662,40.014073],[116.35166,40.014331],[116.350616,40.014326],[116.350618,40.014067],[116.351662,40.014073]]]}},{"type":"Feature","id":"BLDG-705","properties":{"id":"BLDG-705","layer":"BUILDING_FOOTPRINT","building_type":"ai_r_and_d","name_zh":"混合功能概念体量","source_type":"agent_generated_design","confidence":"low","geometry_role":"design_proposal","area_sqm_declared":2046.5,"note_zh":"概念体量示意，非建筑方案或拆改留结论"},"geometry":{"type":"Polygon","coordinates":[[[116.351703,40.013379],[116.351699,40.013737],[116.351096,40.013733],[116.351099,40.013376],[116.351703,40.013379]]]}},{"type":"Feature","id":"BLDG-706","properties":{"id":"BLDG-706","layer":"BUILDING_FOOTPRINT","building_type":"ai_r_and_d","name_zh":"混合功能概念体量","source_type":"agent_generated_design","confidence":"low","geometry_role":"design_proposal","area_sqm_declared":3490.5,"note_zh":"概念体量示意，非建筑方案或拆改留结论"},"geometry":{"type":"Polygon","coordinates":[[[116.353168,40.012745],[116.353164,40.01317],[116.352297,40.013165],[116.352301,40.01274],[116.353168,40.012745]]]}},{"type":"Feature","id":"BLDG-707","properties":{"id":"BLDG-707","layer":"BUILDING_FOOTPRINT","building_type":"ai_r_and_d","name_zh":"混合功能概念体量","source_type":"agent_generated_design","confidence":"low","geometry_role":"design_proposal","area_sqm_declared":1648.9,"note_zh":"概念体量示意，非建筑方案或拆改留结论"},"geometry":{"type":"Polygon","coordinates":[[[116.353171,40.014239],[116.353168,40.014499],[116.3525,40.014495],[116.352503,40.014235],[116.353171,40.014239]]]}},{"type":"Feature","id":"BLDG-708","properties":{"id":"BLDG-708","layer":"BUILDING_FOOTPRINT","building_type":"ai_r_and_d","name_zh":"混合功能概念体量","source_type":"agent_generated_design","confidence":"low","geometry_role":"design_proposal","area_sqm_declared":3377.6,"note_zh":"概念体量示意，非建筑方案或拆改留结论"},"geometry":{"type":"Polygon","coordinates":[[[116.351264,40.015721],[116.35126,40.016078],[116.350263,40.016073],[116.350266,40.015716],[116.351264,40.015721]]]}},{"type":"Feature","id":"BLDG-709","properties":{"id":"BLDG-709","layer":"BUILDING_FOOTPRINT","building_type":"ai_r_and_d","name_zh":"混合功能概念体量","source_type":"agent_generated_design","confidence":"low","geometry_role":"design_proposal","area_sqm_declared":2177.0,"note_zh":"概念体量示意，非建筑方案或拆改留结论"},"geometry":{"type":"Polygon","coordinates":[[[116.352482,40.015816],[116.35248,40.016094],[116.351653,40.01609],[116.351656,40.015812],[116.352482,40.015816]]]}},{"type":"Feature","id":"BLDG-710","properties":{"id":"BLDG-710","layer":"BUILDING_FOOTPRINT","building_type":"ai_r_and_d","name_zh":"混合功能概念体量","source_type":"agent_generated_design","confidence":"low","geometry_role":"design_proposal","area_sqm_declared":2449.6,"note_zh":"概念体量示意，非建筑方案或拆改留结论"},"geometry":{"type":"Polygon","coordinates":[[[116.350615,40.017295],[116.350612,40.017567],[116.349663,40.017562],[116.349666,40.01729],[116.350615,40.017295]]]}},{"type":"Feature","id":"BLDG-711","properties":{"id":"BLDG-711","layer":"BUILDING_FOOTPRINT","building_type":"ai_r_and_d","name_zh":"混合功能概念体量","source_type":"agent_generated_design","confidence":"low","geometry_role":"design_proposal","area_sqm_declared":3414.9,"note_zh":"概念体量示意，非建筑方案或拆改留结论"},"geometry":{"type":"Polygon","coordinates":[[[116.35176,40.017727],[116.351756,40.01811],[116.350814,40.018104],[116.350818,40.017722],[116.35176,40.017727]]]}},{"type":"Feature","id":"BLDG-712","properties":{"id":"BLDG-712","layer":"BUILDING_FOOTPRINT","building_type":"ai_r_and_d","name_zh":"混合功能概念体量","source_type":"agent_generated_design","confidence":"low","geometry_role":"design_proposal","area_sqm_declared":2757.4,"note_zh":"概念体量示意，非建筑方案或拆改留结论"},"geometry":{"type":"Polygon","coordinates":[[[116.352949,40.017084],[116.352946,40.01737],[116.351929,40.017364],[116.351931,40.017078],[116.352949,40.017084]]]}},{"type":"Feature","id":"BLDG-713","properties":{"id":"BLDG-713","layer":"BUILDING_FOOTPRINT","building_type":"ai_r_and_d","name_zh":"混合功能概念体量","source_type":"agent_generated_design","confidence":"low","geometry_role":"design_proposal","area_sqm_declared":1488.5,"note_zh":"概念体量示意，非建筑方案或拆改留结论"},"geometry":{"type":"Polygon","coordinates":[[[116.349644,40.016355],[116.349641,40.01661],[116.349025,40.016606],[116.349027,40.016352],[116.349644,40.016355]]]}},{"type":"Feature","id":"BLDG-714","properties":{"id":"BLDG-714","layer":"BUILDING_FOOTPRINT","building_type":"ai_r_and_d","name_zh":"混合功能概念体量","source_type":"agent_generated_design","confidence":"low","geometry_role":"design_proposal","area_sqm_declared":3076.5,"note_zh":"概念体量示意，非建筑方案或拆改留结论"},"geometry":{"type":"Polygon","coordinates":[[[116.352252,40.015127],[116.352248,40.015522],[116.351427,40.015518],[116.351431,40.015123],[116.352252,40.015127]]]}},{"type":"Feature","id":"BLDG-715","properties":{"id":"BLDG-715","layer":"BUILDING_FOOTPRINT","building_type":"ai_r_and_d","name_zh":"混合功能概念体量","source_type":"agent_generated_design","confidence":"low","geometry_role":"design_proposal","area_sqm_declared":3224.9,"note_zh":"概念体量示意，非建筑方案或拆改留结论"},"geometry":{"type":"Polygon","coordinates":[[[116.353199,40.016388],[116.353195,40.016833],[116.35243,40.016829],[116.352435,40.016384],[116.353199,40.016388]]]}},{"type":"Feature","id":"BLDG-716","properties":{"id":"BLDG-716","layer":"BUILDING_FOOTPRINT","building_type":"ai_r_and_d","name_zh":"混合功能概念体量","source_type":"agent_generated_design","confidence":"low","geometry_role":"design_proposal","area_sqm_declared":2219.0,"note_zh":"概念体量示意，非建筑方案或拆改留结论"},"geometry":{"type":"Polygon","coordinates":[[[116.351771,40.016664],[116.351769,40.016921],[116.350858,40.016916],[116.35086,40.016659],[116.351771,40.016664]]]}},{"type":"Feature","id":"BLDG-717","properties":{"id":"BLDG-717","layer":"BUILDING_FOOTPRINT","building_type":"ai_r_and_d","name_zh":"混合功能概念体量","source_type":"agent_generated_design","confidence":"low","geometry_role":"design_proposal","area_sqm_declared":2065.6,"note_zh":"概念体量示意，非建筑方案或拆改留结论"},"geometry":{"type":"Polygon","coordinates":[[[116.349932,40.015675],[116.349929,40.016007],[116.349271,40.016003],[116.349275,40.015672],[116.349932,40.015675]]]}},{"type":"Feature","id":"BLDG-718","properties":{"id":"BLDG-718","layer":"BUILDING_FOOTPRINT","building_type":"ai_r_and_d","name_zh":"混合功能概念体量","source_type":"agent_generated_design","confidence":"low","geometry_role":"design_proposal","area_sqm_declared":2150.7,"note_zh":"概念体量示意，非建筑方案或拆改留结论"},"geometry":{"type":"Polygon","coordinates":[[[116.349956,40.01764],[116.349954,40.017911],[116.349117,40.017906],[116.34912,40.017635],[116.349956,40.01764]]]}},{"type":"Feature","id":"BLDG-719","properties":{"id":"BLDG-719","layer":"BUILDING_FOOTPRINT","building_type":"ai_r_and_d","name_zh":"混合功能概念体量","source_type":"agent_generated_design","confidence":"low","geometry_role":"design_proposal","area_sqm_declared":2863.1,"note_zh":"概念体量示意，非建筑方案或拆改留结论"},"geometry":{"type":"Polygon","coordinates":[[[116.350128,40.014758],[116.350124,40.015128],[116.349308,40.015124],[116.349312,40.014754],[116.350128,40.014758]]]}},{"type":"Feature","id":"BLDG-720","properties":{"id":"BLDG-720","layer":"BUILDING_FOOTPRINT","building_type":"ai_r_and_d","name_zh":"混合功能概念体量","source_type":"agent_generated_design","confidence":"low","geometry_role":"design_proposal","area_sqm_declared":1413.0,"note_zh":"概念体量示意，非建筑方案或拆改留结论"},"geometry":{"type":"Polygon","coordinates":[[[116.350747,40.01911],[116.350745,40.019371],[116.350173,40.019368],[116.350176,40.019107],[116.350747,40.01911]]]}},{"type":"Feature","id":"BLDG-721","properties":{"id":"BLDG-721","layer":"BUILDING_FOOTPRINT","building_type":"ai_r_and_d","name_zh":"混合功能概念体量","source_type":"agent_generated_design","confidence":"low","geometry_role":"design_proposal","area_sqm_declared":3923.3,"note_zh":"概念体量示意，非建筑方案或拆改留结论"},"geometry":{"type":"Polygon","coordinates":[[[116.350315,40.018586],[116.350312,40.018986],[116.349277,40.01898],[116.349281,40.01858],[116.350315,40.018586]]]}},{"type":"Feature","id":"BLDG-722","properties":{"id":"BLDG-722","layer":"BUILDING_FOOTPRINT","building_type":"ai_r_and_d","name_zh":"混合功能概念体量","source_type":"agent_generated_design","confidence":"low","geometry_role":"design_proposal","area_sqm_declared":3964.2,"note_zh":"概念体量示意，非建筑方案或拆改留结论"},"geometry":{"type":"Polygon","coordinates":[[[116.349829,40.020856],[116.349825,40.021276],[116.348831,40.021271],[116.348835,40.02085],[116.349829,40.020856]]]}},{"type":"Feature","id":"BLDG-723","properties":{"id":"BLDG-723","layer":"BUILDING_FOOTPRINT","building_type":"ai_r_and_d","name_zh":"混合功能概念体量","source_type":"agent_generated_design","confidence":"low","geometry_role":"design_proposal","area_sqm_declared":3268.3,"note_zh":"概念体量示意，非建筑方案或拆改留结论"},"geometry":{"type":"Polygon","coordinates":[[[116.352284,40.019282],[116.35228,40.019689],[116.351432,40.019684],[116.351436,40.019277],[116.352284,40.019282]]]}},{"type":"Feature","id":"BLDG-724","properties":{"id":"BLDG-724","layer":"BUILDING_FOOTPRINT","building_type":"ai_r_and_d","name_zh":"混合功能概念体量","source_type":"agent_generated_design","confidence":"low","geometry_role":"design_proposal","area_sqm_declared":2417.7,"note_zh":"概念体量示意，非建筑方案或拆改留结论"},"geometry":{"type":"Polygon","coordinates":[[[116.353167,40.018542],[116.353164,40.018802],[116.352186,40.018797],[116.352188,40.018536],[116.353167,40.018542]]]}},{"type":"Feature","id":"BLDG-725","properties":{"id":"BLDG-725","layer":"BUILDING_FOOTPRINT","building_type":"ai_r_and_d","name_zh":"混合功能概念体量","source_type":"agent_generated_design","confidence":"low","geometry_role":"design_proposal","area_sqm_declared":2871.6,"note_zh":"概念体量示意，非建筑方案或拆改留结论"},"geometry":{"type":"Polygon","coordinates":[[[116.351934,40.021182],[116.35193,40.021527],[116.351053,40.021522],[116.351056,40.021177],[116.351934,40.021182]]]}},{"type":"Feature","id":"BLDG-726","properties":{"id":"BLDG-726","layer":"BUILDING_FOOTPRINT","building_type":"ai_r_and_d","name_zh":"混合功能概念体量","source_type":"agent_generated_design","confidence":"low","geometry_role":"design_proposal","area_sqm_declared":2787.9,"note_zh":"概念体量示意，非建筑方案或拆改留结论"},"geometry":{"type":"Polygon","coordinates":[[[116.350724,40.020841],[116.35072,40.021229],[116.349964,40.021225],[116.349968,40.020836],[116.350724,40.020841]]]}},{"type":"Feature","id":"BLDG-727","properties":{"id":"BLDG-727","layer":"BUILDING_FOOTPRINT","building_type":"ai_r_and_d","name_zh":"混合功能概念体量","source_type":"agent_generated_design","confidence":"low","geometry_role":"design_proposal","area_sqm_declared":2442.3,"note_zh":"概念体量示意，非建筑方案或拆改留结论"},"geometry":{"type":"Polygon","coordinates":[[[116.351226,40.020366],[116.351223,40.020654],[116.350328,40.020649],[116.350331,40.020361],[116.351226,40.020366]]]}},{"type":"Feature","id":"BLDG-728","properties":{"id":"BLDG-728","layer":"BUILDING_FOOTPRINT","building_type":"ai_r_and_d","name_zh":"混合功能概念体量","source_type":"agent_generated_design","confidence":"low","geometry_role":"design_proposal","area_sqm_declared":2763.8,"note_zh":"概念体量示意，非建筑方案或拆改留结论"},"geometry":{"type":"Polygon","coordinates":[[[116.350964,40.019616],[116.35096,40.020023],[116.350243,40.020019],[116.350247,40.019612],[116.350964,40.019616]]]}},{"type":"Feature","id":"BLDG-729","properties":{"id":"BLDG-729","layer":"BUILDING_FOOTPRINT","building_type":"ai_r_and_d","name_zh":"混合功能概念体量","source_type":"agent_generated_design","confidence":"low","geometry_role":"design_proposal","area_sqm_declared":2869.6,"note_zh":"概念体量示意，非建筑方案或拆改留结论"},"geometry":{"type":"Polygon","coordinates":[[[116.349615,40.019134],[116.349612,40.019465],[116.348697,40.01946],[116.3487,40.019129],[116.349615,40.019134]]]}},{"type":"Feature","id":"BLDG-730","properties":{"id":"BLDG-730","layer":"BUILDING_FOOTPRINT","building_type":"ai_r_and_d","name_zh":"混合功能概念体量","source_type":"agent_generated_design","confidence":"low","geometry_role":"design_proposal","area_sqm_declared":3499.0,"note_zh":"概念体量示意，非建筑方案或拆改留结论"},"geometry":{"type":"Polygon","coordinates":[[[116.353172,40.020959],[116.353168,40.021374],[116.352278,40.021369],[116.352281,40.020954],[116.353172,40.020959]]]}},{"type":"Feature","id":"BLDG-731","properties":{"id":"BLDG-731","layer":"BUILDING_FOOTPRINT","building_type":"ai_r_and_d","name_zh":"混合功能概念体量","source_type":"agent_generated_design","confidence":"low","geometry_role":"design_proposal","area_sqm_declared":2996.7,"note_zh":"概念体量示意，非建筑方案或拆改留结论"},"geometry":{"type":"Polygon","coordinates":[[[116.352268,40.020496],[116.352264,40.020862],[116.351402,40.020858],[116.351406,40.020491],[116.352268,40.020496]]]}},{"type":"Feature","id":"BLDG-732","properties":{"id":"BLDG-732","layer":"BUILDING_FOOTPRINT","building_type":"ai_r_and_d","name_zh":"混合功能概念体量","source_type":"agent_generated_design","confidence":"low","geometry_role":"design_proposal","area_sqm_declared":1944.9,"note_zh":"概念体量示意，非建筑方案或拆改留结论"},"geometry":{"type":"Polygon","coordinates":[[[116.351357,40.022754],[116.351355,40.023036],[116.350627,40.023032],[116.35063,40.02275],[116.351357,40.022754]]]}},{"type":"Feature","id":"BLDG-733","properties":{"id":"BLDG-733","layer":"BUILDING_FOOTPRINT","building_type":"ai_r_and_d","name_zh":"混合功能概念体量","source_type":"agent_generated_design","confidence":"low","geometry_role":"design_proposal","area_sqm_declared":3170.7,"note_zh":"概念体量示意，非建筑方案或拆改留结论"},"geometry":{"type":"Polygon","coordinates":[[[116.351728,40.024177],[116.351724,40.024541],[116.350804,40.024536],[116.350808,40.024172],[116.351728,40.024177]]]}},{"type":"Feature","id":"BLDG-734","properties":{"id":"BLDG-734","layer":"BUILDING_FOOTPRINT","building_type":"ai_r_and_d","name_zh":"混合功能概念体量","source_type":"agent_generated_design","confidence":"low","geometry_role":"design_proposal","area_sqm_declared":2419.8,"note_zh":"概念体量示意，非建筑方案或拆改留结论"},"geometry":{"type":"Polygon","coordinates":[[[116.352521,40.023684],[116.352518,40.023955],[116.351575,40.023949],[116.351578,40.023679],[116.352521,40.023684]]]}},{"type":"Feature","id":"BLDG-735","properties":{"id":"BLDG-735","layer":"BUILDING_FOOTPRINT","building_type":"ai_r_and_d","name_zh":"混合功能概念体量","source_type":"agent_generated_design","confidence":"low","geometry_role":"design_proposal","area_sqm_declared":2968.3,"note_zh":"概念体量示意，非建筑方案或拆改留结论"},"geometry":{"type":"Polygon","coordinates":[[[116.352791,40.024421],[116.352787,40.024826],[116.352013,40.024821],[116.352017,40.024417],[116.352791,40.024421]]]}},{"type":"Feature","id":"BLDG-736","properties":{"id":"BLDG-736","layer":"BUILDING_FOOTPRINT","building_type":"ai_r_and_d","name_zh":"混合功能概念体量","source_type":"agent_generated_design","confidence":"low","geometry_role":"design_proposal","area_sqm_declared":2241.9,"note_zh":"概念体量示意，非建筑方案或拆改留结论"},"geometry":{"type":"Polygon","coordinates":[[[116.349957,40.02357],[116.349953,40.023997],[116.349398,40.023994],[116.349402,40.023567],[116.349957,40.02357]]]}},{"type":"Feature","id":"BLDG-737","properties":{"id":"BLDG-737","layer":"BUILDING_FOOTPRINT","building_type":"ai_r_and_d","name_zh":"混合功能概念体量","source_type":"agent_generated_design","confidence":"low","geometry_role":"design_proposal","area_sqm_declared":1552.7,"note_zh":"概念体量示意，非建筑方案或拆改留结论"},"geometry":{"type":"Polygon","coordinates":[[[116.349607,40.022168],[116.349604,40.02246],[116.349044,40.022457],[116.349047,40.022165],[116.349607,40.022168]]]}},{"type":"Feature","id":"BLDG-738","properties":{"id":"BLDG-738","layer":"BUILDING_FOOTPRINT","building_type":"ai_r_and_d","name_zh":"混合功能概念体量","source_type":"agent_generated_design","confidence":"low","geometry_role":"design_proposal","area_sqm_declared":3093.9,"note_zh":"概念体量示意，非建筑方案或拆改留结论"},"geometry":{"type":"Polygon","coordinates":[[[116.35259,40.021936],[116.352586,40.022351],[116.351799,40.022346],[116.351803,40.021931],[116.35259,40.021936]]]}},{"type":"Feature","id":"BLDG-739","properties":{"id":"BLDG-739","layer":"BUILDING_FOOTPRINT","building_type":"ai_r_and_d","name_zh":"混合功能概念体量","source_type":"agent_generated_design","confidence":"low","geometry_role":"design_proposal","area_sqm_declared":2085.1,"note_zh":"概念体量示意，非建筑方案或拆改留结论"},"geometry":{"type":"Polygon","coordinates":[[[116.353081,40.022817],[116.353078,40.023132],[116.352382,40.023128],[116.352385,40.022813],[116.353081,40.022817]]]}},{"type":"Feature","id":"BLDG-740","properties":{"id":"BLDG-740","layer":"BUILDING_FOOTPRINT","building_type":"ai_r_and_d","name_zh":"混合功能概念体量","source_type":"agent_generated_design","confidence":"low","geometry_role":"design_proposal","area_sqm_declared":2853.8,"note_zh":"概念体量示意，非建筑方案或拆改留结论"},"geometry":{"type":"Polygon","coordinates":[[[116.350046,40.02448],[116.350043,40.024844],[116.349215,40.024839],[116.349219,40.024475],[116.350046,40.02448]]]}},{"type":"Feature","id":"BLDG-741","properties":{"id":"BLDG-741","layer":"BUILDING_FOOTPRINT","building_type":"ai_r_and_d","name_zh":"混合功能概念体量","source_type":"agent_generated_design","confidence":"low","geometry_role":"design_proposal","area_sqm_declared":2614.4,"note_zh":"概念体量示意，非建筑方案或拆改留结论"},"geometry":{"type":"Polygon","coordinates":[[[116.351497,40.022178],[116.351492,40.022617],[116.350864,40.022614],[116.350869,40.022175],[116.351497,40.022178]]]}},{"type":"Feature","id":"BLDG-742","properties":{"id":"BLDG-742","layer":"BUILDING_FOOTPRINT","building_type":"ai_r_and_d","name_zh":"混合功能概念体量","source_type":"agent_generated_design","confidence":"low","geometry_role":"design_proposal","area_sqm_declared":1743.2,"note_zh":"概念体量示意，非建筑方案或拆改留结论"},"geometry":{"type":"Polygon","coordinates":[[[116.352271,40.0229],[116.352268,40.023234],[116.351717,40.023231],[116.351721,40.022897],[116.352271,40.0229]]]}},{"type":"Feature","id":"BLDG-743","properties":{"id":"BLDG-743","layer":"BUILDING_FOOTPRINT","building_type":"ai_r_and_d","name_zh":"混合功能概念体量","source_type":"agent_generated_design","confidence":"low","geometry_role":"design_proposal","area_sqm_declared":3253.6,"note_zh":"概念体量示意，非建筑方案或拆改留结论"},"geometry":{"type":"Polygon","coordinates":[[[116.350211,40.022822],[116.350208,40.023178],[116.349245,40.023173],[116.349248,40.022817],[116.350211,40.022822]]]}},{"type":"Feature","id":"BLDG-744","properties":{"id":"BLDG-744","layer":"BUILDING_FOOTPRINT","building_type":"mixed_use","name_zh":"混合功能概念体量","source_type":"agent_generated_design","confidence":"low","geometry_role":"design_proposal","area_sqm_declared":2229.1,"note_zh":"概念体量示意，非建筑方案或拆改留结论"},"geometry":{"type":"Polygon","coordinates":[[[116.355207,39.95958],[116.355204,39.959918],[116.354509,39.959914],[116.354512,39.959576],[116.355207,39.95958]]]}},{"type":"Feature","id":"BLDG-745","properties":{"id":"BLDG-745","layer":"BUILDING_FOOTPRINT","building_type":"mixed_use","name_zh":"混合功能概念体量","source_type":"agent_generated_design","confidence":"low","geometry_role":"design_proposal","area_sqm_declared":2175.6,"note_zh":"概念体量示意，非建筑方案或拆改留结论"},"geometry":{"type":"Polygon","coordinates":[[[116.354881,39.957862],[116.354878,39.958254],[116.354293,39.958251],[116.354297,39.957859],[116.354881,39.957862]]]}},{"type":"Feature","id":"BLDG-746","properties":{"id":"BLDG-746","layer":"BUILDING_FOOTPRINT","building_type":"mixed_use","name_zh":"混合功能概念体量","source_type":"agent_generated_design","confidence":"low","geometry_role":"design_proposal","area_sqm_declared":2003.5,"note_zh":"概念体量示意，非建筑方案或拆改留结论"},"geometry":{"type":"Polygon","coordinates":[[[116.355184,39.957192],[116.355181,39.957568],[116.354619,39.957565],[116.354622,39.957189],[116.355184,39.957192]]]}},{"type":"Feature","id":"BLDG-747","properties":{"id":"BLDG-747","layer":"BUILDING_FOOTPRINT","building_type":"mixed_use","name_zh":"混合功能概念体量","source_type":"agent_generated_design","confidence":"low","geometry_role":"design_proposal","area_sqm_declared":2603.1,"note_zh":"概念体量示意，非建筑方案或拆改留结论"},"geometry":{"type":"Polygon","coordinates":[[[116.35518,39.959995],[116.355176,39.960383],[116.35447,39.960379],[116.354474,39.959991],[116.35518,39.959995]]]}},{"type":"Feature","id":"BLDG-748","properties":{"id":"BLDG-748","layer":"BUILDING_FOOTPRINT","building_type":"mixed_use","name_zh":"混合功能概念体量","source_type":"agent_generated_design","confidence":"low","geometry_role":"design_proposal","area_sqm_declared":3442.9,"note_zh":"概念体量示意，非建筑方案或拆改留结论"},"geometry":{"type":"Polygon","coordinates":[[[116.355005,39.959088],[116.355002,39.959451],[116.354002,39.959445],[116.354006,39.959082],[116.355005,39.959088]]]}},{"type":"Feature","id":"BLDG-749","properties":{"id":"BLDG-749","layer":"BUILDING_FOOTPRINT","building_type":"mixed_use","name_zh":"混合功能概念体量","source_type":"agent_generated_design","confidence":"low","geometry_role":"design_proposal","area_sqm_declared":3002.3,"note_zh":"概念体量示意，非建筑方案或拆改留结论"},"geometry":{"type":"Polygon","coordinates":[[[116.354871,39.958593],[116.354868,39.958933],[116.353938,39.958928],[116.353941,39.958587],[116.354871,39.958593]]]}},{"type":"Feature","id":"BLDG-750","properties":{"id":"BLDG-750","layer":"BUILDING_FOOTPRINT","building_type":"mixed_use","name_zh":"混合功能概念体量","source_type":"agent_generated_design","confidence":"low","geometry_role":"design_proposal","area_sqm_declared":3565.9,"note_zh":"概念体量示意，非建筑方案或拆改留结论"},"geometry":{"type":"Polygon","coordinates":[[[116.355138,39.961098],[116.355134,39.961491],[116.354177,39.961486],[116.35418,39.961093],[116.355138,39.961098]]]}},{"type":"Feature","id":"BLDG-751","properties":{"id":"BLDG-751","layer":"BUILDING_FOOTPRINT","building_type":"mixed_use","name_zh":"混合功能概念体量","source_type":"agent_generated_design","confidence":"low","geometry_role":"design_proposal","area_sqm_declared":2639.4,"note_zh":"概念体量示意，非建筑方案或拆改留结论"},"geometry":{"type":"Polygon","coordinates":[[[116.35509,39.961895],[116.355088,39.96217],[116.354075,39.962164],[116.354077,39.961889],[116.35509,39.961895]]]}},{"type":"Feature","id":"BLDG-752","properties":{"id":"BLDG-752","layer":"BUILDING_FOOTPRINT","building_type":"mixed_use","name_zh":"混合功能概念体量","source_type":"agent_generated_design","confidence":"low","geometry_role":"design_proposal","area_sqm_declared":2391.2,"note_zh":"概念体量示意，非建筑方案或拆改留结论"},"geometry":{"type":"Polygon","coordinates":[[[116.355101,39.962396],[116.355099,39.962689],[116.354237,39.962684],[116.35424,39.962391],[116.355101,39.962396]]]}},{"type":"Feature","id":"BLDG-753","properties":{"id":"BLDG-753","layer":"BUILDING_FOOTPRINT","building_type":"mixed_use","name_zh":"混合功能概念体量","source_type":"agent_generated_design","confidence":"low","geometry_role":"design_proposal","area_sqm_declared":2193.0,"note_zh":"概念体量示意，非建筑方案或拆改留结论"},"geometry":{"type":"Polygon","coordinates":[[[116.355106,39.963791],[116.355103,39.964071],[116.354279,39.964067],[116.354281,39.963786],[116.355106,39.963791]]]}},{"type":"Feature","id":"BLDG-754","properties":{"id":"BLDG-754","layer":"BUILDING_FOOTPRINT","building_type":"mixed_use","name_zh":"混合功能概念体量","source_type":"agent_generated_design","confidence":"low","geometry_role":"design_proposal","area_sqm_declared":3411.7,"note_zh":"概念体量示意，非建筑方案或拆改留结论"},"geometry":{"type":"Polygon","coordinates":[[[116.355131,39.96319],[116.355128,39.963555],[116.354142,39.963549],[116.354145,39.963184],[116.355131,39.96319]]]}},{"type":"Feature","id":"BLDG-755","properties":{"id":"BLDG-755","layer":"BUILDING_FOOTPRINT","building_type":"mixed_use","name_zh":"混合功能概念体量","source_type":"agent_generated_design","confidence":"low","geometry_role":"design_proposal","area_sqm_declared":1832.8,"note_zh":"概念体量示意，非建筑方案或拆改留结论"},"geometry":{"type":"Polygon","coordinates":[[[116.3552,39.962752],[116.355197,39.963034],[116.354513,39.96303],[116.354515,39.962748],[116.3552,39.962752]]]}},{"type":"Feature","id":"BLDG-756","properties":{"id":"BLDG-756","layer":"BUILDING_FOOTPRINT","building_type":"mixed_use","name_zh":"混合功能概念体量","source_type":"agent_generated_design","confidence":"low","geometry_role":"design_proposal","area_sqm_declared":3416.8,"note_zh":"概念体量示意，非建筑方案或拆改留结论"},"geometry":{"type":"Polygon","coordinates":[[[116.355276,39.964882],[116.355272,39.965264],[116.354328,39.965259],[116.354332,39.964877],[116.355276,39.964882]]]}},{"type":"Feature","id":"BLDG-757","properties":{"id":"BLDG-757","layer":"BUILDING_FOOTPRINT","building_type":"mixed_use","name_zh":"混合功能概念体量","source_type":"agent_generated_design","confidence":"low","geometry_role":"design_proposal","area_sqm_declared":2632.9,"note_zh":"概念体量示意，非建筑方案或拆改留结论"},"geometry":{"type":"Polygon","coordinates":[[[116.355102,39.966945],[116.355099,39.967236],[116.354145,39.96723],[116.354148,39.966939],[116.355102,39.966945]]]}},{"type":"Feature","id":"BLDG-758","properties":{"id":"BLDG-758","layer":"BUILDING_FOOTPRINT","building_type":"mixed_use","name_zh":"混合功能概念体量","source_type":"agent_generated_design","confidence":"low","geometry_role":"design_proposal","area_sqm_declared":2207.6,"note_zh":"概念体量示意，非建筑方案或拆改留结论"},"geometry":{"type":"Polygon","coordinates":[[[116.355225,39.96537],[116.355223,39.965632],[116.354333,39.965627],[116.354336,39.965365],[116.355225,39.96537]]]}},{"type":"Feature","id":"BLDG-759","properties":{"id":"BLDG-759","layer":"BUILDING_FOOTPRINT","building_type":"mixed_use","name_zh":"混合功能概念体量","source_type":"agent_generated_design","confidence":"low","geometry_role":"design_proposal","area_sqm_declared":2387.7,"note_zh":"概念体量示意，非建筑方案或拆改留结论"},"geometry":{"type":"Polygon","coordinates":[[[116.354614,39.966489],[116.35461,39.96693],[116.354038,39.966926],[116.354042,39.966486],[116.354614,39.966489]]]}},{"type":"Feature","id":"BLDG-760","properties":{"id":"BLDG-760","layer":"BUILDING_FOOTPRINT","building_type":"mixed_use","name_zh":"混合功能概念体量","source_type":"agent_generated_design","confidence":"low","geometry_role":"design_proposal","area_sqm_declared":2115.7,"note_zh":"概念体量示意，非建筑方案或拆改留结论"},"geometry":{"type":"Polygon","coordinates":[[[116.354714,39.965777],[116.354711,39.966083],[116.353983,39.966079],[116.353986,39.965773],[116.354714,39.965777]]]}},{"type":"Feature","id":"BLDG-761","properties":{"id":"BLDG-761","layer":"BUILDING_FOOTPRINT","building_type":"mixed_use","name_zh":"混合功能概念体量","source_type":"agent_generated_design","confidence":"low","geometry_role":"design_proposal","area_sqm_declared":2760.7,"note_zh":"概念体量示意，非建筑方案或拆改留结论"},"geometry":{"type":"Polygon","coordinates":[[[116.355077,39.964536],[116.355075,39.964821],[116.354052,39.964815],[116.354054,39.96453],[116.355077,39.964536]]]}},{"type":"Feature","id":"BLDG-762","properties":{"id":"BLDG-762","layer":"BUILDING_FOOTPRINT","building_type":"ai_r_and_d","name_zh":"混合功能概念体量","source_type":"agent_generated_design","confidence":"low","geometry_role":"design_proposal","area_sqm_declared":1822.0,"note_zh":"概念体量示意，非建筑方案或拆改留结论"},"geometry":{"type":"Polygon","coordinates":[[[116.354693,40.01748],[116.35469,40.017757],[116.353995,40.017753],[116.353998,40.017476],[116.354693,40.01748]]]}},{"type":"Feature","id":"BLDG-763","properties":{"id":"BLDG-763","layer":"BUILDING_FOOTPRINT","building_type":"ai_r_and_d","name_zh":"混合功能概念体量","source_type":"agent_generated_design","confidence":"low","geometry_role":"design_proposal","area_sqm_declared":3647.9,"note_zh":"概念体量示意，非建筑方案或拆改留结论"},"geometry":{"type":"Polygon","coordinates":[[[116.354689,40.015347],[116.354684,40.015794],[116.353823,40.015789],[116.353827,40.015342],[116.354689,40.015347]]]}},{"type":"Feature","id":"BLDG-764","properties":{"id":"BLDG-764","layer":"BUILDING_FOOTPRINT","building_type":"ai_r_and_d","name_zh":"混合功能概念体量","source_type":"agent_generated_design","confidence":"low","geometry_role":"design_proposal","area_sqm_declared":2381.5,"note_zh":"概念体量示意，非建筑方案或拆改留结论"},"geometry":{"type":"Polygon","coordinates":[[[116.354498,40.017068],[116.354496,40.017339],[116.353568,40.017333],[116.353571,40.017063],[116.354498,40.017068]]]}},{"type":"Feature","id":"BLDG-765","properties":{"id":"BLDG-765","layer":"BUILDING_FOOTPRINT","building_type":"ai_r_and_d","name_zh":"混合功能概念体量","source_type":"agent_generated_design","confidence":"low","geometry_role":"design_proposal","area_sqm_declared":2346.1,"note_zh":"概念体量示意，非建筑方案或拆改留结论"},"geometry":{"type":"Polygon","coordinates":[[[116.35451,40.015983],[116.354506,40.016353],[116.353838,40.016349],[116.353841,40.015979],[116.35451,40.015983]]]}},{"type":"Feature","id":"BLDG-766","properties":{"id":"BLDG-766","layer":"BUILDING_FOOTPRINT","building_type":"ai_r_and_d","name_zh":"混合功能概念体量","source_type":"agent_generated_design","confidence":"low","geometry_role":"design_proposal","area_sqm_declared":3415.6,"note_zh":"概念体量示意，非建筑方案或拆改留结论"},"geometry":{"type":"Polygon","coordinates":[[[116.354462,40.014717],[116.354458,40.015156],[116.353636,40.015151],[116.35364,40.014713],[116.354462,40.014717]]]}},{"type":"Feature","id":"BLDG-767","properties":{"id":"BLDG-767","layer":"BUILDING_FOOTPRINT","building_type":"ai_r_and_d","name_zh":"混合功能概念体量","source_type":"agent_generated_design","confidence":"low","geometry_role":"design_proposal","area_sqm_declared":2826.1,"note_zh":"概念体量示意，非建筑方案或拆改留结论"},"geometry":{"type":"Polygon","coordinates":[[[116.354187,40.016508],[116.354184,40.016889],[116.353403,40.016885],[116.353407,40.016503],[116.354187,40.016508]]]}},{"type":"Feature","id":"BLDG-768","properties":{"id":"BLDG-768","layer":"BUILDING_FOOTPRINT","building_type":"ai_r_and_d","name_zh":"混合功能概念体量","source_type":"agent_generated_design","confidence":"low","geometry_role":"design_proposal","area_sqm_declared":2420.3,"note_zh":"概念体量示意，非建筑方案或拆改留结论"},"geometry":{"type":"Polygon","coordinates":[[[116.354559,40.019227],[116.354557,40.019486],[116.353573,40.019481],[116.353576,40.019221],[116.354559,40.019227]]]}},{"type":"Feature","id":"BLDG-769","properties":{"id":"BLDG-769","layer":"BUILDING_FOOTPRINT","building_type":"ai_r_and_d","name_zh":"混合功能概念体量","source_type":"agent_generated_design","confidence":"low","geometry_role":"design_proposal","area_sqm_declared":4318.0,"note_zh":"概念体量示意，非建筑方案或拆改留结论"},"geometry":{"type":"Polygon","coordinates":[[[116.354777,40.018668],[116.354773,40.019118],[116.353759,40.019112],[116.353764,40.018662],[116.354777,40.018668]]]}},{"type":"Feature","id":"BLDG-770","properties":{"id":"BLDG-770","layer":"BUILDING_FOOTPRINT","building_type":"ai_r_and_d","name_zh":"混合功能概念体量","source_type":"agent_generated_design","confidence":"low","geometry_role":"design_proposal","area_sqm_declared":1990.0,"note_zh":"概念体量示意，非建筑方案或拆改留结论"},"geometry":{"type":"Polygon","coordinates":[[[116.354521,40.020613],[116.354518,40.020877],[116.353724,40.020873],[116.353726,40.020608],[116.354521,40.020613]]]}},{"type":"Feature","id":"BLDG-771","properties":{"id":"BLDG-771","layer":"BUILDING_FOOTPRINT","building_type":"ai_r_and_d","name_zh":"混合功能概念体量","source_type":"agent_generated_design","confidence":"low","geometry_role":"design_proposal","area_sqm_declared":1818.5,"note_zh":"概念体量示意，非建筑方案或拆改留结论"},"geometry":{"type":"Polygon","coordinates":[[[116.354936,40.021392],[116.354934,40.021691],[116.354293,40.021687],[116.354296,40.021388],[116.354936,40.021392]]]}},{"type":"Feature","id":"BLDG-772","properties":{"id":"BLDG-772","layer":"BUILDING_FOOTPRINT","building_type":"ai_r_and_d","name_zh":"混合功能概念体量","source_type":"agent_generated_design","confidence":"low","geometry_role":"design_proposal","area_sqm_declared":3028.9,"note_zh":"概念体量示意，非建筑方案或拆改留结论"},"geometry":{"type":"Polygon","coordinates":[[[116.354569,40.019773],[116.354565,40.020149],[116.353715,40.020144],[116.353719,40.019768],[116.354569,40.019773]]]}},{"type":"Feature","id":"BLDG-773","properties":{"id":"BLDG-773","layer":"BUILDING_FOOTPRINT","building_type":"ai_r_and_d","name_zh":"混合功能概念体量","source_type":"agent_generated_design","confidence":"low","geometry_role":"design_proposal","area_sqm_declared":1663.2,"note_zh":"概念体量示意，非建筑方案或拆改留结论"},"geometry":{"type":"Polygon","coordinates":[[[116.35411,40.02095],[116.354107,40.021203],[116.353415,40.0212],[116.353417,40.020946],[116.35411,40.02095]]]}},{"type":"Feature","id":"BLDG-774","properties":{"id":"BLDG-774","layer":"BUILDING_FOOTPRINT","building_type":"ai_r_and_d","name_zh":"混合功能概念体量","source_type":"agent_generated_design","confidence":"low","geometry_role":"design_proposal","area_sqm_declared":2078.8,"note_zh":"概念体量示意，非建筑方案或拆改留结论"},"geometry":{"type":"Polygon","coordinates":[[[116.354596,40.022302],[116.354593,40.022637],[116.353939,40.022633],[116.353942,40.022298],[116.354596,40.022302]]]}},{"type":"Feature","id":"BLDG-775","properties":{"id":"BLDG-775","layer":"BUILDING_FOOTPRINT","building_type":"ai_r_and_d","name_zh":"混合功能概念体量","source_type":"agent_generated_design","confidence":"low","geometry_role":"design_proposal","area_sqm_declared":2412.7,"note_zh":"概念体量示意，非建筑方案或拆改留结论"},"geometry":{"type":"Polygon","coordinates":[[[116.354584,40.023858],[116.354581,40.024211],[116.35386,40.024207],[116.353863,40.023854],[116.354584,40.023858]]]}},{"type":"Feature","id":"BLDG-776","properties":{"id":"BLDG-776","layer":"BUILDING_FOOTPRINT","building_type":"ai_r_and_d","name_zh":"混合功能概念体量","source_type":"agent_generated_design","confidence":"low","geometry_role":"design_proposal","area_sqm_declared":2186.2,"note_zh":"概念体量示意，非建筑方案或拆改留结论"},"geometry":{"type":"Polygon","coordinates":[[[116.354562,40.024473],[116.354559,40.024795],[116.353844,40.024791],[116.353847,40.024469],[116.354562,40.024473]]]}},{"type":"Feature","id":"BLDG-777","properties":{"id":"BLDG-777","layer":"BUILDING_FOOTPRINT","building_type":"ai_r_and_d","name_zh":"混合功能概念体量","source_type":"agent_generated_design","confidence":"low","geometry_role":"design_proposal","area_sqm_declared":3478.9,"note_zh":"概念体量示意，非建筑方案或拆改留结论"},"geometry":{"type":"Polygon","coordinates":[[[116.355083,40.023419],[116.355079,40.023781],[116.354064,40.023775],[116.354067,40.023414],[116.355083,40.023419]]]}},{"type":"Feature","id":"BLDG-778","properties":{"id":"BLDG-778","layer":"BUILDING_FOOTPRINT","building_type":"ai_r_and_d","name_zh":"混合功能概念体量","source_type":"agent_generated_design","confidence":"low","geometry_role":"design_proposal","area_sqm_declared":2580.5,"note_zh":"概念体量示意，非建筑方案或拆改留结论"},"geometry":{"type":"Polygon","coordinates":[[[116.354591,40.025049],[116.354588,40.025316],[116.353568,40.025311],[116.353571,40.025044],[116.354591,40.025049]]]}},{"type":"Feature","id":"BLDG-779","properties":{"id":"BLDG-779","layer":"BUILDING_FOOTPRINT","building_type":"ai_r_and_d","name_zh":"混合功能概念体量","source_type":"agent_generated_design","confidence":"low","geometry_role":"design_proposal","area_sqm_declared":1393.3,"note_zh":"概念体量示意，非建筑方案或拆改留结论"},"geometry":{"type":"Polygon","coordinates":[[[116.354395,40.023081],[116.354392,40.023356],[116.353858,40.023353],[116.35386,40.023078],[116.354395,40.023081]]]}},{"type":"Feature","id":"BLDG-780","properties":{"id":"BLDG-780","layer":"BUILDING_FOOTPRINT","building_type":"ai_r_and_d","name_zh":"混合功能概念体量","source_type":"agent_generated_design","confidence":"low","geometry_role":"design_proposal","area_sqm_declared":1562.9,"note_zh":"概念体量示意，非建筑方案或拆改留结论"},"geometry":{"type":"Polygon","coordinates":[[[116.355006,40.025964],[116.355004,40.026241],[116.354408,40.026238],[116.35441,40.025961],[116.355006,40.025964]]]}},{"type":"Feature","id":"BLDG-781","properties":{"id":"BLDG-781","layer":"BUILDING_FOOTPRINT","building_type":"ai_r_and_d","name_zh":"混合功能概念体量","source_type":"agent_generated_design","confidence":"low","geometry_role":"design_proposal","area_sqm_declared":2387.0,"note_zh":"概念体量示意，非建筑方案或拆改留结论"},"geometry":{"type":"Polygon","coordinates":[[[116.354785,40.025597],[116.354783,40.025868],[116.353852,40.025863],[116.353854,40.025592],[116.354785,40.025597]]]}},{"type":"Feature","id":"BLDG-782","properties":{"id":"BLDG-782","layer":"BUILDING_FOOTPRINT","building_type":"ai_r_and_d","name_zh":"混合功能概念体量","source_type":"agent_generated_design","confidence":"low","geometry_role":"design_proposal","area_sqm_declared":3127.0,"note_zh":"概念体量示意，非建筑方案或拆改留结论"},"geometry":{"type":"Polygon","coordinates":[[[116.354368,40.025886],[116.354365,40.026205],[116.353333,40.0262],[116.353336,40.02588],[116.354368,40.025886]]]}}]}