{
  "type": "FeatureCollection",
  "name": "land_use",
  "features": [
    {
      "type": "Feature",
      "id": "LU-0000",
      "properties": {
        "id": "LU-0000",
        "layer": "LAND_USE",
        "source_type": "agent_inferred_from_public_data",
        "confidence": "low",
        "geometry_role": "design_proposal",
        "official_boundary": false,
        "land_use_code": "05",
        "land_use_label_zh": "商业服务业用地",
        "zone": "AI_SERVICE_ZONE"
      },
      "geometry": {
        "type": "Polygon",
        "coordinates": [
          [
            [
              116.3397,
              39.939
            ],
            [
              116.34169999999999,
              39.939
            ],
            [
              116.34169999999999,
              39.9402
            ],
            [
              116.3397,
              39.9402
            ],
            [
              116.3397,
              39.939
            ]
          ]
        ]
      }
    },
    {
      "type": "Feature",
      "id": "LU-0001",
      "properties": {
        "id": "LU-0001",
        "layer": "LAND_USE",
        "source_type": "agent_inferred_from_public_data",
        "confidence": "low",
        "geometry_role": "design_proposal",
        "official_boundary": false,
        "land_use_code": "05",
        "land_use_label_zh": "商业服务业用地",
        "zone": "AI_SERVICE_ZONE"
      },
      "geometry": {
        "type": "Polygon",
        "coordinates": [
          [
            [
              116.3397,
              39.9402
            ],
            [
              116.34169999999999,
              39.9402
            ],
            [
              116.34169999999999,
              39.941399999999994
            ],
            [
              116.3397,
              39.941399999999994
            ],
            [
              116.3397,
              39.9402
            ]
          ]
        ]
      }
    },
    {
      "type": "Feature",
      "id": "LU-0002",
      "properties": {
        "id": "LU-0002",
        "layer": "LAND_USE",
        "source_type": "agent_inferred_from_public_data",
        "confidence": "low",
        "geometry_role": "design_proposal",
        "official_boundary": false,
        "land_use_code": "05",
        "land_use_label_zh": "商业服务业用地",
        "zone": "AI_SERVICE_ZONE"
      },
      "geometry": {
        "type": "Polygon",
        "coordinates": [
          [
            [
              116.3397,
              39.941399999999994
            ],
            [
              116.34169999999999,
              39.941399999999994
            ],
            [
              116.34169999999999,
              39.94259999999999
            ],
            [
              116.3397,
              39.94259999999999
            ],
            [
              116.3397,
              39.941399999999994
            ]
          ]
        ]
      }
    },
    {
      "type": "Feature",
      "id": "LU-0003",
      "properties": {
        "id": "LU-0003",
        "layer": "LAND_USE",
        "source_type": "agent_inferred_from_public_data",
        "confidence": "low",
        "geometry_role": "design_proposal",
        "official_boundary": false,
        "land_use_code": "05",
        "land_use_label_zh": "商业服务业用地",
        "zone": "AI_SERVICE_ZONE"
      },
      "geometry": {
        "type": "Polygon",
        "coordinates": [
          [
            [
              116.3397,
              39.94259999999999
            ],
            [
              116.34169999999999,
              39.94259999999999
            ],
            [
              116.34169999999999,
              39.94379999999999
            ],
            [
              116.3397,
              39.94379999999999
            ],
            [
              116.3397,
              39.94259999999999
            ]
          ]
        ]
      }
    },
    {
      "type": "Feature",
      "id": "LU-0004",
      "properties": {
        "id": "LU-0004",
        "layer": "LAND_USE",
        "source_type": "agent_inferred_from_public_data",
        "confidence": "low",
        "geometry_role": "design_proposal",
        "official_boundary": false,
        "land_use_code": "05",
        "land_use_label_zh": "商业服务业用地",
        "zone": "AI_SERVICE_ZONE"
      },
      "geometry": {
        "type": "Polygon",
        "coordinates": [
          [
            [
              116.3397,
              39.94379999999999
            ],
            [
              116.34169999999999,
              39.94379999999999
            ],
            [
              116.34169999999999,
              39.944999999999986
            ],
            [
              116.3397,
              39.944999999999986
            ],
            [
              116.3397,
              39.94379999999999
            ]
          ]
        ]
      }
    },
    {
      "type": "Feature",
      "id": "LU-0005",
      "properties": {
        "id": "LU-0005",
        "layer": "LAND_USE",
        "source_type": "agent_inferred_from_public_data",
        "confidence": "low",
        "geometry_role": "design_proposal",
        "official_boundary": false,
        "land_use_code": "05",
        "land_use_label_zh": "商业服务业用地",
        "zone": "AI_SERVICE_ZONE"
      },
      "geometry": {
        "type": "Polygon",
        "coordinates": [
          [
            [
              116.3397,
              39.944999999999986
            ],
            [
              116.34169999999999,
              39.944999999999986
            ],
            [
              116.34169999999999,
              39.94619999999998
            ],
            [
              116.3397,
              39.94619999999998
            ],
            [
              116.3397,
              39.944999999999986
            ]
          ]
        ]
      }
    },
    {
      "type": "Feature",
      "id": "LU-0006",
      "properties": {
        "id": "LU-0006",
        "layer": "LAND_USE",
        "source_type": "agent_inferred_from_public_data",
        "confidence": "low",
        "geometry_role": "design_proposal",
        "official_boundary": false,
        "land_use_code": "05",
        "land_use_label_zh": "商业服务业用地",
        "zone": "AI_SERVICE_ZONE"
      },
      "geometry": {
        "type": "Polygon",
        "coordinates": [
          [
            [
              116.3397,
              39.94619999999998
            ],
            [
              116.34169999999999,
              39.94619999999998
            ],
            [
              116.34169999999999,
              39.94739999999998
            ],
            [
              116.3397,
              39.94739999999998
            ],
            [
              116.3397,
              39.94619999999998
            ]
          ]
        ]
      }
    },
    {
      "type": "Feature",
      "id": "LU-0007",
      "properties": {
        "id": "LU-0007",
        "layer": "LAND_USE",
        "source_type": "agent_inferred_from_public_data",
        "confidence": "low",
        "geometry_role": "design_proposal",
        "official_boundary": false,
        "land_use_code": "05",
        "land_use_label_zh": "商业服务业用地",
        "zone": "AI_SERVICE_ZONE"
      },
      "geometry": {
        "type": "Polygon",
        "coordinates": [
          [
            [
              116.3397,
              39.94739999999998
            ],
            [
              116.34169999999999,
              39.94739999999998
            ],
            [
              116.34169999999999,
              39.94859999999998
            ],
            [
              116.3397,
              39.94859999999998
            ],
            [
              116.3397,
              39.94739999999998
            ]
          ]
        ]
      }
    },
    {
      "type": "Feature",
      "id": "LU-0008",
      "properties": {
        "id": "LU-0008",
        "layer": "LAND_USE",
        "source_type": "agent_inferred_from_public_data",
        "confidence": "low",
        "geometry_role": "design_proposal",
        "official_boundary": false,
        "land_use_code": "05",
        "land_use_label_zh": "商业服务业用地",
        "zone": "AI_SERVICE_ZONE"
      },
      "geometry": {
        "type": "Polygon",
        "coordinates": [
          [
            [
              116.3397,
              39.94859999999998
            ],
            [
              116.34169999999999,
              39.94859999999998
            ],
            [
              116.34169999999999,
              39.949799999999975
            ],
            [
              116.3397,
              39.949799999999975
            ],
            [
              116.3397,
              39.94859999999998
            ]
          ]
        ]
      }
    },
    {
      "type": "Feature",
      "id": "LU-0009",
      "properties": {
        "id": "LU-0009",
        "layer": "LAND_USE",
        "source_type": "agent_inferred_from_public_data",
        "confidence": "low",
        "geometry_role": "design_proposal",
        "official_boundary": false,
        "land_use_code": "05",
        "land_use_label_zh": "商业服务业用地",
        "zone": "AI_SERVICE_ZONE"
      },
      "geometry": {
        "type": "Polygon",
        "coordinates": [
          [
            [
              116.3397,
              39.949799999999975
            ],
            [
              116.34169999999999,
              39.949799999999975
            ],
            [
              116.34169999999999,
              39.95099999999997
            ],
            [
              116.3397,
              39.95099999999997
            ],
            [
              116.3397,
              39.949799999999975
            ]
          ]
        ]
      }
    },
    {
      "type": "Feature",
      "id": "LU-0010",
      "properties": {
        "id": "LU-0010",
        "layer": "LAND_USE",
        "source_type": "agent_inferred_from_public_data",
        "confidence": "low",
        "geometry_role": "design_proposal",
        "official_boundary": false,
        "land_use_code": "05",
        "land_use_label_zh": "商业服务业用地",
        "zone": "AI_SERVICE_ZONE"
      },
      "geometry": {
        "type": "Polygon",
        "coordinates": [
          [
            [
              116.3397,
              39.95099999999997
            ],
            [
              116.34169999999999,
              39.95099999999997
            ],
            [
              116.34169999999999,
              39.95219999999997
            ],
            [
              116.3397,
              39.95219999999997
            ],
            [
              116.3397,
              39.95099999999997
            ]
          ]
        ]
      }
    },
    {
      "type": "Feature",
      "id": "LU-0011",
      "properties": {
        "id": "LU-0011",
        "layer": "LAND_USE",
        "source_type": "agent_inferred_from_public_data",
        "confidence": "low",
        "geometry_role": "design_proposal",
        "official_boundary": false,
        "land_use_code": "05",
        "land_use_label_zh": "商业服务业用地",
        "zone": "AI_SERVICE_ZONE"
      },
      "geometry": {
        "type": "Polygon",
        "coordinates": [
          [
            [
              116.3397,
              39.95219999999997
            ],
            [
              116.34169999999999,
              39.95219999999997
            ],
            [
              116.34169999999999,
              39.95339999999997
            ],
            [
              116.3397,
              39.95339999999997
            ],
            [
              116.3397,
              39.95219999999997
            ]
          ]
        ]
      }
    },
    {
      "type": "Feature",
      "id": "LU-0012",
      "properties": {
        "id": "LU-0012",
        "layer": "LAND_USE",
        "source_type": "agent_inferred_from_public_data",
        "confidence": "low",
        "geometry_role": "design_proposal",
        "official_boundary": false,
        "land_use_code": "05",
        "land_use_label_zh": "商业服务业用地",
        "zone": "AI_SERVICE_ZONE"
      },
      "geometry": {
        "type": "Polygon",
        "coordinates": [
          [
            [
              116.3397,
              39.95339999999997
            ],
            [
              116.34169999999999,
              39.95339999999997
            ],
            [
              116.34169999999999,
              39.954599999999964
            ],
            [
              116.3397,
              39.954599999999964
            ],
            [
              116.3397,
              39.95339999999997
            ]
          ]
        ]
      }
    },
    {
      "type": "Feature",
      "id": "LU-0013",
      "properties": {
        "id": "LU-0013",
        "layer": "LAND_USE",
        "source_type": "agent_inferred_from_public_data",
        "confidence": "low",
        "geometry_role": "design_proposal",
        "official_boundary": false,
        "land_use_code": "05",
        "land_use_label_zh": "商业服务业用地",
        "zone": "AI_SERVICE_ZONE"
      },
      "geometry": {
        "type": "Polygon",
        "coordinates": [
          [
            [
              116.3397,
              39.954599999999964
            ],
            [
              116.34169999999999,
              39.954599999999964
            ],
            [
              116.34169999999999,
              39.95579999999996
            ],
            [
              116.3397,
              39.95579999999996
            ],
            [
              116.3397,
              39.954599999999964
            ]
          ]
        ]
      }
    },
    {
      "type": "Feature",
      "id": "LU-0014",
      "properties": {
        "id": "LU-0014",
        "layer": "LAND_USE",
        "source_type": "agent_inferred_from_public_data",
        "confidence": "low",
        "geometry_role": "design_proposal",
        "official_boundary": false,
        "land_use_code": "05",
        "land_use_label_zh": "商业服务业用地",
        "zone": "AI_SERVICE_ZONE"
      },
      "geometry": {
        "type": "Polygon",
        "coordinates": [
          [
            [
              116.3397,
              39.95579999999996
            ],
            [
              116.34169999999999,
              39.95579999999996
            ],
            [
              116.34169999999999,
              39.95699999999996
            ],
            [
              116.3397,
              39.95699999999996
            ],
            [
              116.3397,
              39.95579999999996
            ]
          ]
        ]
      }
    },
    {
      "type": "Feature",
      "id": "LU-0015",
      "properties": {
        "id": "LU-0015",
        "layer": "LAND_USE",
        "source_type": "agent_inferred_from_public_data",
        "confidence": "low",
        "geometry_role": "design_proposal",
        "official_boundary": false,
        "land_use_code": "05",
        "land_use_label_zh": "商业服务业用地",
        "zone": "AI_SERVICE_ZONE"
      },
      "geometry": {
        "type": "Polygon",
        "coordinates": [
          [
            [
              116.3397,
              39.95699999999996
            ],
            [
              116.34169999999999,
              39.95699999999996
            ],
            [
              116.34169999999999,
              39.958199999999955
            ],
            [
              116.3397,
              39.958199999999955
            ],
            [
              116.3397,
              39.95699999999996
            ]
          ]
        ]
      }
    },
    {
      "type": "Feature",
      "id": "LU-0016",
      "properties": {
        "id": "LU-0016",
        "layer": "LAND_USE",
        "source_type": "agent_inferred_from_public_data",
        "confidence": "low",
        "geometry_role": "design_proposal",
        "official_boundary": false,
        "land_use_code": "05",
        "land_use_label_zh": "商业服务业用地",
        "zone": "AI_SERVICE_ZONE"
      },
      "geometry": {
        "type": "Polygon",
        "coordinates": [
          [
            [
              116.3397,
              39.958199999999955
            ],
            [
              116.34169999999999,
              39.958199999999955
            ],
            [
              116.34169999999999,
              39.95939999999995
            ],
            [
              116.3397,
              39.95939999999995
            ],
            [
              116.3397,
              39.958199999999955
            ]
          ]
        ]
      }
    },
    {
      "type": "Feature",
      "id": "LU-0017",
      "properties": {
        "id": "LU-0017",
        "layer": "LAND_USE",
        "source_type": "agent_inferred_from_public_data",
        "confidence": "low",
        "geometry_role": "design_proposal",
        "official_boundary": false,
        "land_use_code": "05",
        "land_use_label_zh": "商业服务业用地",
        "zone": "AI_SERVICE_ZONE"
      },
      "geometry": {
        "type": "Polygon",
        "coordinates": [
          [
            [
              116.3397,
              39.95939999999995
            ],
            [
              116.34169999999999,
              39.95939999999995
            ],
            [
              116.34169999999999,
              39.96059999999995
            ],
            [
              116.3397,
              39.96059999999995
            ],
            [
              116.3397,
              39.95939999999995
            ]
          ]
        ]
      }
    },
    {
      "type": "Feature",
      "id": "LU-0018",
      "properties": {
        "id": "LU-0018",
        "layer": "LAND_USE",
        "source_type": "agent_inferred_from_public_data",
        "confidence": "low",
        "geometry_role": "design_proposal",
        "official_boundary": false,
        "land_use_code": "07",
        "land_use_label_zh": "居住用地",
        "zone": "context"
      },
      "geometry": {
        "type": "Polygon",
        "coordinates": [
          [
            [
              116.3397,
              39.96059999999995
            ],
            [
              116.34169999999999,
              39.96059999999995
            ],
            [
              116.34169999999999,
              39.96179999999995
            ],
            [
              116.3397,
              39.96179999999995
            ],
            [
              116.3397,
              39.96059999999995
            ]
          ]
        ]
      }
    },
    {
      "type": "Feature",
      "id": "LU-0019",
      "properties": {
        "id": "LU-0019",
        "layer": "LAND_USE",
        "source_type": "agent_inferred_from_public_data",
        "confidence": "low",
        "geometry_role": "design_proposal",
        "official_boundary": false,
        "land_use_code": "07",
        "land_use_label_zh": "居住用地",
        "zone": "context"
      },
      "geometry": {
        "type": "Polygon",
        "coordinates": [
          [
            [
              116.3397,
              39.96179999999995
            ],
            [
              116.34169999999999,
              39.96179999999995
            ],
            [
              116.34169999999999,
              39.962999999999944
            ],
            [
              116.3397,
              39.962999999999944
            ],
            [
              116.3397,
              39.96179999999995
            ]
          ]
        ]
      }
    },
    {
      "type": "Feature",
      "id": "LU-0020",
      "properties": {
        "id": "LU-0020",
        "layer": "LAND_USE",
        "source_type": "agent_inferred_from_public_data",
        "confidence": "low",
        "geometry_role": "design_proposal",
        "official_boundary": false,
        "land_use_code": "0804",
        "land_use_label_zh": "教育用地",
        "zone": "context"
      },
      "geometry": {
        "type": "Polygon",
        "coordinates": [
          [
            [
              116.3397,
              39.962999999999944
            ],
            [
              116.34169999999999,
              39.962999999999944
            ],
            [
              116.34169999999999,
              39.96419999999994
            ],
            [
              116.3397,
              39.96419999999994
            ],
            [
              116.3397,
              39.962999999999944
            ]
          ]
        ]
      }
    },
    {
      "type": "Feature",
      "id": "LU-0021",
      "properties": {
        "id": "LU-0021",
        "layer": "LAND_USE",
        "source_type": "agent_inferred_from_public_data",
        "confidence": "low",
        "geometry_role": "design_proposal",
        "official_boundary": false,
        "land_use_code": "0804",
        "land_use_label_zh": "教育用地",
        "zone": "context"
      },
      "geometry": {
        "type": "Polygon",
        "coordinates": [
          [
            [
              116.3397,
              39.96419999999994
            ],
            [
              116.34169999999999,
              39.96419999999994
            ],
            [
              116.34169999999999,
              39.96539999999994
            ],
            [
              116.3397,
              39.96539999999994
            ],
            [
              116.3397,
              39.96419999999994
            ]
          ]
        ]
      }
    },
    {
      "type": "Feature",
      "id": "LU-0022",
      "properties": {
        "id": "LU-0022",
        "layer": "LAND_USE",
        "source_type": "agent_inferred_from_public_data",
        "confidence": "low",
        "geometry_role": "design_proposal",
        "official_boundary": false,
        "land_use_code": "16",
        "land_use_label_zh": "留白用地",
        "zone": "context"
      },
      "geometry": {
        "type": "Polygon",
        "coordinates": [
          [
            [
              116.3397,
              39.96539999999994
            ],
            [
              116.34169999999999,
              39.96539999999994
            ],
            [
              116.34169999999999,
              39.966599999999936
            ],
            [
              116.3397,
              39.966599999999936
            ],
            [
              116.3397,
              39.96539999999994
            ]
          ]
        ]
      }
    },
    {
      "type": "Feature",
      "id": "LU-0023",
      "properties": {
        "id": "LU-0023",
        "layer": "LAND_USE",
        "source_type": "agent_inferred_from_public_data",
        "confidence": "low",
        "geometry_role": "design_proposal",
        "official_boundary": false,
        "land_use_code": "07",
        "land_use_label_zh": "居住用地",
        "zone": "context"
      },
      "geometry": {
        "type": "Polygon",
        "coordinates": [
          [
            [
              116.3397,
              39.966599999999936
            ],
            [
              116.34169999999999,
              39.966599999999936
            ],
            [
              116.34169999999999,
              39.96779999999993
            ],
            [
              116.3397,
              39.96779999999993
            ],
            [
              116.3397,
              39.966599999999936
            ]
          ]
        ]
      }
    },
    {
      "type": "Feature",
      "id": "LU-0024",
      "properties": {
        "id": "LU-0024",
        "layer": "LAND_USE",
        "source_type": "agent_inferred_from_public_data",
        "confidence": "low",
        "geometry_role": "design_proposal",
        "official_boundary": false,
        "land_use_code": "07",
        "land_use_label_zh": "居住用地",
        "zone": "context"
      },
      "geometry": {
        "type": "Polygon",
        "coordinates": [
          [
            [
              116.3397,
              39.96779999999993
            ],
            [
              116.34169999999999,
              39.96779999999993
            ],
            [
              116.34169999999999,
              39.96899999999993
            ],
            [
              116.3397,
              39.96899999999993
            ],
            [
              116.3397,
              39.96779999999993
            ]
          ]
        ]
      }
    },
    {
      "type": "Feature",
      "id": "LU-0025",
      "properties": {
        "id": "LU-0025",
        "layer": "LAND_USE",
        "source_type": "agent_inferred_from_public_data",
        "confidence": "low",
        "geometry_role": "design_proposal",
        "official_boundary": false,
        "land_use_code": "0804",
        "land_use_label_zh": "教育用地",
        "zone": "context"
      },
      "geometry": {
        "type": "Polygon",
        "coordinates": [
          [
            [
              116.3397,
              39.96899999999993
            ],
            [
              116.34169999999999,
              39.96899999999993
            ],
            [
              116.34169999999999,
              39.97019999999993
            ],
            [
              116.3397,
              39.97019999999993
            ],
            [
              116.3397,
              39.96899999999993
            ]
          ]
        ]
      }
    },
    {
      "type": "Feature",
      "id": "LU-0026",
      "properties": {
        "id": "LU-0026",
        "layer": "LAND_USE",
        "source_type": "agent_inferred_from_public_data",
        "confidence": "low",
        "geometry_role": "design_proposal",
        "official_boundary": false,
        "land_use_code": "0804",
        "land_use_label_zh": "教育用地",
        "zone": "context"
      },
      "geometry": {
        "type": "Polygon",
        "coordinates": [
          [
            [
              116.3397,
              39.97019999999993
            ],
            [
              116.34169999999999,
              39.97019999999993
            ],
            [
              116.34169999999999,
              39.971399999999925
            ],
            [
              116.3397,
              39.971399999999925
            ],
            [
              116.3397,
              39.97019999999993
            ]
          ]
        ]
      }
    },
    {
      "type": "Feature",
      "id": "LU-0027",
      "properties": {
        "id": "LU-0027",
        "layer": "LAND_USE",
        "source_type": "agent_inferred_from_public_data",
        "confidence": "low",
        "geometry_role": "design_proposal",
        "official_boundary": false,
        "land_use_code": "16",
        "land_use_label_zh": "留白用地",
        "zone": "context"
      },
      "geometry": {
        "type": "Polygon",
        "coordinates": [
          [
            [
              116.3397,
              39.971399999999925
            ],
            [
              116.34169999999999,
              39.971399999999925
            ],
            [
              116.34169999999999,
              39.97259999999992
            ],
            [
              116.3397,
              39.97259999999992
            ],
            [
              116.3397,
              39.971399999999925
            ]
          ]
        ]
      }
    },
    {
      "type": "Feature",
      "id": "LU-0028",
      "properties": {
        "id": "LU-0028",
        "layer": "LAND_USE",
        "source_type": "agent_inferred_from_public_data",
        "confidence": "low",
        "geometry_role": "design_proposal",
        "official_boundary": false,
        "land_use_code": "07",
        "land_use_label_zh": "居住用地",
        "zone": "context"
      },
      "geometry": {
        "type": "Polygon",
        "coordinates": [
          [
            [
              116.3397,
              39.97259999999992
            ],
            [
              116.34169999999999,
              39.97259999999992
            ],
            [
              116.34169999999999,
              39.97379999999992
            ],
            [
              116.3397,
              39.97379999999992
            ],
            [
              116.3397,
              39.97259999999992
            ]
          ]
        ]
      }
    },
    {
      "type": "Feature",
      "id": "LU-0029",
      "properties": {
        "id": "LU-0029",
        "layer": "LAND_USE",
        "source_type": "agent_inferred_from_public_data",
        "confidence": "low",
        "geometry_role": "design_proposal",
        "official_boundary": false,
        "land_use_code": "07",
        "land_use_label_zh": "居住用地",
        "zone": "context"
      },
      "geometry": {
        "type": "Polygon",
        "coordinates": [
          [
            [
              116.3397,
              39.97379999999992
            ],
            [
              116.34169999999999,
              39.97379999999992
            ],
            [
              116.34169999999999,
              39.974999999999916
            ],
            [
              116.3397,
              39.974999999999916
            ],
            [
              116.3397,
              39.97379999999992
            ]
          ]
        ]
      }
    },
    {
      "type": "Feature",
      "id": "LU-0030",
      "properties": {
        "id": "LU-0030",
        "layer": "LAND_USE",
        "source_type": "agent_inferred_from_public_data",
        "confidence": "low",
        "geometry_role": "design_proposal",
        "official_boundary": false,
        "land_use_code": "0804",
        "land_use_label_zh": "教育用地",
        "zone": "context"
      },
      "geometry": {
        "type": "Polygon",
        "coordinates": [
          [
            [
              116.3397,
              39.974999999999916
            ],
            [
              116.34169999999999,
              39.974999999999916
            ],
            [
              116.34169999999999,
              39.97619999999991
            ],
            [
              116.3397,
              39.97619999999991
            ],
            [
              116.3397,
              39.974999999999916
            ]
          ]
        ]
      }
    },
    {
      "type": "Feature",
      "id": "LU-0031",
      "properties": {
        "id": "LU-0031",
        "layer": "LAND_USE",
        "source_type": "agent_inferred_from_public_data",
        "confidence": "low",
        "geometry_role": "design_proposal",
        "official_boundary": false,
        "land_use_code": "0804",
        "land_use_label_zh": "教育用地",
        "zone": "context"
      },
      "geometry": {
        "type": "Polygon",
        "coordinates": [
          [
            [
              116.3397,
              39.97619999999991
            ],
            [
              116.34169999999999,
              39.97619999999991
            ],
            [
              116.34169999999999,
              39.97739999999991
            ],
            [
              116.3397,
              39.97739999999991
            ],
            [
              116.3397,
              39.97619999999991
            ]
          ]
        ]
      }
    },
    {
      "type": "Feature",
      "id": "LU-0032",
      "properties": {
        "id": "LU-0032",
        "layer": "LAND_USE",
        "source_type": "agent_inferred_from_public_data",
        "confidence": "low",
        "geometry_role": "design_proposal",
        "official_boundary": false,
        "land_use_code": "16",
        "land_use_label_zh": "留白用地",
        "zone": "context"
      },
      "geometry": {
        "type": "Polygon",
        "coordinates": [
          [
            [
              116.3397,
              39.97739999999991
            ],
            [
              116.34169999999999,
              39.97739999999991
            ],
            [
              116.34169999999999,
              39.97859999999991
            ],
            [
              116.3397,
              39.97859999999991
            ],
            [
              116.3397,
              39.97739999999991
            ]
          ]
        ]
      }
    },
    {
      "type": "Feature",
      "id": "LU-0033",
      "properties": {
        "id": "LU-0033",
        "layer": "LAND_USE",
        "source_type": "agent_inferred_from_public_data",
        "confidence": "low",
        "geometry_role": "design_proposal",
        "official_boundary": false,
        "land_use_code": "07",
        "land_use_label_zh": "居住用地",
        "zone": "context"
      },
      "geometry": {
        "type": "Polygon",
        "coordinates": [
          [
            [
              116.3397,
              39.97859999999991
            ],
            [
              116.34169999999999,
              39.97859999999991
            ],
            [
              116.34169999999999,
              39.979799999999905
            ],
            [
              116.3397,
              39.979799999999905
            ],
            [
              116.3397,
              39.97859999999991
            ]
          ]
        ]
      }
    },
    {
      "type": "Feature",
      "id": "LU-0034",
      "properties": {
        "id": "LU-0034",
        "layer": "LAND_USE",
        "source_type": "agent_inferred_from_public_data",
        "confidence": "low",
        "geometry_role": "design_proposal",
        "official_boundary": false,
        "land_use_code": "07",
        "land_use_label_zh": "居住用地",
        "zone": "context"
      },
      "geometry": {
        "type": "Polygon",
        "coordinates": [
          [
            [
              116.3397,
              39.979799999999905
            ],
            [
              116.34169999999999,
              39.979799999999905
            ],
            [
              116.34169999999999,
              39.9809999999999
            ],
            [
              116.3397,
              39.9809999999999
            ],
            [
              116.3397,
              39.979799999999905
            ]
          ]
        ]
      }
    },
    {
      "type": "Feature",
      "id": "LU-0035",
      "properties": {
        "id": "LU-0035",
        "layer": "LAND_USE",
        "source_type": "agent_inferred_from_public_data",
        "confidence": "low",
        "geometry_role": "design_proposal",
        "official_boundary": false,
        "land_use_code": "0804",
        "land_use_label_zh": "教育用地",
        "zone": "context"
      },
      "geometry": {
        "type": "Polygon",
        "coordinates": [
          [
            [
              116.3397,
              39.9809999999999
            ],
            [
              116.34169999999999,
              39.9809999999999
            ],
            [
              116.34169999999999,
              39.9821999999999
            ],
            [
              116.3397,
              39.9821999999999
            ],
            [
              116.3397,
              39.9809999999999
            ]
          ]
        ]
      }
    },
    {
      "type": "Feature",
      "id": "LU-0036",
      "properties": {
        "id": "LU-0036",
        "layer": "LAND_USE",
        "source_type": "agent_inferred_from_public_data",
        "confidence": "low",
        "geometry_role": "design_proposal",
        "official_boundary": false,
        "land_use_code": "0804",
        "land_use_label_zh": "教育用地",
        "zone": "context"
      },
      "geometry": {
        "type": "Polygon",
        "coordinates": [
          [
            [
              116.3397,
              39.9821999999999
            ],
            [
              116.34169999999999,
              39.9821999999999
            ],
            [
              116.34169999999999,
              39.9833999999999
            ],
            [
              116.3397,
              39.9833999999999
            ],
            [
              116.3397,
              39.9821999999999
            ]
          ]
        ]
      }
    },
    {
      "type": "Feature",
      "id": "LU-0037",
      "properties": {
        "id": "LU-0037",
        "layer": "LAND_USE",
        "source_type": "agent_inferred_from_public_data",
        "confidence": "low",
        "geometry_role": "design_proposal",
        "official_boundary": false,
        "land_use_code": "16",
        "land_use_label_zh": "留白用地",
        "zone": "context"
      },
      "geometry": {
        "type": "Polygon",
        "coordinates": [
          [
            [
              116.3397,
              39.9833999999999
            ],
            [
              116.34169999999999,
              39.9833999999999
            ],
            [
              116.34169999999999,
              39.984599999999894
            ],
            [
              116.3397,
              39.984599999999894
            ],
            [
              116.3397,
              39.9833999999999
            ]
          ]
        ]
      }
    },
    {
      "type": "Feature",
      "id": "LU-0038",
      "properties": {
        "id": "LU-0038",
        "layer": "LAND_USE",
        "source_type": "agent_inferred_from_public_data",
        "confidence": "low",
        "geometry_role": "design_proposal",
        "official_boundary": false,
        "land_use_code": "07",
        "land_use_label_zh": "居住用地",
        "zone": "context"
      },
      "geometry": {
        "type": "Polygon",
        "coordinates": [
          [
            [
              116.3397,
              39.984599999999894
            ],
            [
              116.34169999999999,
              39.984599999999894
            ],
            [
              116.34169999999999,
              39.98579999999989
            ],
            [
              116.3397,
              39.98579999999989
            ],
            [
              116.3397,
              39.984599999999894
            ]
          ]
        ]
      }
    },
    {
      "type": "Feature",
      "id": "LU-0039",
      "properties": {
        "id": "LU-0039",
        "layer": "LAND_USE",
        "source_type": "agent_inferred_from_public_data",
        "confidence": "low",
        "geometry_role": "design_proposal",
        "official_boundary": false,
        "land_use_code": "07",
        "land_use_label_zh": "居住用地",
        "zone": "context"
      },
      "geometry": {
        "type": "Polygon",
        "coordinates": [
          [
            [
              116.3397,
              39.98579999999989
            ],
            [
              116.34169999999999,
              39.98579999999989
            ],
            [
              116.34169999999999,
              39.98699999999989
            ],
            [
              116.3397,
              39.98699999999989
            ],
            [
              116.3397,
              39.98579999999989
            ]
          ]
        ]
      }
    },
    {
      "type": "Feature",
      "id": "LU-0040",
      "properties": {
        "id": "LU-0040",
        "layer": "LAND_USE",
        "source_type": "agent_inferred_from_public_data",
        "confidence": "low",
        "geometry_role": "design_proposal",
        "official_boundary": false,
        "land_use_code": "0804",
        "land_use_label_zh": "教育用地",
        "zone": "context"
      },
      "geometry": {
        "type": "Polygon",
        "coordinates": [
          [
            [
              116.3397,
              39.98699999999989
            ],
            [
              116.34169999999999,
              39.98699999999989
            ],
            [
              116.34169999999999,
              39.988199999999885
            ],
            [
              116.3397,
              39.988199999999885
            ],
            [
              116.3397,
              39.98699999999989
            ]
          ]
        ]
      }
    },
    {
      "type": "Feature",
      "id": "LU-0041",
      "properties": {
        "id": "LU-0041",
        "layer": "LAND_USE",
        "source_type": "agent_inferred_from_public_data",
        "confidence": "low",
        "geometry_role": "design_proposal",
        "official_boundary": false,
        "land_use_code": "0804",
        "land_use_label_zh": "教育用地",
        "zone": "context"
      },
      "geometry": {
        "type": "Polygon",
        "coordinates": [
          [
            [
              116.3397,
              39.988199999999885
            ],
            [
              116.34169999999999,
              39.988199999999885
            ],
            [
              116.34169999999999,
              39.98939999999988
            ],
            [
              116.3397,
              39.98939999999988
            ],
            [
              116.3397,
              39.988199999999885
            ]
          ]
        ]
      }
    },
    {
      "type": "Feature",
      "id": "LU-0042",
      "properties": {
        "id": "LU-0042",
        "layer": "LAND_USE",
        "source_type": "agent_inferred_from_public_data",
        "confidence": "low",
        "geometry_role": "design_proposal",
        "official_boundary": false,
        "land_use_code": "16",
        "land_use_label_zh": "留白用地",
        "zone": "context"
      },
      "geometry": {
        "type": "Polygon",
        "coordinates": [
          [
            [
              116.3397,
              39.98939999999988
            ],
            [
              116.34169999999999,
              39.98939999999988
            ],
            [
              116.34169999999999,
              39.99059999999988
            ],
            [
              116.3397,
              39.99059999999988
            ],
            [
              116.3397,
              39.98939999999988
            ]
          ]
        ]
      }
    },
    {
      "type": "Feature",
      "id": "LU-0043",
      "properties": {
        "id": "LU-0043",
        "layer": "LAND_USE",
        "source_type": "agent_inferred_from_public_data",
        "confidence": "low",
        "geometry_role": "design_proposal",
        "official_boundary": false,
        "land_use_code": "05",
        "land_use_label_zh": "商业服务业用地",
        "zone": "AI_SERVICE_ZONE"
      },
      "geometry": {
        "type": "Polygon",
        "coordinates": [
          [
            [
              116.34169999999999,
              39.939
            ],
            [
              116.34369999999998,
              39.939
            ],
            [
              116.34369999999998,
              39.9402
            ],
            [
              116.34169999999999,
              39.9402
            ],
            [
              116.34169999999999,
              39.939
            ]
          ]
        ]
      }
    },
    {
      "type": "Feature",
      "id": "LU-0044",
      "properties": {
        "id": "LU-0044",
        "layer": "LAND_USE",
        "source_type": "agent_inferred_from_public_data",
        "confidence": "low",
        "geometry_role": "design_proposal",
        "official_boundary": false,
        "land_use_code": "05",
        "land_use_label_zh": "商业服务业用地",
        "zone": "AI_SERVICE_ZONE"
      },
      "geometry": {
        "type": "Polygon",
        "coordinates": [
          [
            [
              116.34169999999999,
              39.9402
            ],
            [
              116.34369999999998,
              39.9402
            ],
            [
              116.34369999999998,
              39.941399999999994
            ],
            [
              116.34169999999999,
              39.941399999999994
            ],
            [
              116.34169999999999,
              39.9402
            ]
          ]
        ]
      }
    },
    {
      "type": "Feature",
      "id": "LU-0045",
      "properties": {
        "id": "LU-0045",
        "layer": "LAND_USE",
        "source_type": "agent_inferred_from_public_data",
        "confidence": "low",
        "geometry_role": "design_proposal",
        "official_boundary": false,
        "land_use_code": "05",
        "land_use_label_zh": "商业服务业用地",
        "zone": "AI_SERVICE_ZONE"
      },
      "geometry": {
        "type": "Polygon",
        "coordinates": [
          [
            [
              116.34169999999999,
              39.941399999999994
            ],
            [
              116.34369999999998,
              39.941399999999994
            ],
            [
              116.34369999999998,
              39.94259999999999
            ],
            [
              116.34169999999999,
              39.94259999999999
            ],
            [
              116.34169999999999,
              39.941399999999994
            ]
          ]
        ]
      }
    },
    {
      "type": "Feature",
      "id": "LU-0046",
      "properties": {
        "id": "LU-0046",
        "layer": "LAND_USE",
        "source_type": "agent_inferred_from_public_data",
        "confidence": "low",
        "geometry_role": "design_proposal",
        "official_boundary": false,
        "land_use_code": "05",
        "land_use_label_zh": "商业服务业用地",
        "zone": "AI_SERVICE_ZONE"
      },
      "geometry": {
        "type": "Polygon",
        "coordinates": [
          [
            [
              116.34169999999999,
              39.94259999999999
            ],
            [
              116.34369999999998,
              39.94259999999999
            ],
            [
              116.34369999999998,
              39.94379999999999
            ],
            [
              116.34169999999999,
              39.94379999999999
            ],
            [
              116.34169999999999,
              39.94259999999999
            ]
          ]
        ]
      }
    },
    {
      "type": "Feature",
      "id": "LU-0047",
      "properties": {
        "id": "LU-0047",
        "layer": "LAND_USE",
        "source_type": "agent_inferred_from_public_data",
        "confidence": "low",
        "geometry_role": "design_proposal",
        "official_boundary": false,
        "land_use_code": "05",
        "land_use_label_zh": "商业服务业用地",
        "zone": "AI_SERVICE_ZONE"
      },
      "geometry": {
        "type": "Polygon",
        "coordinates": [
          [
            [
              116.34169999999999,
              39.94379999999999
            ],
            [
              116.34369999999998,
              39.94379999999999
            ],
            [
              116.34369999999998,
              39.944999999999986
            ],
            [
              116.34169999999999,
              39.944999999999986
            ],
            [
              116.34169999999999,
              39.94379999999999
            ]
          ]
        ]
      }
    },
    {
      "type": "Feature",
      "id": "LU-0048",
      "properties": {
        "id": "LU-0048",
        "layer": "LAND_USE",
        "source_type": "agent_inferred_from_public_data",
        "confidence": "low",
        "geometry_role": "design_proposal",
        "official_boundary": false,
        "land_use_code": "05",
        "land_use_label_zh": "商业服务业用地",
        "zone": "AI_SERVICE_ZONE"
      },
      "geometry": {
        "type": "Polygon",
        "coordinates": [
          [
            [
              116.34169999999999,
              39.944999999999986
            ],
            [
              116.34369999999998,
              39.944999999999986
            ],
            [
              116.34369999999998,
              39.94619999999998
            ],
            [
              116.34169999999999,
              39.94619999999998
            ],
            [
              116.34169999999999,
              39.944999999999986
            ]
          ]
        ]
      }
    },
    {
      "type": "Feature",
      "id": "LU-0049",
      "properties": {
        "id": "LU-0049",
        "layer": "LAND_USE",
        "source_type": "agent_inferred_from_public_data",
        "confidence": "low",
        "geometry_role": "design_proposal",
        "official_boundary": false,
        "land_use_code": "05",
        "land_use_label_zh": "商业服务业用地",
        "zone": "AI_SERVICE_ZONE"
      },
      "geometry": {
        "type": "Polygon",
        "coordinates": [
          [
            [
              116.34169999999999,
              39.94619999999998
            ],
            [
              116.34369999999998,
              39.94619999999998
            ],
            [
              116.34369999999998,
              39.94739999999998
            ],
            [
              116.34169999999999,
              39.94739999999998
            ],
            [
              116.34169999999999,
              39.94619999999998
            ]
          ]
        ]
      }
    },
    {
      "type": "Feature",
      "id": "LU-0050",
      "properties": {
        "id": "LU-0050",
        "layer": "LAND_USE",
        "source_type": "agent_inferred_from_public_data",
        "confidence": "low",
        "geometry_role": "design_proposal",
        "official_boundary": false,
        "land_use_code": "05",
        "land_use_label_zh": "商业服务业用地",
        "zone": "AI_SERVICE_ZONE"
      },
      "geometry": {
        "type": "Polygon",
        "coordinates": [
          [
            [
              116.34169999999999,
              39.94739999999998
            ],
            [
              116.34369999999998,
              39.94739999999998
            ],
            [
              116.34369999999998,
              39.94859999999998
            ],
            [
              116.34169999999999,
              39.94859999999998
            ],
            [
              116.34169999999999,
              39.94739999999998
            ]
          ]
        ]
      }
    },
    {
      "type": "Feature",
      "id": "LU-0051",
      "properties": {
        "id": "LU-0051",
        "layer": "LAND_USE",
        "source_type": "agent_inferred_from_public_data",
        "confidence": "low",
        "geometry_role": "design_proposal",
        "official_boundary": false,
        "land_use_code": "05",
        "land_use_label_zh": "商业服务业用地",
        "zone": "AI_SERVICE_ZONE"
      },
      "geometry": {
        "type": "Polygon",
        "coordinates": [
          [
            [
              116.34169999999999,
              39.94859999999998
            ],
            [
              116.34369999999998,
              39.94859999999998
            ],
            [
              116.34369999999998,
              39.949799999999975
            ],
            [
              116.34169999999999,
              39.949799999999975
            ],
            [
              116.34169999999999,
              39.94859999999998
            ]
          ]
        ]
      }
    },
    {
      "type": "Feature",
      "id": "LU-0052",
      "properties": {
        "id": "LU-0052",
        "layer": "LAND_USE",
        "source_type": "agent_inferred_from_public_data",
        "confidence": "low",
        "geometry_role": "design_proposal",
        "official_boundary": false,
        "land_use_code": "05",
        "land_use_label_zh": "商业服务业用地",
        "zone": "AI_SERVICE_ZONE"
      },
      "geometry": {
        "type": "Polygon",
        "coordinates": [
          [
            [
              116.34169999999999,
              39.949799999999975
            ],
            [
              116.34369999999998,
              39.949799999999975
            ],
            [
              116.34369999999998,
              39.95099999999997
            ],
            [
              116.34169999999999,
              39.95099999999997
            ],
            [
              116.34169999999999,
              39.949799999999975
            ]
          ]
        ]
      }
    },
    {
      "type": "Feature",
      "id": "LU-0053",
      "properties": {
        "id": "LU-0053",
        "layer": "LAND_USE",
        "source_type": "agent_inferred_from_public_data",
        "confidence": "low",
        "geometry_role": "design_proposal",
        "official_boundary": false,
        "land_use_code": "05",
        "land_use_label_zh": "商业服务业用地",
        "zone": "AI_SERVICE_ZONE"
      },
      "geometry": {
        "type": "Polygon",
        "coordinates": [
          [
            [
              116.34169999999999,
              39.95099999999997
            ],
            [
              116.34369999999998,
              39.95099999999997
            ],
            [
              116.34369999999998,
              39.95219999999997
            ],
            [
              116.34169999999999,
              39.95219999999997
            ],
            [
              116.34169999999999,
              39.95099999999997
            ]
          ]
        ]
      }
    },
    {
      "type": "Feature",
      "id": "LU-0054",
      "properties": {
        "id": "LU-0054",
        "layer": "LAND_USE",
        "source_type": "agent_inferred_from_public_data",
        "confidence": "low",
        "geometry_role": "design_proposal",
        "official_boundary": false,
        "land_use_code": "05",
        "land_use_label_zh": "商业服务业用地",
        "zone": "AI_SERVICE_ZONE"
      },
      "geometry": {
        "type": "Polygon",
        "coordinates": [
          [
            [
              116.34169999999999,
              39.95219999999997
            ],
            [
              116.34369999999998,
              39.95219999999997
            ],
            [
              116.34369999999998,
              39.95339999999997
            ],
            [
              116.34169999999999,
              39.95339999999997
            ],
            [
              116.34169999999999,
              39.95219999999997
            ]
          ]
        ]
      }
    },
    {
      "type": "Feature",
      "id": "LU-0055",
      "properties": {
        "id": "LU-0055",
        "layer": "LAND_USE",
        "source_type": "agent_inferred_from_public_data",
        "confidence": "low",
        "geometry_role": "design_proposal",
        "official_boundary": false,
        "land_use_code": "05",
        "land_use_label_zh": "商业服务业用地",
        "zone": "AI_SERVICE_ZONE"
      },
      "geometry": {
        "type": "Polygon",
        "coordinates": [
          [
            [
              116.34169999999999,
              39.95339999999997
            ],
            [
              116.34369999999998,
              39.95339999999997
            ],
            [
              116.34369999999998,
              39.954599999999964
            ],
            [
              116.34169999999999,
              39.954599999999964
            ],
            [
              116.34169999999999,
              39.95339999999997
            ]
          ]
        ]
      }
    },
    {
      "type": "Feature",
      "id": "LU-0056",
      "properties": {
        "id": "LU-0056",
        "layer": "LAND_USE",
        "source_type": "agent_inferred_from_public_data",
        "confidence": "low",
        "geometry_role": "design_proposal",
        "official_boundary": false,
        "land_use_code": "05",
        "land_use_label_zh": "商业服务业用地",
        "zone": "AI_SERVICE_ZONE"
      },
      "geometry": {
        "type": "Polygon",
        "coordinates": [
          [
            [
              116.34169999999999,
              39.954599999999964
            ],
            [
              116.34369999999998,
              39.954599999999964
            ],
            [
              116.34369999999998,
              39.95579999999996
            ],
            [
              116.34169999999999,
              39.95579999999996
            ],
            [
              116.34169999999999,
              39.954599999999964
            ]
          ]
        ]
      }
    },
    {
      "type": "Feature",
      "id": "LU-0057",
      "properties": {
        "id": "LU-0057",
        "layer": "LAND_USE",
        "source_type": "agent_inferred_from_public_data",
        "confidence": "low",
        "geometry_role": "design_proposal",
        "official_boundary": false,
        "land_use_code": "05",
        "land_use_label_zh": "商业服务业用地",
        "zone": "AI_SERVICE_ZONE"
      },
      "geometry": {
        "type": "Polygon",
        "coordinates": [
          [
            [
              116.34169999999999,
              39.95579999999996
            ],
            [
              116.34369999999998,
              39.95579999999996
            ],
            [
              116.34369999999998,
              39.95699999999996
            ],
            [
              116.34169999999999,
              39.95699999999996
            ],
            [
              116.34169999999999,
              39.95579999999996
            ]
          ]
        ]
      }
    },
    {
      "type": "Feature",
      "id": "LU-0058",
      "properties": {
        "id": "LU-0058",
        "layer": "LAND_USE",
        "source_type": "agent_inferred_from_public_data",
        "confidence": "low",
        "geometry_role": "design_proposal",
        "official_boundary": false,
        "land_use_code": "05",
        "land_use_label_zh": "商业服务业用地",
        "zone": "AI_SERVICE_ZONE"
      },
      "geometry": {
        "type": "Polygon",
        "coordinates": [
          [
            [
              116.34169999999999,
              39.95699999999996
            ],
            [
              116.34369999999998,
              39.95699999999996
            ],
            [
              116.34369999999998,
              39.958199999999955
            ],
            [
              116.34169999999999,
              39.958199999999955
            ],
            [
              116.34169999999999,
              39.95699999999996
            ]
          ]
        ]
      }
    },
    {
      "type": "Feature",
      "id": "LU-0059",
      "properties": {
        "id": "LU-0059",
        "layer": "LAND_USE",
        "source_type": "agent_inferred_from_public_data",
        "confidence": "low",
        "geometry_role": "design_proposal",
        "official_boundary": false,
        "land_use_code": "05",
        "land_use_label_zh": "商业服务业用地",
        "zone": "AI_SERVICE_ZONE"
      },
      "geometry": {
        "type": "Polygon",
        "coordinates": [
          [
            [
              116.34169999999999,
              39.958199999999955
            ],
            [
              116.34369999999998,
              39.958199999999955
            ],
            [
              116.34369999999998,
              39.95939999999995
            ],
            [
              116.34169999999999,
              39.95939999999995
            ],
            [
              116.34169999999999,
              39.958199999999955
            ]
          ]
        ]
      }
    },
    {
      "type": "Feature",
      "id": "LU-0060",
      "properties": {
        "id": "LU-0060",
        "layer": "LAND_USE",
        "source_type": "agent_inferred_from_public_data",
        "confidence": "low",
        "geometry_role": "design_proposal",
        "official_boundary": false,
        "land_use_code": "05",
        "land_use_label_zh": "商业服务业用地",
        "zone": "AI_SERVICE_ZONE"
      },
      "geometry": {
        "type": "Polygon",
        "coordinates": [
          [
            [
              116.34169999999999,
              39.95939999999995
            ],
            [
              116.34369999999998,
              39.95939999999995
            ],
            [
              116.34369999999998,
              39.96059999999995
            ],
            [
              116.34169999999999,
              39.96059999999995
            ],
            [
              116.34169999999999,
              39.95939999999995
            ]
          ]
        ]
      }
    },
    {
      "type": "Feature",
      "id": "LU-0061",
      "properties": {
        "id": "LU-0061",
        "layer": "LAND_USE",
        "source_type": "agent_inferred_from_public_data",
        "confidence": "low",
        "geometry_role": "design_proposal",
        "official_boundary": false,
        "land_use_code": "07",
        "land_use_label_zh": "居住用地",
        "zone": "context"
      },
      "geometry": {
        "type": "Polygon",
        "coordinates": [
          [
            [
              116.34169999999999,
              39.96059999999995
            ],
            [
              116.34369999999998,
              39.96059999999995
            ],
            [
              116.34369999999998,
              39.96179999999995
            ],
            [
              116.34169999999999,
              39.96179999999995
            ],
            [
              116.34169999999999,
              39.96059999999995
            ]
          ]
        ]
      }
    },
    {
      "type": "Feature",
      "id": "LU-0062",
      "properties": {
        "id": "LU-0062",
        "layer": "LAND_USE",
        "source_type": "agent_inferred_from_public_data",
        "confidence": "low",
        "geometry_role": "design_proposal",
        "official_boundary": false,
        "land_use_code": "07",
        "land_use_label_zh": "居住用地",
        "zone": "context"
      },
      "geometry": {
        "type": "Polygon",
        "coordinates": [
          [
            [
              116.34169999999999,
              39.96179999999995
            ],
            [
              116.34369999999998,
              39.96179999999995
            ],
            [
              116.34369999999998,
              39.962999999999944
            ],
            [
              116.34169999999999,
              39.962999999999944
            ],
            [
              116.34169999999999,
              39.96179999999995
            ]
          ]
        ]
      }
    },
    {
      "type": "Feature",
      "id": "LU-0063",
      "properties": {
        "id": "LU-0063",
        "layer": "LAND_USE",
        "source_type": "agent_inferred_from_public_data",
        "confidence": "low",
        "geometry_role": "design_proposal",
        "official_boundary": false,
        "land_use_code": "0804",
        "land_use_label_zh": "教育用地",
        "zone": "context"
      },
      "geometry": {
        "type": "Polygon",
        "coordinates": [
          [
            [
              116.34169999999999,
              39.962999999999944
            ],
            [
              116.34369999999998,
              39.962999999999944
            ],
            [
              116.34369999999998,
              39.96419999999994
            ],
            [
              116.34169999999999,
              39.96419999999994
            ],
            [
              116.34169999999999,
              39.962999999999944
            ]
          ]
        ]
      }
    },
    {
      "type": "Feature",
      "id": "LU-0064",
      "properties": {
        "id": "LU-0064",
        "layer": "LAND_USE",
        "source_type": "agent_inferred_from_public_data",
        "confidence": "low",
        "geometry_role": "design_proposal",
        "official_boundary": false,
        "land_use_code": "0804",
        "land_use_label_zh": "教育用地",
        "zone": "context"
      },
      "geometry": {
        "type": "Polygon",
        "coordinates": [
          [
            [
              116.34169999999999,
              39.96419999999994
            ],
            [
              116.34369999999998,
              39.96419999999994
            ],
            [
              116.34369999999998,
              39.96539999999994
            ],
            [
              116.34169999999999,
              39.96539999999994
            ],
            [
              116.34169999999999,
              39.96419999999994
            ]
          ]
        ]
      }
    },
    {
      "type": "Feature",
      "id": "LU-0065",
      "properties": {
        "id": "LU-0065",
        "layer": "LAND_USE",
        "source_type": "agent_inferred_from_public_data",
        "confidence": "low",
        "geometry_role": "design_proposal",
        "official_boundary": false,
        "land_use_code": "16",
        "land_use_label_zh": "留白用地",
        "zone": "context"
      },
      "geometry": {
        "type": "Polygon",
        "coordinates": [
          [
            [
              116.34169999999999,
              39.96539999999994
            ],
            [
              116.34369999999998,
              39.96539999999994
            ],
            [
              116.34369999999998,
              39.966599999999936
            ],
            [
              116.34169999999999,
              39.966599999999936
            ],
            [
              116.34169999999999,
              39.96539999999994
            ]
          ]
        ]
      }
    },
    {
      "type": "Feature",
      "id": "LU-0066",
      "properties": {
        "id": "LU-0066",
        "layer": "LAND_USE",
        "source_type": "agent_inferred_from_public_data",
        "confidence": "low",
        "geometry_role": "design_proposal",
        "official_boundary": false,
        "land_use_code": "07",
        "land_use_label_zh": "居住用地",
        "zone": "context"
      },
      "geometry": {
        "type": "Polygon",
        "coordinates": [
          [
            [
              116.34169999999999,
              39.966599999999936
            ],
            [
              116.34369999999998,
              39.966599999999936
            ],
            [
              116.34369999999998,
              39.96779999999993
            ],
            [
              116.34169999999999,
              39.96779999999993
            ],
            [
              116.34169999999999,
              39.966599999999936
            ]
          ]
        ]
      }
    },
    {
      "type": "Feature",
      "id": "LU-0067",
      "properties": {
        "id": "LU-0067",
        "layer": "LAND_USE",
        "source_type": "agent_inferred_from_public_data",
        "confidence": "low",
        "geometry_role": "design_proposal",
        "official_boundary": false,
        "land_use_code": "07",
        "land_use_label_zh": "居住用地",
        "zone": "context"
      },
      "geometry": {
        "type": "Polygon",
        "coordinates": [
          [
            [
              116.34169999999999,
              39.96779999999993
            ],
            [
              116.34369999999998,
              39.96779999999993
            ],
            [
              116.34369999999998,
              39.96899999999993
            ],
            [
              116.34169999999999,
              39.96899999999993
            ],
            [
              116.34169999999999,
              39.96779999999993
            ]
          ]
        ]
      }
    },
    {
      "type": "Feature",
      "id": "LU-0068",
      "properties": {
        "id": "LU-0068",
        "layer": "LAND_USE",
        "source_type": "agent_inferred_from_public_data",
        "confidence": "low",
        "geometry_role": "design_proposal",
        "official_boundary": false,
        "land_use_code": "0804",
        "land_use_label_zh": "教育用地",
        "zone": "context"
      },
      "geometry": {
        "type": "Polygon",
        "coordinates": [
          [
            [
              116.34169999999999,
              39.96899999999993
            ],
            [
              116.34369999999998,
              39.96899999999993
            ],
            [
              116.34369999999998,
              39.97019999999993
            ],
            [
              116.34169999999999,
              39.97019999999993
            ],
            [
              116.34169999999999,
              39.96899999999993
            ]
          ]
        ]
      }
    },
    {
      "type": "Feature",
      "id": "LU-0069",
      "properties": {
        "id": "LU-0069",
        "layer": "LAND_USE",
        "source_type": "agent_inferred_from_public_data",
        "confidence": "low",
        "geometry_role": "design_proposal",
        "official_boundary": false,
        "land_use_code": "0804",
        "land_use_label_zh": "教育用地",
        "zone": "context"
      },
      "geometry": {
        "type": "Polygon",
        "coordinates": [
          [
            [
              116.34169999999999,
              39.97019999999993
            ],
            [
              116.34369999999998,
              39.97019999999993
            ],
            [
              116.34369999999998,
              39.971399999999925
            ],
            [
              116.34169999999999,
              39.971399999999925
            ],
            [
              116.34169999999999,
              39.97019999999993
            ]
          ]
        ]
      }
    },
    {
      "type": "Feature",
      "id": "LU-0070",
      "properties": {
        "id": "LU-0070",
        "layer": "LAND_USE",
        "source_type": "agent_inferred_from_public_data",
        "confidence": "low",
        "geometry_role": "design_proposal",
        "official_boundary": false,
        "land_use_code": "16",
        "land_use_label_zh": "留白用地",
        "zone": "context"
      },
      "geometry": {
        "type": "Polygon",
        "coordinates": [
          [
            [
              116.34169999999999,
              39.971399999999925
            ],
            [
              116.34369999999998,
              39.971399999999925
            ],
            [
              116.34369999999998,
              39.97259999999992
            ],
            [
              116.34169999999999,
              39.97259999999992
            ],
            [
              116.34169999999999,
              39.971399999999925
            ]
          ]
        ]
      }
    },
    {
      "type": "Feature",
      "id": "LU-0071",
      "properties": {
        "id": "LU-0071",
        "layer": "LAND_USE",
        "source_type": "agent_inferred_from_public_data",
        "confidence": "low",
        "geometry_role": "design_proposal",
        "official_boundary": false,
        "land_use_code": "07",
        "land_use_label_zh": "居住用地",
        "zone": "context"
      },
      "geometry": {
        "type": "Polygon",
        "coordinates": [
          [
            [
              116.34169999999999,
              39.97259999999992
            ],
            [
              116.34369999999998,
              39.97259999999992
            ],
            [
              116.34369999999998,
              39.97379999999992
            ],
            [
              116.34169999999999,
              39.97379999999992
            ],
            [
              116.34169999999999,
              39.97259999999992
            ]
          ]
        ]
      }
    },
    {
      "type": "Feature",
      "id": "LU-0072",
      "properties": {
        "id": "LU-0072",
        "layer": "LAND_USE",
        "source_type": "agent_inferred_from_public_data",
        "confidence": "low",
        "geometry_role": "design_proposal",
        "official_boundary": false,
        "land_use_code": "07",
        "land_use_label_zh": "居住用地",
        "zone": "context"
      },
      "geometry": {
        "type": "Polygon",
        "coordinates": [
          [
            [
              116.34169999999999,
              39.97379999999992
            ],
            [
              116.34369999999998,
              39.97379999999992
            ],
            [
              116.34369999999998,
              39.974999999999916
            ],
            [
              116.34169999999999,
              39.974999999999916
            ],
            [
              116.34169999999999,
              39.97379999999992
            ]
          ]
        ]
      }
    },
    {
      "type": "Feature",
      "id": "LU-0073",
      "properties": {
        "id": "LU-0073",
        "layer": "LAND_USE",
        "source_type": "agent_inferred_from_public_data",
        "confidence": "low",
        "geometry_role": "design_proposal",
        "official_boundary": false,
        "land_use_code": "0804",
        "land_use_label_zh": "教育用地",
        "zone": "context"
      },
      "geometry": {
        "type": "Polygon",
        "coordinates": [
          [
            [
              116.34169999999999,
              39.974999999999916
            ],
            [
              116.34369999999998,
              39.974999999999916
            ],
            [
              116.34369999999998,
              39.97619999999991
            ],
            [
              116.34169999999999,
              39.97619999999991
            ],
            [
              116.34169999999999,
              39.974999999999916
            ]
          ]
        ]
      }
    },
    {
      "type": "Feature",
      "id": "LU-0074",
      "properties": {
        "id": "LU-0074",
        "layer": "LAND_USE",
        "source_type": "agent_inferred_from_public_data",
        "confidence": "low",
        "geometry_role": "design_proposal",
        "official_boundary": false,
        "land_use_code": "0804",
        "land_use_label_zh": "教育用地",
        "zone": "context"
      },
      "geometry": {
        "type": "Polygon",
        "coordinates": [
          [
            [
              116.34169999999999,
              39.97619999999991
            ],
            [
              116.34369999999998,
              39.97619999999991
            ],
            [
              116.34369999999998,
              39.97739999999991
            ],
            [
              116.34169999999999,
              39.97739999999991
            ],
            [
              116.34169999999999,
              39.97619999999991
            ]
          ]
        ]
      }
    },
    {
      "type": "Feature",
      "id": "LU-0075",
      "properties": {
        "id": "LU-0075",
        "layer": "LAND_USE",
        "source_type": "agent_inferred_from_public_data",
        "confidence": "low",
        "geometry_role": "design_proposal",
        "official_boundary": false,
        "land_use_code": "16",
        "land_use_label_zh": "留白用地",
        "zone": "context"
      },
      "geometry": {
        "type": "Polygon",
        "coordinates": [
          [
            [
              116.34169999999999,
              39.97739999999991
            ],
            [
              116.34369999999998,
              39.97739999999991
            ],
            [
              116.34369999999998,
              39.97859999999991
            ],
            [
              116.34169999999999,
              39.97859999999991
            ],
            [
              116.34169999999999,
              39.97739999999991
            ]
          ]
        ]
      }
    },
    {
      "type": "Feature",
      "id": "LU-0076",
      "properties": {
        "id": "LU-0076",
        "layer": "LAND_USE",
        "source_type": "agent_inferred_from_public_data",
        "confidence": "low",
        "geometry_role": "design_proposal",
        "official_boundary": false,
        "land_use_code": "07",
        "land_use_label_zh": "居住用地",
        "zone": "context"
      },
      "geometry": {
        "type": "Polygon",
        "coordinates": [
          [
            [
              116.34169999999999,
              39.97859999999991
            ],
            [
              116.34369999999998,
              39.97859999999991
            ],
            [
              116.34369999999998,
              39.979799999999905
            ],
            [
              116.34169999999999,
              39.979799999999905
            ],
            [
              116.34169999999999,
              39.97859999999991
            ]
          ]
        ]
      }
    },
    {
      "type": "Feature",
      "id": "LU-0077",
      "properties": {
        "id": "LU-0077",
        "layer": "LAND_USE",
        "source_type": "agent_inferred_from_public_data",
        "confidence": "low",
        "geometry_role": "design_proposal",
        "official_boundary": false,
        "land_use_code": "07",
        "land_use_label_zh": "居住用地",
        "zone": "context"
      },
      "geometry": {
        "type": "Polygon",
        "coordinates": [
          [
            [
              116.34169999999999,
              39.979799999999905
            ],
            [
              116.34369999999998,
              39.979799999999905
            ],
            [
              116.34369999999998,
              39.9809999999999
            ],
            [
              116.34169999999999,
              39.9809999999999
            ],
            [
              116.34169999999999,
              39.979799999999905
            ]
          ]
        ]
      }
    },
    {
      "type": "Feature",
      "id": "LU-0078",
      "properties": {
        "id": "LU-0078",
        "layer": "LAND_USE",
        "source_type": "agent_inferred_from_public_data",
        "confidence": "low",
        "geometry_role": "design_proposal",
        "official_boundary": false,
        "land_use_code": "0804",
        "land_use_label_zh": "教育用地",
        "zone": "context"
      },
      "geometry": {
        "type": "Polygon",
        "coordinates": [
          [
            [
              116.34169999999999,
              39.9809999999999
            ],
            [
              116.34369999999998,
              39.9809999999999
            ],
            [
              116.34369999999998,
              39.9821999999999
            ],
            [
              116.34169999999999,
              39.9821999999999
            ],
            [
              116.34169999999999,
              39.9809999999999
            ]
          ]
        ]
      }
    },
    {
      "type": "Feature",
      "id": "LU-0079",
      "properties": {
        "id": "LU-0079",
        "layer": "LAND_USE",
        "source_type": "agent_inferred_from_public_data",
        "confidence": "low",
        "geometry_role": "design_proposal",
        "official_boundary": false,
        "land_use_code": "0804",
        "land_use_label_zh": "教育用地",
        "zone": "context"
      },
      "geometry": {
        "type": "Polygon",
        "coordinates": [
          [
            [
              116.34169999999999,
              39.9821999999999
            ],
            [
              116.34369999999998,
              39.9821999999999
            ],
            [
              116.34369999999998,
              39.9833999999999
            ],
            [
              116.34169999999999,
              39.9833999999999
            ],
            [
              116.34169999999999,
              39.9821999999999
            ]
          ]
        ]
      }
    },
    {
      "type": "Feature",
      "id": "LU-0080",
      "properties": {
        "id": "LU-0080",
        "layer": "LAND_USE",
        "source_type": "agent_inferred_from_public_data",
        "confidence": "low",
        "geometry_role": "design_proposal",
        "official_boundary": false,
        "land_use_code": "0701",
        "land_use_label_zh": "城镇住宅用地",
        "zone": "context"
      },
      "geometry": {
        "type": "Polygon",
        "coordinates": [
          [
            [
              116.34169999999999,
              39.9833999999999
            ],
            [
              116.34369999999998,
              39.9833999999999
            ],
            [
              116.34369999999998,
              39.984599999999894
            ],
            [
              116.34169999999999,
              39.984599999999894
            ],
            [
              116.34169999999999,
              39.9833999999999
            ]
          ]
        ]
      }
    },
    {
      "type": "Feature",
      "id": "LU-0081",
      "properties": {
        "id": "LU-0081",
        "layer": "LAND_USE",
        "source_type": "agent_inferred_from_public_data",
        "confidence": "low",
        "geometry_role": "design_proposal",
        "official_boundary": false,
        "land_use_code": "0701",
        "land_use_label_zh": "城镇住宅用地",
        "zone": "context"
      },
      "geometry": {
        "type": "Polygon",
        "coordinates": [
          [
            [
              116.34169999999999,
              39.984599999999894
            ],
            [
              116.34369999999998,
              39.984599999999894
            ],
            [
              116.34369999999998,
              39.98579999999989
            ],
            [
              116.34169999999999,
              39.98579999999989
            ],
            [
              116.34169999999999,
              39.984599999999894
            ]
          ]
        ]
      }
    },
    {
      "type": "Feature",
      "id": "LU-0082",
      "properties": {
        "id": "LU-0082",
        "layer": "LAND_USE",
        "source_type": "agent_inferred_from_public_data",
        "confidence": "low",
        "geometry_role": "design_proposal",
        "official_boundary": false,
        "land_use_code": "0701",
        "land_use_label_zh": "城镇住宅用地",
        "zone": "context"
      },
      "geometry": {
        "type": "Polygon",
        "coordinates": [
          [
            [
              116.34169999999999,
              39.98579999999989
            ],
            [
              116.34369999999998,
              39.98579999999989
            ],
            [
              116.34369999999998,
              39.98699999999989
            ],
            [
              116.34169999999999,
              39.98699999999989
            ],
            [
              116.34169999999999,
              39.98579999999989
            ]
          ]
        ]
      }
    },
    {
      "type": "Feature",
      "id": "LU-0083",
      "properties": {
        "id": "LU-0083",
        "layer": "LAND_USE",
        "source_type": "agent_inferred_from_public_data",
        "confidence": "low",
        "geometry_role": "design_proposal",
        "official_boundary": false,
        "land_use_code": "0701",
        "land_use_label_zh": "城镇住宅用地",
        "zone": "context"
      },
      "geometry": {
        "type": "Polygon",
        "coordinates": [
          [
            [
              116.34169999999999,
              39.98699999999989
            ],
            [
              116.34369999999998,
              39.98699999999989
            ],
            [
              116.34369999999998,
              39.988199999999885
            ],
            [
              116.34169999999999,
              39.988199999999885
            ],
            [
              116.34169999999999,
              39.98699999999989
            ]
          ]
        ]
      }
    },
    {
      "type": "Feature",
      "id": "LU-0084",
      "properties": {
        "id": "LU-0084",
        "layer": "LAND_USE",
        "source_type": "agent_inferred_from_public_data",
        "confidence": "low",
        "geometry_role": "design_proposal",
        "official_boundary": false,
        "land_use_code": "0701",
        "land_use_label_zh": "城镇住宅用地",
        "zone": "context"
      },
      "geometry": {
        "type": "Polygon",
        "coordinates": [
          [
            [
              116.34169999999999,
              39.988199999999885
            ],
            [
              116.34369999999998,
              39.988199999999885
            ],
            [
              116.34369999999998,
              39.98939999999988
            ],
            [
              116.34169999999999,
              39.98939999999988
            ],
            [
              116.34169999999999,
              39.988199999999885
            ]
          ]
        ]
      }
    },
    {
      "type": "Feature",
      "id": "LU-0085",
      "properties": {
        "id": "LU-0085",
        "layer": "LAND_USE",
        "source_type": "agent_inferred_from_public_data",
        "confidence": "low",
        "geometry_role": "design_proposal",
        "official_boundary": false,
        "land_use_code": "0701",
        "land_use_label_zh": "城镇住宅用地",
        "zone": "context"
      },
      "geometry": {
        "type": "Polygon",
        "coordinates": [
          [
            [
              116.34169999999999,
              39.98939999999988
            ],
            [
              116.34369999999998,
              39.98939999999988
            ],
            [
              116.34369999999998,
              39.99059999999988
            ],
            [
              116.34169999999999,
              39.99059999999988
            ],
            [
              116.34169999999999,
              39.98939999999988
            ]
          ]
        ]
      }
    },
    {
      "type": "Feature",
      "id": "LU-0086",
      "properties": {
        "id": "LU-0086",
        "layer": "LAND_USE",
        "source_type": "agent_inferred_from_public_data",
        "confidence": "low",
        "geometry_role": "design_proposal",
        "official_boundary": false,
        "land_use_code": "0701",
        "land_use_label_zh": "城镇住宅用地",
        "zone": "context"
      },
      "geometry": {
        "type": "Polygon",
        "coordinates": [
          [
            [
              116.34169999999999,
              39.99059999999988
            ],
            [
              116.34369999999998,
              39.99059999999988
            ],
            [
              116.34369999999998,
              39.99179999999988
            ],
            [
              116.34169999999999,
              39.99179999999988
            ],
            [
              116.34169999999999,
              39.99059999999988
            ]
          ]
        ]
      }
    },
    {
      "type": "Feature",
      "id": "LU-0087",
      "properties": {
        "id": "LU-0087",
        "layer": "LAND_USE",
        "source_type": "agent_inferred_from_public_data",
        "confidence": "low",
        "geometry_role": "design_proposal",
        "official_boundary": false,
        "land_use_code": "0701",
        "land_use_label_zh": "城镇住宅用地",
        "zone": "context"
      },
      "geometry": {
        "type": "Polygon",
        "coordinates": [
          [
            [
              116.34169999999999,
              39.99179999999988
            ],
            [
              116.34369999999998,
              39.99179999999988
            ],
            [
              116.34369999999998,
              39.992999999999874
            ],
            [
              116.34169999999999,
              39.992999999999874
            ],
            [
              116.34169999999999,
              39.99179999999988
            ]
          ]
        ]
      }
    },
    {
      "type": "Feature",
      "id": "LU-0088",
      "properties": {
        "id": "LU-0088",
        "layer": "LAND_USE",
        "source_type": "agent_inferred_from_public_data",
        "confidence": "low",
        "geometry_role": "design_proposal",
        "official_boundary": false,
        "land_use_code": "0804",
        "land_use_label_zh": "教育用地",
        "zone": "context"
      },
      "geometry": {
        "type": "Polygon",
        "coordinates": [
          [
            [
              116.34169999999999,
              39.992999999999874
            ],
            [
              116.34369999999998,
              39.992999999999874
            ],
            [
              116.34369999999998,
              39.99419999999987
            ],
            [
              116.34169999999999,
              39.99419999999987
            ],
            [
              116.34169999999999,
              39.992999999999874
            ]
          ]
        ]
      }
    },
    {
      "type": "Feature",
      "id": "LU-0089",
      "properties": {
        "id": "LU-0089",
        "layer": "LAND_USE",
        "source_type": "agent_inferred_from_public_data",
        "confidence": "low",
        "geometry_role": "design_proposal",
        "official_boundary": false,
        "land_use_code": "0804",
        "land_use_label_zh": "教育用地",
        "zone": "context"
      },
      "geometry": {
        "type": "Polygon",
        "coordinates": [
          [
            [
              116.34169999999999,
              39.99419999999987
            ],
            [
              116.34369999999998,
              39.99419999999987
            ],
            [
              116.34369999999998,
              39.99539999999987
            ],
            [
              116.34169999999999,
              39.99539999999987
            ],
            [
              116.34169999999999,
              39.99419999999987
            ]
          ]
        ]
      }
    },
    {
      "type": "Feature",
      "id": "LU-0090",
      "properties": {
        "id": "LU-0090",
        "layer": "LAND_USE",
        "source_type": "agent_inferred_from_public_data",
        "confidence": "low",
        "geometry_role": "design_proposal",
        "official_boundary": false,
        "land_use_code": "16",
        "land_use_label_zh": "留白用地",
        "zone": "context"
      },
      "geometry": {
        "type": "Polygon",
        "coordinates": [
          [
            [
              116.34169999999999,
              39.99539999999987
            ],
            [
              116.34369999999998,
              39.99539999999987
            ],
            [
              116.34369999999998,
              39.996599999999866
            ],
            [
              116.34169999999999,
              39.996599999999866
            ],
            [
              116.34169999999999,
              39.99539999999987
            ]
          ]
        ]
      }
    },
    {
      "type": "Feature",
      "id": "LU-0091",
      "properties": {
        "id": "LU-0091",
        "layer": "LAND_USE",
        "source_type": "agent_inferred_from_public_data",
        "confidence": "low",
        "geometry_role": "design_proposal",
        "official_boundary": false,
        "land_use_code": "07",
        "land_use_label_zh": "居住用地",
        "zone": "context"
      },
      "geometry": {
        "type": "Polygon",
        "coordinates": [
          [
            [
              116.34169999999999,
              39.996599999999866
            ],
            [
              116.34369999999998,
              39.996599999999866
            ],
            [
              116.34369999999998,
              39.99779999999986
            ],
            [
              116.34169999999999,
              39.99779999999986
            ],
            [
              116.34169999999999,
              39.996599999999866
            ]
          ]
        ]
      }
    },
    {
      "type": "Feature",
      "id": "LU-0092",
      "properties": {
        "id": "LU-0092",
        "layer": "LAND_USE",
        "source_type": "agent_inferred_from_public_data",
        "confidence": "low",
        "geometry_role": "design_proposal",
        "official_boundary": false,
        "land_use_code": "07",
        "land_use_label_zh": "居住用地",
        "zone": "context"
      },
      "geometry": {
        "type": "Polygon",
        "coordinates": [
          [
            [
              116.34169999999999,
              39.99779999999986
            ],
            [
              116.34369999999998,
              39.99779999999986
            ],
            [
              116.34369999999998,
              39.99899999999986
            ],
            [
              116.34169999999999,
              39.99899999999986
            ],
            [
              116.34169999999999,
              39.99779999999986
            ]
          ]
        ]
      }
    },
    {
      "type": "Feature",
      "id": "LU-0093",
      "properties": {
        "id": "LU-0093",
        "layer": "LAND_USE",
        "source_type": "agent_inferred_from_public_data",
        "confidence": "low",
        "geometry_role": "design_proposal",
        "official_boundary": false,
        "land_use_code": "0804",
        "land_use_label_zh": "教育用地",
        "zone": "context"
      },
      "geometry": {
        "type": "Polygon",
        "coordinates": [
          [
            [
              116.34169999999999,
              39.99899999999986
            ],
            [
              116.34369999999998,
              39.99899999999986
            ],
            [
              116.34369999999998,
              40.00019999999986
            ],
            [
              116.34169999999999,
              40.00019999999986
            ],
            [
              116.34169999999999,
              39.99899999999986
            ]
          ]
        ]
      }
    },
    {
      "type": "Feature",
      "id": "LU-0094",
      "properties": {
        "id": "LU-0094",
        "layer": "LAND_USE",
        "source_type": "agent_inferred_from_public_data",
        "confidence": "low",
        "geometry_role": "design_proposal",
        "official_boundary": false,
        "land_use_code": "0804",
        "land_use_label_zh": "教育用地",
        "zone": "context"
      },
      "geometry": {
        "type": "Polygon",
        "coordinates": [
          [
            [
              116.34169999999999,
              40.00019999999986
            ],
            [
              116.34369999999998,
              40.00019999999986
            ],
            [
              116.34369999999998,
              40.001399999999855
            ],
            [
              116.34169999999999,
              40.001399999999855
            ],
            [
              116.34169999999999,
              40.00019999999986
            ]
          ]
        ]
      }
    },
    {
      "type": "Feature",
      "id": "LU-0095",
      "properties": {
        "id": "LU-0095",
        "layer": "LAND_USE",
        "source_type": "agent_inferred_from_public_data",
        "confidence": "low",
        "geometry_role": "design_proposal",
        "official_boundary": false,
        "land_use_code": "16",
        "land_use_label_zh": "留白用地",
        "zone": "context"
      },
      "geometry": {
        "type": "Polygon",
        "coordinates": [
          [
            [
              116.34169999999999,
              40.001399999999855
            ],
            [
              116.34369999999998,
              40.001399999999855
            ],
            [
              116.34369999999998,
              40.00259999999985
            ],
            [
              116.34169999999999,
              40.00259999999985
            ],
            [
              116.34169999999999,
              40.001399999999855
            ]
          ]
        ]
      }
    },
    {
      "type": "Feature",
      "id": "LU-0096",
      "properties": {
        "id": "LU-0096",
        "layer": "LAND_USE",
        "source_type": "agent_inferred_from_public_data",
        "confidence": "low",
        "geometry_role": "design_proposal",
        "official_boundary": false,
        "land_use_code": "07",
        "land_use_label_zh": "居住用地",
        "zone": "context"
      },
      "geometry": {
        "type": "Polygon",
        "coordinates": [
          [
            [
              116.34169999999999,
              40.00259999999985
            ],
            [
              116.34369999999998,
              40.00259999999985
            ],
            [
              116.34369999999998,
              40.00379999999985
            ],
            [
              116.34169999999999,
              40.00379999999985
            ],
            [
              116.34169999999999,
              40.00259999999985
            ]
          ]
        ]
      }
    },
    {
      "type": "Feature",
      "id": "LU-0097",
      "properties": {
        "id": "LU-0097",
        "layer": "LAND_USE",
        "source_type": "agent_inferred_from_public_data",
        "confidence": "low",
        "geometry_role": "design_proposal",
        "official_boundary": false,
        "land_use_code": "07",
        "land_use_label_zh": "居住用地",
        "zone": "context"
      },
      "geometry": {
        "type": "Polygon",
        "coordinates": [
          [
            [
              116.34169999999999,
              40.00379999999985
            ],
            [
              116.34369999999998,
              40.00379999999985
            ],
            [
              116.34369999999998,
              40.004999999999846
            ],
            [
              116.34169999999999,
              40.004999999999846
            ],
            [
              116.34169999999999,
              40.00379999999985
            ]
          ]
        ]
      }
    },
    {
      "type": "Feature",
      "id": "LU-0098",
      "properties": {
        "id": "LU-0098",
        "layer": "LAND_USE",
        "source_type": "agent_inferred_from_public_data",
        "confidence": "low",
        "geometry_role": "design_proposal",
        "official_boundary": false,
        "land_use_code": "0802",
        "land_use_label_zh": "科研用地",
        "zone": "AI_SERVICE_ZONE"
      },
      "geometry": {
        "type": "Polygon",
        "coordinates": [
          [
            [
              116.34169999999999,
              40.004999999999846
            ],
            [
              116.34369999999998,
              40.004999999999846
            ],
            [
              116.34369999999998,
              40.00619999999984
            ],
            [
              116.34169999999999,
              40.00619999999984
            ],
            [
              116.34169999999999,
              40.004999999999846
            ]
          ]
        ]
      }
    },
    {
      "type": "Feature",
      "id": "LU-0099",
      "properties": {
        "id": "LU-0099",
        "layer": "LAND_USE",
        "source_type": "agent_inferred_from_public_data",
        "confidence": "low",
        "geometry_role": "design_proposal",
        "official_boundary": false,
        "land_use_code": "0802",
        "land_use_label_zh": "科研用地",
        "zone": "AI_SERVICE_ZONE"
      },
      "geometry": {
        "type": "Polygon",
        "coordinates": [
          [
            [
              116.34169999999999,
              40.00619999999984
            ],
            [
              116.34369999999998,
              40.00619999999984
            ],
            [
              116.34369999999998,
              40.00739999999984
            ],
            [
              116.34169999999999,
              40.00739999999984
            ],
            [
              116.34169999999999,
              40.00619999999984
            ]
          ]
        ]
      }
    },
    {
      "type": "Feature",
      "id": "LU-0100",
      "properties": {
        "id": "LU-0100",
        "layer": "LAND_USE",
        "source_type": "agent_inferred_from_public_data",
        "confidence": "low",
        "geometry_role": "design_proposal",
        "official_boundary": false,
        "land_use_code": "0802",
        "land_use_label_zh": "科研用地",
        "zone": "AI_SERVICE_ZONE"
      },
      "geometry": {
        "type": "Polygon",
        "coordinates": [
          [
            [
              116.34169999999999,
              40.00739999999984
            ],
            [
              116.34369999999998,
              40.00739999999984
            ],
            [
              116.34369999999998,
              40.00859999999984
            ],
            [
              116.34169999999999,
              40.00859999999984
            ],
            [
              116.34169999999999,
              40.00739999999984
            ]
          ]
        ]
      }
    },
    {
      "type": "Feature",
      "id": "LU-0101",
      "properties": {
        "id": "LU-0101",
        "layer": "LAND_USE",
        "source_type": "agent_inferred_from_public_data",
        "confidence": "low",
        "geometry_role": "design_proposal",
        "official_boundary": false,
        "land_use_code": "0802",
        "land_use_label_zh": "科研用地",
        "zone": "AI_SERVICE_ZONE"
      },
      "geometry": {
        "type": "Polygon",
        "coordinates": [
          [
            [
              116.34169999999999,
              40.00859999999984
            ],
            [
              116.34369999999998,
              40.00859999999984
            ],
            [
              116.34369999999998,
              40.009799999999835
            ],
            [
              116.34169999999999,
              40.009799999999835
            ],
            [
              116.34169999999999,
              40.00859999999984
            ]
          ]
        ]
      }
    },
    {
      "type": "Feature",
      "id": "LU-0102",
      "properties": {
        "id": "LU-0102",
        "layer": "LAND_USE",
        "source_type": "agent_inferred_from_public_data",
        "confidence": "low",
        "geometry_role": "design_proposal",
        "official_boundary": false,
        "land_use_code": "0802",
        "land_use_label_zh": "科研用地",
        "zone": "AI_SERVICE_ZONE"
      },
      "geometry": {
        "type": "Polygon",
        "coordinates": [
          [
            [
              116.34169999999999,
              40.009799999999835
            ],
            [
              116.34369999999998,
              40.009799999999835
            ],
            [
              116.34369999999998,
              40.01099999999983
            ],
            [
              116.34169999999999,
              40.01099999999983
            ],
            [
              116.34169999999999,
              40.009799999999835
            ]
          ]
        ]
      }
    },
    {
      "type": "Feature",
      "id": "LU-0103",
      "properties": {
        "id": "LU-0103",
        "layer": "LAND_USE",
        "source_type": "agent_inferred_from_public_data",
        "confidence": "low",
        "geometry_role": "design_proposal",
        "official_boundary": false,
        "land_use_code": "0802",
        "land_use_label_zh": "科研用地",
        "zone": "AI_SERVICE_ZONE"
      },
      "geometry": {
        "type": "Polygon",
        "coordinates": [
          [
            [
              116.34169999999999,
              40.01099999999983
            ],
            [
              116.34369999999998,
              40.01099999999983
            ],
            [
              116.34369999999998,
              40.01219999999983
            ],
            [
              116.34169999999999,
              40.01219999999983
            ],
            [
              116.34169999999999,
              40.01099999999983
            ]
          ]
        ]
      }
    },
    {
      "type": "Feature",
      "id": "LU-0104",
      "properties": {
        "id": "LU-0104",
        "layer": "LAND_USE",
        "source_type": "agent_inferred_from_public_data",
        "confidence": "low",
        "geometry_role": "design_proposal",
        "official_boundary": false,
        "land_use_code": "0802",
        "land_use_label_zh": "科研用地",
        "zone": "AI_SERVICE_ZONE"
      },
      "geometry": {
        "type": "Polygon",
        "coordinates": [
          [
            [
              116.34169999999999,
              40.01219999999983
            ],
            [
              116.34369999999998,
              40.01219999999983
            ],
            [
              116.34369999999998,
              40.01339999999983
            ],
            [
              116.34169999999999,
              40.01339999999983
            ],
            [
              116.34169999999999,
              40.01219999999983
            ]
          ]
        ]
      }
    },
    {
      "type": "Feature",
      "id": "LU-0105",
      "properties": {
        "id": "LU-0105",
        "layer": "LAND_USE",
        "source_type": "agent_inferred_from_public_data",
        "confidence": "low",
        "geometry_role": "design_proposal",
        "official_boundary": false,
        "land_use_code": "0802",
        "land_use_label_zh": "科研用地",
        "zone": "AI_SERVICE_ZONE"
      },
      "geometry": {
        "type": "Polygon",
        "coordinates": [
          [
            [
              116.34169999999999,
              40.01339999999983
            ],
            [
              116.34369999999998,
              40.01339999999983
            ],
            [
              116.34369999999998,
              40.014599999999824
            ],
            [
              116.34169999999999,
              40.014599999999824
            ],
            [
              116.34169999999999,
              40.01339999999983
            ]
          ]
        ]
      }
    },
    {
      "type": "Feature",
      "id": "LU-0106",
      "properties": {
        "id": "LU-0106",
        "layer": "LAND_USE",
        "source_type": "agent_inferred_from_public_data",
        "confidence": "low",
        "geometry_role": "design_proposal",
        "official_boundary": false,
        "land_use_code": "0802",
        "land_use_label_zh": "科研用地",
        "zone": "AI_SERVICE_ZONE"
      },
      "geometry": {
        "type": "Polygon",
        "coordinates": [
          [
            [
              116.34169999999999,
              40.014599999999824
            ],
            [
              116.34369999999998,
              40.014599999999824
            ],
            [
              116.34369999999998,
              40.01579999999982
            ],
            [
              116.34169999999999,
              40.01579999999982
            ],
            [
              116.34169999999999,
              40.014599999999824
            ]
          ]
        ]
      }
    },
    {
      "type": "Feature",
      "id": "LU-0107",
      "properties": {
        "id": "LU-0107",
        "layer": "LAND_USE",
        "source_type": "agent_inferred_from_public_data",
        "confidence": "low",
        "geometry_role": "design_proposal",
        "official_boundary": false,
        "land_use_code": "0802",
        "land_use_label_zh": "科研用地",
        "zone": "AI_SERVICE_ZONE"
      },
      "geometry": {
        "type": "Polygon",
        "coordinates": [
          [
            [
              116.34169999999999,
              40.01579999999982
            ],
            [
              116.34369999999998,
              40.01579999999982
            ],
            [
              116.34369999999998,
              40.01699999999982
            ],
            [
              116.34169999999999,
              40.01699999999982
            ],
            [
              116.34169999999999,
              40.01579999999982
            ]
          ]
        ]
      }
    },
    {
      "type": "Feature",
      "id": "LU-0108",
      "properties": {
        "id": "LU-0108",
        "layer": "LAND_USE",
        "source_type": "agent_inferred_from_public_data",
        "confidence": "low",
        "geometry_role": "design_proposal",
        "official_boundary": false,
        "land_use_code": "0802",
        "land_use_label_zh": "科研用地",
        "zone": "AI_SERVICE_ZONE"
      },
      "geometry": {
        "type": "Polygon",
        "coordinates": [
          [
            [
              116.34169999999999,
              40.01699999999982
            ],
            [
              116.34369999999998,
              40.01699999999982
            ],
            [
              116.34369999999998,
              40.018199999999815
            ],
            [
              116.34169999999999,
              40.018199999999815
            ],
            [
              116.34169999999999,
              40.01699999999982
            ]
          ]
        ]
      }
    },
    {
      "type": "Feature",
      "id": "LU-0109",
      "properties": {
        "id": "LU-0109",
        "layer": "LAND_USE",
        "source_type": "agent_inferred_from_public_data",
        "confidence": "low",
        "geometry_role": "design_proposal",
        "official_boundary": false,
        "land_use_code": "0802",
        "land_use_label_zh": "科研用地",
        "zone": "AI_SERVICE_ZONE"
      },
      "geometry": {
        "type": "Polygon",
        "coordinates": [
          [
            [
              116.34169999999999,
              40.018199999999815
            ],
            [
              116.34369999999998,
              40.018199999999815
            ],
            [
              116.34369999999998,
              40.01939999999981
            ],
            [
              116.34169999999999,
              40.01939999999981
            ],
            [
              116.34169999999999,
              40.018199999999815
            ]
          ]
        ]
      }
    },
    {
      "type": "Feature",
      "id": "LU-0110",
      "properties": {
        "id": "LU-0110",
        "layer": "LAND_USE",
        "source_type": "agent_inferred_from_public_data",
        "confidence": "low",
        "geometry_role": "design_proposal",
        "official_boundary": false,
        "land_use_code": "0802",
        "land_use_label_zh": "科研用地",
        "zone": "AI_SERVICE_ZONE"
      },
      "geometry": {
        "type": "Polygon",
        "coordinates": [
          [
            [
              116.34169999999999,
              40.01939999999981
            ],
            [
              116.34369999999998,
              40.01939999999981
            ],
            [
              116.34369999999998,
              40.02059999999981
            ],
            [
              116.34169999999999,
              40.02059999999981
            ],
            [
              116.34169999999999,
              40.01939999999981
            ]
          ]
        ]
      }
    },
    {
      "type": "Feature",
      "id": "LU-0111",
      "properties": {
        "id": "LU-0111",
        "layer": "LAND_USE",
        "source_type": "agent_inferred_from_public_data",
        "confidence": "low",
        "geometry_role": "design_proposal",
        "official_boundary": false,
        "land_use_code": "0802",
        "land_use_label_zh": "科研用地",
        "zone": "AI_SERVICE_ZONE"
      },
      "geometry": {
        "type": "Polygon",
        "coordinates": [
          [
            [
              116.34169999999999,
              40.02059999999981
            ],
            [
              116.34369999999998,
              40.02059999999981
            ],
            [
              116.34369999999998,
              40.02179999999981
            ],
            [
              116.34169999999999,
              40.02179999999981
            ],
            [
              116.34169999999999,
              40.02059999999981
            ]
          ]
        ]
      }
    },
    {
      "type": "Feature",
      "id": "LU-0112",
      "properties": {
        "id": "LU-0112",
        "layer": "LAND_USE",
        "source_type": "agent_inferred_from_public_data",
        "confidence": "low",
        "geometry_role": "design_proposal",
        "official_boundary": false,
        "land_use_code": "0802",
        "land_use_label_zh": "科研用地",
        "zone": "AI_SERVICE_ZONE"
      },
      "geometry": {
        "type": "Polygon",
        "coordinates": [
          [
            [
              116.34169999999999,
              40.02179999999981
            ],
            [
              116.34369999999998,
              40.02179999999981
            ],
            [
              116.34369999999998,
              40.022999999999804
            ],
            [
              116.34169999999999,
              40.022999999999804
            ],
            [
              116.34169999999999,
              40.02179999999981
            ]
          ]
        ]
      }
    },
    {
      "type": "Feature",
      "id": "LU-0113",
      "properties": {
        "id": "LU-0113",
        "layer": "LAND_USE",
        "source_type": "agent_inferred_from_public_data",
        "confidence": "low",
        "geometry_role": "design_proposal",
        "official_boundary": false,
        "land_use_code": "0802",
        "land_use_label_zh": "科研用地",
        "zone": "AI_SERVICE_ZONE"
      },
      "geometry": {
        "type": "Polygon",
        "coordinates": [
          [
            [
              116.34169999999999,
              40.022999999999804
            ],
            [
              116.34369999999998,
              40.022999999999804
            ],
            [
              116.34369999999998,
              40.0241999999998
            ],
            [
              116.34169999999999,
              40.0241999999998
            ],
            [
              116.34169999999999,
              40.022999999999804
            ]
          ]
        ]
      }
    },
    {
      "type": "Feature",
      "id": "LU-0114",
      "properties": {
        "id": "LU-0114",
        "layer": "LAND_USE",
        "source_type": "agent_inferred_from_public_data",
        "confidence": "low",
        "geometry_role": "design_proposal",
        "official_boundary": false,
        "land_use_code": "0802",
        "land_use_label_zh": "科研用地",
        "zone": "AI_SERVICE_ZONE"
      },
      "geometry": {
        "type": "Polygon",
        "coordinates": [
          [
            [
              116.34169999999999,
              40.0241999999998
            ],
            [
              116.34369999999998,
              40.0241999999998
            ],
            [
              116.34369999999998,
              40.0253999999998
            ],
            [
              116.34169999999999,
              40.0253999999998
            ],
            [
              116.34169999999999,
              40.0241999999998
            ]
          ]
        ]
      }
    },
    {
      "type": "Feature",
      "id": "LU-0115",
      "properties": {
        "id": "LU-0115",
        "layer": "LAND_USE",
        "source_type": "agent_inferred_from_public_data",
        "confidence": "low",
        "geometry_role": "design_proposal",
        "official_boundary": false,
        "land_use_code": "0802",
        "land_use_label_zh": "科研用地",
        "zone": "AI_SERVICE_ZONE"
      },
      "geometry": {
        "type": "Polygon",
        "coordinates": [
          [
            [
              116.34169999999999,
              40.0253999999998
            ],
            [
              116.34369999999998,
              40.0253999999998
            ],
            [
              116.34369999999998,
              40.026599999999796
            ],
            [
              116.34169999999999,
              40.026599999999796
            ],
            [
              116.34169999999999,
              40.0253999999998
            ]
          ]
        ]
      }
    },
    {
      "type": "Feature",
      "id": "LU-0116",
      "properties": {
        "id": "LU-0116",
        "layer": "LAND_USE",
        "source_type": "agent_inferred_from_public_data",
        "confidence": "low",
        "geometry_role": "design_proposal",
        "official_boundary": false,
        "land_use_code": "05",
        "land_use_label_zh": "商业服务业用地",
        "zone": "AI_SERVICE_ZONE"
      },
      "geometry": {
        "type": "Polygon",
        "coordinates": [
          [
            [
              116.34369999999998,
              39.939
            ],
            [
              116.34569999999998,
              39.939
            ],
            [
              116.34569999999998,
              39.9402
            ],
            [
              116.34369999999998,
              39.9402
            ],
            [
              116.34369999999998,
              39.939
            ]
          ]
        ]
      }
    },
    {
      "type": "Feature",
      "id": "LU-0117",
      "properties": {
        "id": "LU-0117",
        "layer": "LAND_USE",
        "source_type": "agent_inferred_from_public_data",
        "confidence": "low",
        "geometry_role": "design_proposal",
        "official_boundary": false,
        "land_use_code": "05",
        "land_use_label_zh": "商业服务业用地",
        "zone": "AI_SERVICE_ZONE"
      },
      "geometry": {
        "type": "Polygon",
        "coordinates": [
          [
            [
              116.34369999999998,
              39.9402
            ],
            [
              116.34569999999998,
              39.9402
            ],
            [
              116.34569999999998,
              39.941399999999994
            ],
            [
              116.34369999999998,
              39.941399999999994
            ],
            [
              116.34369999999998,
              39.9402
            ]
          ]
        ]
      }
    },
    {
      "type": "Feature",
      "id": "LU-0118",
      "properties": {
        "id": "LU-0118",
        "layer": "LAND_USE",
        "source_type": "agent_inferred_from_public_data",
        "confidence": "low",
        "geometry_role": "design_proposal",
        "official_boundary": false,
        "land_use_code": "05",
        "land_use_label_zh": "商业服务业用地",
        "zone": "AI_SERVICE_ZONE"
      },
      "geometry": {
        "type": "Polygon",
        "coordinates": [
          [
            [
              116.34369999999998,
              39.941399999999994
            ],
            [
              116.34569999999998,
              39.941399999999994
            ],
            [
              116.34569999999998,
              39.94259999999999
            ],
            [
              116.34369999999998,
              39.94259999999999
            ],
            [
              116.34369999999998,
              39.941399999999994
            ]
          ]
        ]
      }
    },
    {
      "type": "Feature",
      "id": "LU-0119",
      "properties": {
        "id": "LU-0119",
        "layer": "LAND_USE",
        "source_type": "agent_inferred_from_public_data",
        "confidence": "low",
        "geometry_role": "design_proposal",
        "official_boundary": false,
        "land_use_code": "05",
        "land_use_label_zh": "商业服务业用地",
        "zone": "AI_SERVICE_ZONE"
      },
      "geometry": {
        "type": "Polygon",
        "coordinates": [
          [
            [
              116.34369999999998,
              39.94259999999999
            ],
            [
              116.34569999999998,
              39.94259999999999
            ],
            [
              116.34569999999998,
              39.94379999999999
            ],
            [
              116.34369999999998,
              39.94379999999999
            ],
            [
              116.34369999999998,
              39.94259999999999
            ]
          ]
        ]
      }
    },
    {
      "type": "Feature",
      "id": "LU-0120",
      "properties": {
        "id": "LU-0120",
        "layer": "LAND_USE",
        "source_type": "agent_inferred_from_public_data",
        "confidence": "low",
        "geometry_role": "design_proposal",
        "official_boundary": false,
        "land_use_code": "05",
        "land_use_label_zh": "商业服务业用地",
        "zone": "AI_SERVICE_ZONE"
      },
      "geometry": {
        "type": "Polygon",
        "coordinates": [
          [
            [
              116.34369999999998,
              39.94379999999999
            ],
            [
              116.34569999999998,
              39.94379999999999
            ],
            [
              116.34569999999998,
              39.944999999999986
            ],
            [
              116.34369999999998,
              39.944999999999986
            ],
            [
              116.34369999999998,
              39.94379999999999
            ]
          ]
        ]
      }
    },
    {
      "type": "Feature",
      "id": "LU-0121",
      "properties": {
        "id": "LU-0121",
        "layer": "LAND_USE",
        "source_type": "agent_inferred_from_public_data",
        "confidence": "low",
        "geometry_role": "design_proposal",
        "official_boundary": false,
        "land_use_code": "05",
        "land_use_label_zh": "商业服务业用地",
        "zone": "AI_SERVICE_ZONE"
      },
      "geometry": {
        "type": "Polygon",
        "coordinates": [
          [
            [
              116.34369999999998,
              39.944999999999986
            ],
            [
              116.34569999999998,
              39.944999999999986
            ],
            [
              116.34569999999998,
              39.94619999999998
            ],
            [
              116.34369999999998,
              39.94619999999998
            ],
            [
              116.34369999999998,
              39.944999999999986
            ]
          ]
        ]
      }
    },
    {
      "type": "Feature",
      "id": "LU-0122",
      "properties": {
        "id": "LU-0122",
        "layer": "LAND_USE",
        "source_type": "agent_inferred_from_public_data",
        "confidence": "low",
        "geometry_role": "design_proposal",
        "official_boundary": false,
        "land_use_code": "05",
        "land_use_label_zh": "商业服务业用地",
        "zone": "AI_SERVICE_ZONE"
      },
      "geometry": {
        "type": "Polygon",
        "coordinates": [
          [
            [
              116.34369999999998,
              39.94619999999998
            ],
            [
              116.34569999999998,
              39.94619999999998
            ],
            [
              116.34569999999998,
              39.94739999999998
            ],
            [
              116.34369999999998,
              39.94739999999998
            ],
            [
              116.34369999999998,
              39.94619999999998
            ]
          ]
        ]
      }
    },
    {
      "type": "Feature",
      "id": "LU-0123",
      "properties": {
        "id": "LU-0123",
        "layer": "LAND_USE",
        "source_type": "agent_inferred_from_public_data",
        "confidence": "low",
        "geometry_role": "design_proposal",
        "official_boundary": false,
        "land_use_code": "05",
        "land_use_label_zh": "商业服务业用地",
        "zone": "AI_SERVICE_ZONE"
      },
      "geometry": {
        "type": "Polygon",
        "coordinates": [
          [
            [
              116.34369999999998,
              39.94739999999998
            ],
            [
              116.34569999999998,
              39.94739999999998
            ],
            [
              116.34569999999998,
              39.94859999999998
            ],
            [
              116.34369999999998,
              39.94859999999998
            ],
            [
              116.34369999999998,
              39.94739999999998
            ]
          ]
        ]
      }
    },
    {
      "type": "Feature",
      "id": "LU-0124",
      "properties": {
        "id": "LU-0124",
        "layer": "LAND_USE",
        "source_type": "agent_inferred_from_public_data",
        "confidence": "low",
        "geometry_role": "design_proposal",
        "official_boundary": false,
        "land_use_code": "05",
        "land_use_label_zh": "商业服务业用地",
        "zone": "AI_SERVICE_ZONE"
      },
      "geometry": {
        "type": "Polygon",
        "coordinates": [
          [
            [
              116.34369999999998,
              39.94859999999998
            ],
            [
              116.34569999999998,
              39.94859999999998
            ],
            [
              116.34569999999998,
              39.949799999999975
            ],
            [
              116.34369999999998,
              39.949799999999975
            ],
            [
              116.34369999999998,
              39.94859999999998
            ]
          ]
        ]
      }
    },
    {
      "type": "Feature",
      "id": "LU-0125",
      "properties": {
        "id": "LU-0125",
        "layer": "LAND_USE",
        "source_type": "agent_inferred_from_public_data",
        "confidence": "low",
        "geometry_role": "design_proposal",
        "official_boundary": false,
        "land_use_code": "05",
        "land_use_label_zh": "商业服务业用地",
        "zone": "AI_SERVICE_ZONE"
      },
      "geometry": {
        "type": "Polygon",
        "coordinates": [
          [
            [
              116.34369999999998,
              39.949799999999975
            ],
            [
              116.34569999999998,
              39.949799999999975
            ],
            [
              116.34569999999998,
              39.95099999999997
            ],
            [
              116.34369999999998,
              39.95099999999997
            ],
            [
              116.34369999999998,
              39.949799999999975
            ]
          ]
        ]
      }
    },
    {
      "type": "Feature",
      "id": "LU-0126",
      "properties": {
        "id": "LU-0126",
        "layer": "LAND_USE",
        "source_type": "agent_inferred_from_public_data",
        "confidence": "low",
        "geometry_role": "design_proposal",
        "official_boundary": false,
        "land_use_code": "05",
        "land_use_label_zh": "商业服务业用地",
        "zone": "AI_SERVICE_ZONE"
      },
      "geometry": {
        "type": "Polygon",
        "coordinates": [
          [
            [
              116.34369999999998,
              39.95099999999997
            ],
            [
              116.34569999999998,
              39.95099999999997
            ],
            [
              116.34569999999998,
              39.95219999999997
            ],
            [
              116.34369999999998,
              39.95219999999997
            ],
            [
              116.34369999999998,
              39.95099999999997
            ]
          ]
        ]
      }
    },
    {
      "type": "Feature",
      "id": "LU-0127",
      "properties": {
        "id": "LU-0127",
        "layer": "LAND_USE",
        "source_type": "agent_inferred_from_public_data",
        "confidence": "low",
        "geometry_role": "design_proposal",
        "official_boundary": false,
        "land_use_code": "05",
        "land_use_label_zh": "商业服务业用地",
        "zone": "AI_SERVICE_ZONE"
      },
      "geometry": {
        "type": "Polygon",
        "coordinates": [
          [
            [
              116.34369999999998,
              39.95219999999997
            ],
            [
              116.34569999999998,
              39.95219999999997
            ],
            [
              116.34569999999998,
              39.95339999999997
            ],
            [
              116.34369999999998,
              39.95339999999997
            ],
            [
              116.34369999999998,
              39.95219999999997
            ]
          ]
        ]
      }
    },
    {
      "type": "Feature",
      "id": "LU-0128",
      "properties": {
        "id": "LU-0128",
        "layer": "LAND_USE",
        "source_type": "agent_inferred_from_public_data",
        "confidence": "low",
        "geometry_role": "design_proposal",
        "official_boundary": false,
        "land_use_code": "05",
        "land_use_label_zh": "商业服务业用地",
        "zone": "AI_SERVICE_ZONE"
      },
      "geometry": {
        "type": "Polygon",
        "coordinates": [
          [
            [
              116.34369999999998,
              39.95339999999997
            ],
            [
              116.34569999999998,
              39.95339999999997
            ],
            [
              116.34569999999998,
              39.954599999999964
            ],
            [
              116.34369999999998,
              39.954599999999964
            ],
            [
              116.34369999999998,
              39.95339999999997
            ]
          ]
        ]
      }
    },
    {
      "type": "Feature",
      "id": "LU-0129",
      "properties": {
        "id": "LU-0129",
        "layer": "LAND_USE",
        "source_type": "agent_inferred_from_public_data",
        "confidence": "low",
        "geometry_role": "design_proposal",
        "official_boundary": false,
        "land_use_code": "05",
        "land_use_label_zh": "商业服务业用地",
        "zone": "AI_SERVICE_ZONE"
      },
      "geometry": {
        "type": "Polygon",
        "coordinates": [
          [
            [
              116.34369999999998,
              39.954599999999964
            ],
            [
              116.34569999999998,
              39.954599999999964
            ],
            [
              116.34569999999998,
              39.95579999999996
            ],
            [
              116.34369999999998,
              39.95579999999996
            ],
            [
              116.34369999999998,
              39.954599999999964
            ]
          ]
        ]
      }
    },
    {
      "type": "Feature",
      "id": "LU-0130",
      "properties": {
        "id": "LU-0130",
        "layer": "LAND_USE",
        "source_type": "agent_inferred_from_public_data",
        "confidence": "low",
        "geometry_role": "design_proposal",
        "official_boundary": false,
        "land_use_code": "05",
        "land_use_label_zh": "商业服务业用地",
        "zone": "AI_SERVICE_ZONE"
      },
      "geometry": {
        "type": "Polygon",
        "coordinates": [
          [
            [
              116.34369999999998,
              39.95579999999996
            ],
            [
              116.34569999999998,
              39.95579999999996
            ],
            [
              116.34569999999998,
              39.95699999999996
            ],
            [
              116.34369999999998,
              39.95699999999996
            ],
            [
              116.34369999999998,
              39.95579999999996
            ]
          ]
        ]
      }
    },
    {
      "type": "Feature",
      "id": "LU-0131",
      "properties": {
        "id": "LU-0131",
        "layer": "LAND_USE",
        "source_type": "agent_inferred_from_public_data",
        "confidence": "low",
        "geometry_role": "design_proposal",
        "official_boundary": false,
        "land_use_code": "05",
        "land_use_label_zh": "商业服务业用地",
        "zone": "AI_SERVICE_ZONE"
      },
      "geometry": {
        "type": "Polygon",
        "coordinates": [
          [
            [
              116.34369999999998,
              39.95699999999996
            ],
            [
              116.34569999999998,
              39.95699999999996
            ],
            [
              116.34569999999998,
              39.958199999999955
            ],
            [
              116.34369999999998,
              39.958199999999955
            ],
            [
              116.34369999999998,
              39.95699999999996
            ]
          ]
        ]
      }
    },
    {
      "type": "Feature",
      "id": "LU-0132",
      "properties": {
        "id": "LU-0132",
        "layer": "LAND_USE",
        "source_type": "agent_inferred_from_public_data",
        "confidence": "low",
        "geometry_role": "design_proposal",
        "official_boundary": false,
        "land_use_code": "05",
        "land_use_label_zh": "商业服务业用地",
        "zone": "AI_SERVICE_ZONE"
      },
      "geometry": {
        "type": "Polygon",
        "coordinates": [
          [
            [
              116.34369999999998,
              39.958199999999955
            ],
            [
              116.34569999999998,
              39.958199999999955
            ],
            [
              116.34569999999998,
              39.95939999999995
            ],
            [
              116.34369999999998,
              39.95939999999995
            ],
            [
              116.34369999999998,
              39.958199999999955
            ]
          ]
        ]
      }
    },
    {
      "type": "Feature",
      "id": "LU-0133",
      "properties": {
        "id": "LU-0133",
        "layer": "LAND_USE",
        "source_type": "agent_inferred_from_public_data",
        "confidence": "low",
        "geometry_role": "design_proposal",
        "official_boundary": false,
        "land_use_code": "05",
        "land_use_label_zh": "商业服务业用地",
        "zone": "AI_SERVICE_ZONE"
      },
      "geometry": {
        "type": "Polygon",
        "coordinates": [
          [
            [
              116.34369999999998,
              39.95939999999995
            ],
            [
              116.34569999999998,
              39.95939999999995
            ],
            [
              116.34569999999998,
              39.96059999999995
            ],
            [
              116.34369999999998,
              39.96059999999995
            ],
            [
              116.34369999999998,
              39.95939999999995
            ]
          ]
        ]
      }
    },
    {
      "type": "Feature",
      "id": "LU-0134",
      "properties": {
        "id": "LU-0134",
        "layer": "LAND_USE",
        "source_type": "agent_inferred_from_public_data",
        "confidence": "low",
        "geometry_role": "design_proposal",
        "official_boundary": false,
        "land_use_code": "0804",
        "land_use_label_zh": "教育用地",
        "zone": "context"
      },
      "geometry": {
        "type": "Polygon",
        "coordinates": [
          [
            [
              116.34369999999998,
              39.96059999999995
            ],
            [
              116.34569999999998,
              39.96059999999995
            ],
            [
              116.34569999999998,
              39.96179999999995
            ],
            [
              116.34369999999998,
              39.96179999999995
            ],
            [
              116.34369999999998,
              39.96059999999995
            ]
          ]
        ]
      }
    },
    {
      "type": "Feature",
      "id": "LU-0135",
      "properties": {
        "id": "LU-0135",
        "layer": "LAND_USE",
        "source_type": "agent_inferred_from_public_data",
        "confidence": "low",
        "geometry_role": "design_proposal",
        "official_boundary": false,
        "land_use_code": "0804",
        "land_use_label_zh": "教育用地",
        "zone": "context"
      },
      "geometry": {
        "type": "Polygon",
        "coordinates": [
          [
            [
              116.34369999999998,
              39.96179999999995
            ],
            [
              116.34569999999998,
              39.96179999999995
            ],
            [
              116.34569999999998,
              39.962999999999944
            ],
            [
              116.34369999999998,
              39.962999999999944
            ],
            [
              116.34369999999998,
              39.96179999999995
            ]
          ]
        ]
      }
    },
    {
      "type": "Feature",
      "id": "LU-0136",
      "properties": {
        "id": "LU-0136",
        "layer": "LAND_USE",
        "source_type": "agent_inferred_from_public_data",
        "confidence": "low",
        "geometry_role": "design_proposal",
        "official_boundary": false,
        "land_use_code": "16",
        "land_use_label_zh": "留白用地",
        "zone": "context"
      },
      "geometry": {
        "type": "Polygon",
        "coordinates": [
          [
            [
              116.34369999999998,
              39.962999999999944
            ],
            [
              116.34569999999998,
              39.962999999999944
            ],
            [
              116.34569999999998,
              39.96419999999994
            ],
            [
              116.34369999999998,
              39.96419999999994
            ],
            [
              116.34369999999998,
              39.962999999999944
            ]
          ]
        ]
      }
    },
    {
      "type": "Feature",
      "id": "LU-0137",
      "properties": {
        "id": "LU-0137",
        "layer": "LAND_USE",
        "source_type": "agent_inferred_from_public_data",
        "confidence": "low",
        "geometry_role": "design_proposal",
        "official_boundary": false,
        "land_use_code": "16",
        "land_use_label_zh": "留白用地",
        "zone": "context"
      },
      "geometry": {
        "type": "Polygon",
        "coordinates": [
          [
            [
              116.34369999999998,
              39.96419999999994
            ],
            [
              116.34569999999998,
              39.96419999999994
            ],
            [
              116.34569999999998,
              39.96539999999994
            ],
            [
              116.34369999999998,
              39.96539999999994
            ],
            [
              116.34369999999998,
              39.96419999999994
            ]
          ]
        ]
      }
    },
    {
      "type": "Feature",
      "id": "LU-0138",
      "properties": {
        "id": "LU-0138",
        "layer": "LAND_USE",
        "source_type": "agent_inferred_from_public_data",
        "confidence": "low",
        "geometry_role": "design_proposal",
        "official_boundary": false,
        "land_use_code": "07",
        "land_use_label_zh": "居住用地",
        "zone": "context"
      },
      "geometry": {
        "type": "Polygon",
        "coordinates": [
          [
            [
              116.34369999999998,
              39.96539999999994
            ],
            [
              116.34569999999998,
              39.96539999999994
            ],
            [
              116.34569999999998,
              39.966599999999936
            ],
            [
              116.34369999999998,
              39.966599999999936
            ],
            [
              116.34369999999998,
              39.96539999999994
            ]
          ]
        ]
      }
    },
    {
      "type": "Feature",
      "id": "LU-0139",
      "properties": {
        "id": "LU-0139",
        "layer": "LAND_USE",
        "source_type": "agent_inferred_from_public_data",
        "confidence": "low",
        "geometry_role": "design_proposal",
        "official_boundary": false,
        "land_use_code": "0804",
        "land_use_label_zh": "教育用地",
        "zone": "context"
      },
      "geometry": {
        "type": "Polygon",
        "coordinates": [
          [
            [
              116.34369999999998,
              39.966599999999936
            ],
            [
              116.34569999999998,
              39.966599999999936
            ],
            [
              116.34569999999998,
              39.96779999999993
            ],
            [
              116.34369999999998,
              39.96779999999993
            ],
            [
              116.34369999999998,
              39.966599999999936
            ]
          ]
        ]
      }
    },
    {
      "type": "Feature",
      "id": "LU-0140",
      "properties": {
        "id": "LU-0140",
        "layer": "LAND_USE",
        "source_type": "agent_inferred_from_public_data",
        "confidence": "low",
        "geometry_role": "design_proposal",
        "official_boundary": false,
        "land_use_code": "0804",
        "land_use_label_zh": "教育用地",
        "zone": "context"
      },
      "geometry": {
        "type": "Polygon",
        "coordinates": [
          [
            [
              116.34369999999998,
              39.96779999999993
            ],
            [
              116.34569999999998,
              39.96779999999993
            ],
            [
              116.34569999999998,
              39.96899999999993
            ],
            [
              116.34369999999998,
              39.96899999999993
            ],
            [
              116.34369999999998,
              39.96779999999993
            ]
          ]
        ]
      }
    },
    {
      "type": "Feature",
      "id": "LU-0141",
      "properties": {
        "id": "LU-0141",
        "layer": "LAND_USE",
        "source_type": "agent_inferred_from_public_data",
        "confidence": "low",
        "geometry_role": "design_proposal",
        "official_boundary": false,
        "land_use_code": "16",
        "land_use_label_zh": "留白用地",
        "zone": "context"
      },
      "geometry": {
        "type": "Polygon",
        "coordinates": [
          [
            [
              116.34369999999998,
              39.96899999999993
            ],
            [
              116.34569999999998,
              39.96899999999993
            ],
            [
              116.34569999999998,
              39.97019999999993
            ],
            [
              116.34369999999998,
              39.97019999999993
            ],
            [
              116.34369999999998,
              39.96899999999993
            ]
          ]
        ]
      }
    },
    {
      "type": "Feature",
      "id": "LU-0142",
      "properties": {
        "id": "LU-0142",
        "layer": "LAND_USE",
        "source_type": "agent_inferred_from_public_data",
        "confidence": "low",
        "geometry_role": "design_proposal",
        "official_boundary": false,
        "land_use_code": "16",
        "land_use_label_zh": "留白用地",
        "zone": "context"
      },
      "geometry": {
        "type": "Polygon",
        "coordinates": [
          [
            [
              116.34369999999998,
              39.97019999999993
            ],
            [
              116.34569999999998,
              39.97019999999993
            ],
            [
              116.34569999999998,
              39.971399999999925
            ],
            [
              116.34369999999998,
              39.971399999999925
            ],
            [
              116.34369999999998,
              39.97019999999993
            ]
          ]
        ]
      }
    },
    {
      "type": "Feature",
      "id": "LU-0143",
      "properties": {
        "id": "LU-0143",
        "layer": "LAND_USE",
        "source_type": "agent_inferred_from_public_data",
        "confidence": "low",
        "geometry_role": "design_proposal",
        "official_boundary": false,
        "land_use_code": "07",
        "land_use_label_zh": "居住用地",
        "zone": "context"
      },
      "geometry": {
        "type": "Polygon",
        "coordinates": [
          [
            [
              116.34369999999998,
              39.971399999999925
            ],
            [
              116.34569999999998,
              39.971399999999925
            ],
            [
              116.34569999999998,
              39.97259999999992
            ],
            [
              116.34369999999998,
              39.97259999999992
            ],
            [
              116.34369999999998,
              39.971399999999925
            ]
          ]
        ]
      }
    },
    {
      "type": "Feature",
      "id": "LU-0144",
      "properties": {
        "id": "LU-0144",
        "layer": "LAND_USE",
        "source_type": "agent_inferred_from_public_data",
        "confidence": "low",
        "geometry_role": "design_proposal",
        "official_boundary": false,
        "land_use_code": "0804",
        "land_use_label_zh": "教育用地",
        "zone": "context"
      },
      "geometry": {
        "type": "Polygon",
        "coordinates": [
          [
            [
              116.34369999999998,
              39.97259999999992
            ],
            [
              116.34569999999998,
              39.97259999999992
            ],
            [
              116.34569999999998,
              39.97379999999992
            ],
            [
              116.34369999999998,
              39.97379999999992
            ],
            [
              116.34369999999998,
              39.97259999999992
            ]
          ]
        ]
      }
    },
    {
      "type": "Feature",
      "id": "LU-0145",
      "properties": {
        "id": "LU-0145",
        "layer": "LAND_USE",
        "source_type": "agent_inferred_from_public_data",
        "confidence": "low",
        "geometry_role": "design_proposal",
        "official_boundary": false,
        "land_use_code": "0804",
        "land_use_label_zh": "教育用地",
        "zone": "context"
      },
      "geometry": {
        "type": "Polygon",
        "coordinates": [
          [
            [
              116.34369999999998,
              39.97379999999992
            ],
            [
              116.34569999999998,
              39.97379999999992
            ],
            [
              116.34569999999998,
              39.974999999999916
            ],
            [
              116.34369999999998,
              39.974999999999916
            ],
            [
              116.34369999999998,
              39.97379999999992
            ]
          ]
        ]
      }
    },
    {
      "type": "Feature",
      "id": "LU-0146",
      "properties": {
        "id": "LU-0146",
        "layer": "LAND_USE",
        "source_type": "agent_inferred_from_public_data",
        "confidence": "low",
        "geometry_role": "design_proposal",
        "official_boundary": false,
        "land_use_code": "16",
        "land_use_label_zh": "留白用地",
        "zone": "context"
      },
      "geometry": {
        "type": "Polygon",
        "coordinates": [
          [
            [
              116.34369999999998,
              39.974999999999916
            ],
            [
              116.34569999999998,
              39.974999999999916
            ],
            [
              116.34569999999998,
              39.97619999999991
            ],
            [
              116.34369999999998,
              39.97619999999991
            ],
            [
              116.34369999999998,
              39.974999999999916
            ]
          ]
        ]
      }
    },
    {
      "type": "Feature",
      "id": "LU-0147",
      "properties": {
        "id": "LU-0147",
        "layer": "LAND_USE",
        "source_type": "agent_inferred_from_public_data",
        "confidence": "low",
        "geometry_role": "design_proposal",
        "official_boundary": false,
        "land_use_code": "16",
        "land_use_label_zh": "留白用地",
        "zone": "context"
      },
      "geometry": {
        "type": "Polygon",
        "coordinates": [
          [
            [
              116.34369999999998,
              39.97619999999991
            ],
            [
              116.34569999999998,
              39.97619999999991
            ],
            [
              116.34569999999998,
              39.97739999999991
            ],
            [
              116.34369999999998,
              39.97739999999991
            ],
            [
              116.34369999999998,
              39.97619999999991
            ]
          ]
        ]
      }
    },
    {
      "type": "Feature",
      "id": "LU-0148",
      "properties": {
        "id": "LU-0148",
        "layer": "LAND_USE",
        "source_type": "agent_inferred_from_public_data",
        "confidence": "low",
        "geometry_role": "design_proposal",
        "official_boundary": false,
        "land_use_code": "07",
        "land_use_label_zh": "居住用地",
        "zone": "context"
      },
      "geometry": {
        "type": "Polygon",
        "coordinates": [
          [
            [
              116.34369999999998,
              39.97739999999991
            ],
            [
              116.34569999999998,
              39.97739999999991
            ],
            [
              116.34569999999998,
              39.97859999999991
            ],
            [
              116.34369999999998,
              39.97859999999991
            ],
            [
              116.34369999999998,
              39.97739999999991
            ]
          ]
        ]
      }
    },
    {
      "type": "Feature",
      "id": "LU-0149",
      "properties": {
        "id": "LU-0149",
        "layer": "LAND_USE",
        "source_type": "agent_inferred_from_public_data",
        "confidence": "low",
        "geometry_role": "design_proposal",
        "official_boundary": false,
        "land_use_code": "0804",
        "land_use_label_zh": "教育用地",
        "zone": "context"
      },
      "geometry": {
        "type": "Polygon",
        "coordinates": [
          [
            [
              116.34369999999998,
              39.97859999999991
            ],
            [
              116.34569999999998,
              39.97859999999991
            ],
            [
              116.34569999999998,
              39.979799999999905
            ],
            [
              116.34369999999998,
              39.979799999999905
            ],
            [
              116.34369999999998,
              39.97859999999991
            ]
          ]
        ]
      }
    },
    {
      "type": "Feature",
      "id": "LU-0150",
      "properties": {
        "id": "LU-0150",
        "layer": "LAND_USE",
        "source_type": "agent_inferred_from_public_data",
        "confidence": "low",
        "geometry_role": "design_proposal",
        "official_boundary": false,
        "land_use_code": "0804",
        "land_use_label_zh": "教育用地",
        "zone": "context"
      },
      "geometry": {
        "type": "Polygon",
        "coordinates": [
          [
            [
              116.34369999999998,
              39.979799999999905
            ],
            [
              116.34569999999998,
              39.979799999999905
            ],
            [
              116.34569999999998,
              39.9809999999999
            ],
            [
              116.34369999999998,
              39.9809999999999
            ],
            [
              116.34369999999998,
              39.979799999999905
            ]
          ]
        ]
      }
    },
    {
      "type": "Feature",
      "id": "LU-0151",
      "properties": {
        "id": "LU-0151",
        "layer": "LAND_USE",
        "source_type": "agent_inferred_from_public_data",
        "confidence": "low",
        "geometry_role": "design_proposal",
        "official_boundary": false,
        "land_use_code": "16",
        "land_use_label_zh": "留白用地",
        "zone": "context"
      },
      "geometry": {
        "type": "Polygon",
        "coordinates": [
          [
            [
              116.34369999999998,
              39.9809999999999
            ],
            [
              116.34569999999998,
              39.9809999999999
            ],
            [
              116.34569999999998,
              39.9821999999999
            ],
            [
              116.34369999999998,
              39.9821999999999
            ],
            [
              116.34369999999998,
              39.9809999999999
            ]
          ]
        ]
      }
    },
    {
      "type": "Feature",
      "id": "LU-0152",
      "properties": {
        "id": "LU-0152",
        "layer": "LAND_USE",
        "source_type": "agent_inferred_from_public_data",
        "confidence": "low",
        "geometry_role": "design_proposal",
        "official_boundary": false,
        "land_use_code": "16",
        "land_use_label_zh": "留白用地",
        "zone": "context"
      },
      "geometry": {
        "type": "Polygon",
        "coordinates": [
          [
            [
              116.34369999999998,
              39.9821999999999
            ],
            [
              116.34569999999998,
              39.9821999999999
            ],
            [
              116.34569999999998,
              39.9833999999999
            ],
            [
              116.34369999999998,
              39.9833999999999
            ],
            [
              116.34369999999998,
              39.9821999999999
            ]
          ]
        ]
      }
    },
    {
      "type": "Feature",
      "id": "LU-0153",
      "properties": {
        "id": "LU-0153",
        "layer": "LAND_USE",
        "source_type": "agent_inferred_from_public_data",
        "confidence": "low",
        "geometry_role": "design_proposal",
        "official_boundary": false,
        "land_use_code": "0701",
        "land_use_label_zh": "城镇住宅用地",
        "zone": "context"
      },
      "geometry": {
        "type": "Polygon",
        "coordinates": [
          [
            [
              116.34369999999998,
              39.9833999999999
            ],
            [
              116.34569999999998,
              39.9833999999999
            ],
            [
              116.34569999999998,
              39.984599999999894
            ],
            [
              116.34369999999998,
              39.984599999999894
            ],
            [
              116.34369999999998,
              39.9833999999999
            ]
          ]
        ]
      }
    },
    {
      "type": "Feature",
      "id": "LU-0154",
      "properties": {
        "id": "LU-0154",
        "layer": "LAND_USE",
        "source_type": "agent_inferred_from_public_data",
        "confidence": "low",
        "geometry_role": "design_proposal",
        "official_boundary": false,
        "land_use_code": "0701",
        "land_use_label_zh": "城镇住宅用地",
        "zone": "context"
      },
      "geometry": {
        "type": "Polygon",
        "coordinates": [
          [
            [
              116.34369999999998,
              39.984599999999894
            ],
            [
              116.34569999999998,
              39.984599999999894
            ],
            [
              116.34569999999998,
              39.98579999999989
            ],
            [
              116.34369999999998,
              39.98579999999989
            ],
            [
              116.34369999999998,
              39.984599999999894
            ]
          ]
        ]
      }
    },
    {
      "type": "Feature",
      "id": "LU-0155",
      "properties": {
        "id": "LU-0155",
        "layer": "LAND_USE",
        "source_type": "agent_inferred_from_public_data",
        "confidence": "low",
        "geometry_role": "design_proposal",
        "official_boundary": false,
        "land_use_code": "0701",
        "land_use_label_zh": "城镇住宅用地",
        "zone": "context"
      },
      "geometry": {
        "type": "Polygon",
        "coordinates": [
          [
            [
              116.34369999999998,
              39.98579999999989
            ],
            [
              116.34569999999998,
              39.98579999999989
            ],
            [
              116.34569999999998,
              39.98699999999989
            ],
            [
              116.34369999999998,
              39.98699999999989
            ],
            [
              116.34369999999998,
              39.98579999999989
            ]
          ]
        ]
      }
    },
    {
      "type": "Feature",
      "id": "LU-0156",
      "properties": {
        "id": "LU-0156",
        "layer": "LAND_USE",
        "source_type": "agent_inferred_from_public_data",
        "confidence": "low",
        "geometry_role": "design_proposal",
        "official_boundary": false,
        "land_use_code": "0701",
        "land_use_label_zh": "城镇住宅用地",
        "zone": "context"
      },
      "geometry": {
        "type": "Polygon",
        "coordinates": [
          [
            [
              116.34369999999998,
              39.98699999999989
            ],
            [
              116.34569999999998,
              39.98699999999989
            ],
            [
              116.34569999999998,
              39.988199999999885
            ],
            [
              116.34369999999998,
              39.988199999999885
            ],
            [
              116.34369999999998,
              39.98699999999989
            ]
          ]
        ]
      }
    },
    {
      "type": "Feature",
      "id": "LU-0157",
      "properties": {
        "id": "LU-0157",
        "layer": "LAND_USE",
        "source_type": "agent_inferred_from_public_data",
        "confidence": "low",
        "geometry_role": "design_proposal",
        "official_boundary": false,
        "land_use_code": "0701",
        "land_use_label_zh": "城镇住宅用地",
        "zone": "context"
      },
      "geometry": {
        "type": "Polygon",
        "coordinates": [
          [
            [
              116.34369999999998,
              39.988199999999885
            ],
            [
              116.34569999999998,
              39.988199999999885
            ],
            [
              116.34569999999998,
              39.98939999999988
            ],
            [
              116.34369999999998,
              39.98939999999988
            ],
            [
              116.34369999999998,
              39.988199999999885
            ]
          ]
        ]
      }
    },
    {
      "type": "Feature",
      "id": "LU-0158",
      "properties": {
        "id": "LU-0158",
        "layer": "LAND_USE",
        "source_type": "agent_inferred_from_public_data",
        "confidence": "low",
        "geometry_role": "design_proposal",
        "official_boundary": false,
        "land_use_code": "0701",
        "land_use_label_zh": "城镇住宅用地",
        "zone": "context"
      },
      "geometry": {
        "type": "Polygon",
        "coordinates": [
          [
            [
              116.34369999999998,
              39.98939999999988
            ],
            [
              116.34569999999998,
              39.98939999999988
            ],
            [
              116.34569999999998,
              39.99059999999988
            ],
            [
              116.34369999999998,
              39.99059999999988
            ],
            [
              116.34369999999998,
              39.98939999999988
            ]
          ]
        ]
      }
    },
    {
      "type": "Feature",
      "id": "LU-0159",
      "properties": {
        "id": "LU-0159",
        "layer": "LAND_USE",
        "source_type": "agent_inferred_from_public_data",
        "confidence": "low",
        "geometry_role": "design_proposal",
        "official_boundary": false,
        "land_use_code": "0701",
        "land_use_label_zh": "城镇住宅用地",
        "zone": "context"
      },
      "geometry": {
        "type": "Polygon",
        "coordinates": [
          [
            [
              116.34369999999998,
              39.99059999999988
            ],
            [
              116.34569999999998,
              39.99059999999988
            ],
            [
              116.34569999999998,
              39.99179999999988
            ],
            [
              116.34369999999998,
              39.99179999999988
            ],
            [
              116.34369999999998,
              39.99059999999988
            ]
          ]
        ]
      }
    },
    {
      "type": "Feature",
      "id": "LU-0160",
      "properties": {
        "id": "LU-0160",
        "layer": "LAND_USE",
        "source_type": "agent_inferred_from_public_data",
        "confidence": "low",
        "geometry_role": "design_proposal",
        "official_boundary": false,
        "land_use_code": "0701",
        "land_use_label_zh": "城镇住宅用地",
        "zone": "context"
      },
      "geometry": {
        "type": "Polygon",
        "coordinates": [
          [
            [
              116.34369999999998,
              39.99179999999988
            ],
            [
              116.34569999999998,
              39.99179999999988
            ],
            [
              116.34569999999998,
              39.992999999999874
            ],
            [
              116.34369999999998,
              39.992999999999874
            ],
            [
              116.34369999999998,
              39.99179999999988
            ]
          ]
        ]
      }
    },
    {
      "type": "Feature",
      "id": "LU-0161",
      "properties": {
        "id": "LU-0161",
        "layer": "LAND_USE",
        "source_type": "agent_inferred_from_public_data",
        "confidence": "low",
        "geometry_role": "design_proposal",
        "official_boundary": false,
        "land_use_code": "16",
        "land_use_label_zh": "留白用地",
        "zone": "context"
      },
      "geometry": {
        "type": "Polygon",
        "coordinates": [
          [
            [
              116.34369999999998,
              39.992999999999874
            ],
            [
              116.34569999999998,
              39.992999999999874
            ],
            [
              116.34569999999998,
              39.99419999999987
            ],
            [
              116.34369999999998,
              39.99419999999987
            ],
            [
              116.34369999999998,
              39.992999999999874
            ]
          ]
        ]
      }
    },
    {
      "type": "Feature",
      "id": "LU-0162",
      "properties": {
        "id": "LU-0162",
        "layer": "LAND_USE",
        "source_type": "agent_inferred_from_public_data",
        "confidence": "low",
        "geometry_role": "design_proposal",
        "official_boundary": false,
        "land_use_code": "16",
        "land_use_label_zh": "留白用地",
        "zone": "context"
      },
      "geometry": {
        "type": "Polygon",
        "coordinates": [
          [
            [
              116.34369999999998,
              39.99419999999987
            ],
            [
              116.34569999999998,
              39.99419999999987
            ],
            [
              116.34569999999998,
              39.99539999999987
            ],
            [
              116.34369999999998,
              39.99539999999987
            ],
            [
              116.34369999999998,
              39.99419999999987
            ]
          ]
        ]
      }
    },
    {
      "type": "Feature",
      "id": "LU-0163",
      "properties": {
        "id": "LU-0163",
        "layer": "LAND_USE",
        "source_type": "agent_inferred_from_public_data",
        "confidence": "low",
        "geometry_role": "design_proposal",
        "official_boundary": false,
        "land_use_code": "07",
        "land_use_label_zh": "居住用地",
        "zone": "context"
      },
      "geometry": {
        "type": "Polygon",
        "coordinates": [
          [
            [
              116.34369999999998,
              39.99539999999987
            ],
            [
              116.34569999999998,
              39.99539999999987
            ],
            [
              116.34569999999998,
              39.996599999999866
            ],
            [
              116.34369999999998,
              39.996599999999866
            ],
            [
              116.34369999999998,
              39.99539999999987
            ]
          ]
        ]
      }
    },
    {
      "type": "Feature",
      "id": "LU-0164",
      "properties": {
        "id": "LU-0164",
        "layer": "LAND_USE",
        "source_type": "agent_inferred_from_public_data",
        "confidence": "low",
        "geometry_role": "design_proposal",
        "official_boundary": false,
        "land_use_code": "0804",
        "land_use_label_zh": "教育用地",
        "zone": "context"
      },
      "geometry": {
        "type": "Polygon",
        "coordinates": [
          [
            [
              116.34369999999998,
              39.996599999999866
            ],
            [
              116.34569999999998,
              39.996599999999866
            ],
            [
              116.34569999999998,
              39.99779999999986
            ],
            [
              116.34369999999998,
              39.99779999999986
            ],
            [
              116.34369999999998,
              39.996599999999866
            ]
          ]
        ]
      }
    },
    {
      "type": "Feature",
      "id": "LU-0165",
      "properties": {
        "id": "LU-0165",
        "layer": "LAND_USE",
        "source_type": "agent_inferred_from_public_data",
        "confidence": "low",
        "geometry_role": "design_proposal",
        "official_boundary": false,
        "land_use_code": "0804",
        "land_use_label_zh": "教育用地",
        "zone": "context"
      },
      "geometry": {
        "type": "Polygon",
        "coordinates": [
          [
            [
              116.34369999999998,
              39.99779999999986
            ],
            [
              116.34569999999998,
              39.99779999999986
            ],
            [
              116.34569999999998,
              39.99899999999986
            ],
            [
              116.34369999999998,
              39.99899999999986
            ],
            [
              116.34369999999998,
              39.99779999999986
            ]
          ]
        ]
      }
    },
    {
      "type": "Feature",
      "id": "LU-0166",
      "properties": {
        "id": "LU-0166",
        "layer": "LAND_USE",
        "source_type": "agent_inferred_from_public_data",
        "confidence": "low",
        "geometry_role": "design_proposal",
        "official_boundary": false,
        "land_use_code": "16",
        "land_use_label_zh": "留白用地",
        "zone": "context"
      },
      "geometry": {
        "type": "Polygon",
        "coordinates": [
          [
            [
              116.34369999999998,
              39.99899999999986
            ],
            [
              116.34569999999998,
              39.99899999999986
            ],
            [
              116.34569999999998,
              40.00019999999986
            ],
            [
              116.34369999999998,
              40.00019999999986
            ],
            [
              116.34369999999998,
              39.99899999999986
            ]
          ]
        ]
      }
    },
    {
      "type": "Feature",
      "id": "LU-0167",
      "properties": {
        "id": "LU-0167",
        "layer": "LAND_USE",
        "source_type": "agent_inferred_from_public_data",
        "confidence": "low",
        "geometry_role": "design_proposal",
        "official_boundary": false,
        "land_use_code": "16",
        "land_use_label_zh": "留白用地",
        "zone": "context"
      },
      "geometry": {
        "type": "Polygon",
        "coordinates": [
          [
            [
              116.34369999999998,
              40.00019999999986
            ],
            [
              116.34569999999998,
              40.00019999999986
            ],
            [
              116.34569999999998,
              40.001399999999855
            ],
            [
              116.34369999999998,
              40.001399999999855
            ],
            [
              116.34369999999998,
              40.00019999999986
            ]
          ]
        ]
      }
    },
    {
      "type": "Feature",
      "id": "LU-0168",
      "properties": {
        "id": "LU-0168",
        "layer": "LAND_USE",
        "source_type": "agent_inferred_from_public_data",
        "confidence": "low",
        "geometry_role": "design_proposal",
        "official_boundary": false,
        "land_use_code": "07",
        "land_use_label_zh": "居住用地",
        "zone": "context"
      },
      "geometry": {
        "type": "Polygon",
        "coordinates": [
          [
            [
              116.34369999999998,
              40.001399999999855
            ],
            [
              116.34569999999998,
              40.001399999999855
            ],
            [
              116.34569999999998,
              40.00259999999985
            ],
            [
              116.34369999999998,
              40.00259999999985
            ],
            [
              116.34369999999998,
              40.001399999999855
            ]
          ]
        ]
      }
    },
    {
      "type": "Feature",
      "id": "LU-0169",
      "properties": {
        "id": "LU-0169",
        "layer": "LAND_USE",
        "source_type": "agent_inferred_from_public_data",
        "confidence": "low",
        "geometry_role": "design_proposal",
        "official_boundary": false,
        "land_use_code": "0804",
        "land_use_label_zh": "教育用地",
        "zone": "context"
      },
      "geometry": {
        "type": "Polygon",
        "coordinates": [
          [
            [
              116.34369999999998,
              40.00259999999985
            ],
            [
              116.34569999999998,
              40.00259999999985
            ],
            [
              116.34569999999998,
              40.00379999999985
            ],
            [
              116.34369999999998,
              40.00379999999985
            ],
            [
              116.34369999999998,
              40.00259999999985
            ]
          ]
        ]
      }
    },
    {
      "type": "Feature",
      "id": "LU-0170",
      "properties": {
        "id": "LU-0170",
        "layer": "LAND_USE",
        "source_type": "agent_inferred_from_public_data",
        "confidence": "low",
        "geometry_role": "design_proposal",
        "official_boundary": false,
        "land_use_code": "0804",
        "land_use_label_zh": "教育用地",
        "zone": "context"
      },
      "geometry": {
        "type": "Polygon",
        "coordinates": [
          [
            [
              116.34369999999998,
              40.00379999999985
            ],
            [
              116.34569999999998,
              40.00379999999985
            ],
            [
              116.34569999999998,
              40.004999999999846
            ],
            [
              116.34369999999998,
              40.004999999999846
            ],
            [
              116.34369999999998,
              40.00379999999985
            ]
          ]
        ]
      }
    },
    {
      "type": "Feature",
      "id": "LU-0171",
      "properties": {
        "id": "LU-0171",
        "layer": "LAND_USE",
        "source_type": "agent_inferred_from_public_data",
        "confidence": "low",
        "geometry_role": "design_proposal",
        "official_boundary": false,
        "land_use_code": "0802",
        "land_use_label_zh": "科研用地",
        "zone": "AI_SERVICE_ZONE"
      },
      "geometry": {
        "type": "Polygon",
        "coordinates": [
          [
            [
              116.34369999999998,
              40.004999999999846
            ],
            [
              116.34569999999998,
              40.004999999999846
            ],
            [
              116.34569999999998,
              40.00619999999984
            ],
            [
              116.34369999999998,
              40.00619999999984
            ],
            [
              116.34369999999998,
              40.004999999999846
            ]
          ]
        ]
      }
    },
    {
      "type": "Feature",
      "id": "LU-0172",
      "properties": {
        "id": "LU-0172",
        "layer": "LAND_USE",
        "source_type": "agent_inferred_from_public_data",
        "confidence": "low",
        "geometry_role": "design_proposal",
        "official_boundary": false,
        "land_use_code": "0802",
        "land_use_label_zh": "科研用地",
        "zone": "AI_SERVICE_ZONE"
      },
      "geometry": {
        "type": "Polygon",
        "coordinates": [
          [
            [
              116.34369999999998,
              40.00619999999984
            ],
            [
              116.34569999999998,
              40.00619999999984
            ],
            [
              116.34569999999998,
              40.00739999999984
            ],
            [
              116.34369999999998,
              40.00739999999984
            ],
            [
              116.34369999999998,
              40.00619999999984
            ]
          ]
        ]
      }
    },
    {
      "type": "Feature",
      "id": "LU-0173",
      "properties": {
        "id": "LU-0173",
        "layer": "LAND_USE",
        "source_type": "agent_inferred_from_public_data",
        "confidence": "low",
        "geometry_role": "design_proposal",
        "official_boundary": false,
        "land_use_code": "0802",
        "land_use_label_zh": "科研用地",
        "zone": "AI_SERVICE_ZONE"
      },
      "geometry": {
        "type": "Polygon",
        "coordinates": [
          [
            [
              116.34369999999998,
              40.00739999999984
            ],
            [
              116.34569999999998,
              40.00739999999984
            ],
            [
              116.34569999999998,
              40.00859999999984
            ],
            [
              116.34369999999998,
              40.00859999999984
            ],
            [
              116.34369999999998,
              40.00739999999984
            ]
          ]
        ]
      }
    },
    {
      "type": "Feature",
      "id": "LU-0174",
      "properties": {
        "id": "LU-0174",
        "layer": "LAND_USE",
        "source_type": "agent_inferred_from_public_data",
        "confidence": "low",
        "geometry_role": "design_proposal",
        "official_boundary": false,
        "land_use_code": "0802",
        "land_use_label_zh": "科研用地",
        "zone": "AI_SERVICE_ZONE"
      },
      "geometry": {
        "type": "Polygon",
        "coordinates": [
          [
            [
              116.34369999999998,
              40.00859999999984
            ],
            [
              116.34569999999998,
              40.00859999999984
            ],
            [
              116.34569999999998,
              40.009799999999835
            ],
            [
              116.34369999999998,
              40.009799999999835
            ],
            [
              116.34369999999998,
              40.00859999999984
            ]
          ]
        ]
      }
    },
    {
      "type": "Feature",
      "id": "LU-0175",
      "properties": {
        "id": "LU-0175",
        "layer": "LAND_USE",
        "source_type": "agent_inferred_from_public_data",
        "confidence": "low",
        "geometry_role": "design_proposal",
        "official_boundary": false,
        "land_use_code": "0802",
        "land_use_label_zh": "科研用地",
        "zone": "AI_SERVICE_ZONE"
      },
      "geometry": {
        "type": "Polygon",
        "coordinates": [
          [
            [
              116.34369999999998,
              40.009799999999835
            ],
            [
              116.34569999999998,
              40.009799999999835
            ],
            [
              116.34569999999998,
              40.01099999999983
            ],
            [
              116.34369999999998,
              40.01099999999983
            ],
            [
              116.34369999999998,
              40.009799999999835
            ]
          ]
        ]
      }
    },
    {
      "type": "Feature",
      "id": "LU-0176",
      "properties": {
        "id": "LU-0176",
        "layer": "LAND_USE",
        "source_type": "agent_inferred_from_public_data",
        "confidence": "low",
        "geometry_role": "design_proposal",
        "official_boundary": false,
        "land_use_code": "0802",
        "land_use_label_zh": "科研用地",
        "zone": "AI_SERVICE_ZONE"
      },
      "geometry": {
        "type": "Polygon",
        "coordinates": [
          [
            [
              116.34369999999998,
              40.01099999999983
            ],
            [
              116.34569999999998,
              40.01099999999983
            ],
            [
              116.34569999999998,
              40.01219999999983
            ],
            [
              116.34369999999998,
              40.01219999999983
            ],
            [
              116.34369999999998,
              40.01099999999983
            ]
          ]
        ]
      }
    },
    {
      "type": "Feature",
      "id": "LU-0177",
      "properties": {
        "id": "LU-0177",
        "layer": "LAND_USE",
        "source_type": "agent_inferred_from_public_data",
        "confidence": "low",
        "geometry_role": "design_proposal",
        "official_boundary": false,
        "land_use_code": "0802",
        "land_use_label_zh": "科研用地",
        "zone": "AI_SERVICE_ZONE"
      },
      "geometry": {
        "type": "Polygon",
        "coordinates": [
          [
            [
              116.34369999999998,
              40.01219999999983
            ],
            [
              116.34569999999998,
              40.01219999999983
            ],
            [
              116.34569999999998,
              40.01339999999983
            ],
            [
              116.34369999999998,
              40.01339999999983
            ],
            [
              116.34369999999998,
              40.01219999999983
            ]
          ]
        ]
      }
    },
    {
      "type": "Feature",
      "id": "LU-0178",
      "properties": {
        "id": "LU-0178",
        "layer": "LAND_USE",
        "source_type": "agent_inferred_from_public_data",
        "confidence": "low",
        "geometry_role": "design_proposal",
        "official_boundary": false,
        "land_use_code": "0802",
        "land_use_label_zh": "科研用地",
        "zone": "AI_SERVICE_ZONE"
      },
      "geometry": {
        "type": "Polygon",
        "coordinates": [
          [
            [
              116.34369999999998,
              40.01339999999983
            ],
            [
              116.34569999999998,
              40.01339999999983
            ],
            [
              116.34569999999998,
              40.014599999999824
            ],
            [
              116.34369999999998,
              40.014599999999824
            ],
            [
              116.34369999999998,
              40.01339999999983
            ]
          ]
        ]
      }
    },
    {
      "type": "Feature",
      "id": "LU-0179",
      "properties": {
        "id": "LU-0179",
        "layer": "LAND_USE",
        "source_type": "agent_inferred_from_public_data",
        "confidence": "low",
        "geometry_role": "design_proposal",
        "official_boundary": false,
        "land_use_code": "0802",
        "land_use_label_zh": "科研用地",
        "zone": "AI_SERVICE_ZONE"
      },
      "geometry": {
        "type": "Polygon",
        "coordinates": [
          [
            [
              116.34369999999998,
              40.014599999999824
            ],
            [
              116.34569999999998,
              40.014599999999824
            ],
            [
              116.34569999999998,
              40.01579999999982
            ],
            [
              116.34369999999998,
              40.01579999999982
            ],
            [
              116.34369999999998,
              40.014599999999824
            ]
          ]
        ]
      }
    },
    {
      "type": "Feature",
      "id": "LU-0180",
      "properties": {
        "id": "LU-0180",
        "layer": "LAND_USE",
        "source_type": "agent_inferred_from_public_data",
        "confidence": "low",
        "geometry_role": "design_proposal",
        "official_boundary": false,
        "land_use_code": "0802",
        "land_use_label_zh": "科研用地",
        "zone": "AI_SERVICE_ZONE"
      },
      "geometry": {
        "type": "Polygon",
        "coordinates": [
          [
            [
              116.34369999999998,
              40.01579999999982
            ],
            [
              116.34569999999998,
              40.01579999999982
            ],
            [
              116.34569999999998,
              40.01699999999982
            ],
            [
              116.34369999999998,
              40.01699999999982
            ],
            [
              116.34369999999998,
              40.01579999999982
            ]
          ]
        ]
      }
    },
    {
      "type": "Feature",
      "id": "LU-0181",
      "properties": {
        "id": "LU-0181",
        "layer": "LAND_USE",
        "source_type": "agent_inferred_from_public_data",
        "confidence": "low",
        "geometry_role": "design_proposal",
        "official_boundary": false,
        "land_use_code": "0802",
        "land_use_label_zh": "科研用地",
        "zone": "AI_SERVICE_ZONE"
      },
      "geometry": {
        "type": "Polygon",
        "coordinates": [
          [
            [
              116.34369999999998,
              40.01699999999982
            ],
            [
              116.34569999999998,
              40.01699999999982
            ],
            [
              116.34569999999998,
              40.018199999999815
            ],
            [
              116.34369999999998,
              40.018199999999815
            ],
            [
              116.34369999999998,
              40.01699999999982
            ]
          ]
        ]
      }
    },
    {
      "type": "Feature",
      "id": "LU-0182",
      "properties": {
        "id": "LU-0182",
        "layer": "LAND_USE",
        "source_type": "agent_inferred_from_public_data",
        "confidence": "low",
        "geometry_role": "design_proposal",
        "official_boundary": false,
        "land_use_code": "0802",
        "land_use_label_zh": "科研用地",
        "zone": "AI_SERVICE_ZONE"
      },
      "geometry": {
        "type": "Polygon",
        "coordinates": [
          [
            [
              116.34369999999998,
              40.018199999999815
            ],
            [
              116.34569999999998,
              40.018199999999815
            ],
            [
              116.34569999999998,
              40.01939999999981
            ],
            [
              116.34369999999998,
              40.01939999999981
            ],
            [
              116.34369999999998,
              40.018199999999815
            ]
          ]
        ]
      }
    },
    {
      "type": "Feature",
      "id": "LU-0183",
      "properties": {
        "id": "LU-0183",
        "layer": "LAND_USE",
        "source_type": "agent_inferred_from_public_data",
        "confidence": "low",
        "geometry_role": "design_proposal",
        "official_boundary": false,
        "land_use_code": "0802",
        "land_use_label_zh": "科研用地",
        "zone": "AI_SERVICE_ZONE"
      },
      "geometry": {
        "type": "Polygon",
        "coordinates": [
          [
            [
              116.34369999999998,
              40.01939999999981
            ],
            [
              116.34569999999998,
              40.01939999999981
            ],
            [
              116.34569999999998,
              40.02059999999981
            ],
            [
              116.34369999999998,
              40.02059999999981
            ],
            [
              116.34369999999998,
              40.01939999999981
            ]
          ]
        ]
      }
    },
    {
      "type": "Feature",
      "id": "LU-0184",
      "properties": {
        "id": "LU-0184",
        "layer": "LAND_USE",
        "source_type": "agent_inferred_from_public_data",
        "confidence": "low",
        "geometry_role": "design_proposal",
        "official_boundary": false,
        "land_use_code": "0802",
        "land_use_label_zh": "科研用地",
        "zone": "AI_SERVICE_ZONE"
      },
      "geometry": {
        "type": "Polygon",
        "coordinates": [
          [
            [
              116.34369999999998,
              40.02059999999981
            ],
            [
              116.34569999999998,
              40.02059999999981
            ],
            [
              116.34569999999998,
              40.02179999999981
            ],
            [
              116.34369999999998,
              40.02179999999981
            ],
            [
              116.34369999999998,
              40.02059999999981
            ]
          ]
        ]
      }
    },
    {
      "type": "Feature",
      "id": "LU-0185",
      "properties": {
        "id": "LU-0185",
        "layer": "LAND_USE",
        "source_type": "agent_inferred_from_public_data",
        "confidence": "low",
        "geometry_role": "design_proposal",
        "official_boundary": false,
        "land_use_code": "0802",
        "land_use_label_zh": "科研用地",
        "zone": "AI_SERVICE_ZONE"
      },
      "geometry": {
        "type": "Polygon",
        "coordinates": [
          [
            [
              116.34369999999998,
              40.02179999999981
            ],
            [
              116.34569999999998,
              40.02179999999981
            ],
            [
              116.34569999999998,
              40.022999999999804
            ],
            [
              116.34369999999998,
              40.022999999999804
            ],
            [
              116.34369999999998,
              40.02179999999981
            ]
          ]
        ]
      }
    },
    {
      "type": "Feature",
      "id": "LU-0186",
      "properties": {
        "id": "LU-0186",
        "layer": "LAND_USE",
        "source_type": "agent_inferred_from_public_data",
        "confidence": "low",
        "geometry_role": "design_proposal",
        "official_boundary": false,
        "land_use_code": "0802",
        "land_use_label_zh": "科研用地",
        "zone": "AI_SERVICE_ZONE"
      },
      "geometry": {
        "type": "Polygon",
        "coordinates": [
          [
            [
              116.34369999999998,
              40.022999999999804
            ],
            [
              116.34569999999998,
              40.022999999999804
            ],
            [
              116.34569999999998,
              40.0241999999998
            ],
            [
              116.34369999999998,
              40.0241999999998
            ],
            [
              116.34369999999998,
              40.022999999999804
            ]
          ]
        ]
      }
    },
    {
      "type": "Feature",
      "id": "LU-0187",
      "properties": {
        "id": "LU-0187",
        "layer": "LAND_USE",
        "source_type": "agent_inferred_from_public_data",
        "confidence": "low",
        "geometry_role": "design_proposal",
        "official_boundary": false,
        "land_use_code": "0802",
        "land_use_label_zh": "科研用地",
        "zone": "AI_SERVICE_ZONE"
      },
      "geometry": {
        "type": "Polygon",
        "coordinates": [
          [
            [
              116.34369999999998,
              40.0241999999998
            ],
            [
              116.34569999999998,
              40.0241999999998
            ],
            [
              116.34569999999998,
              40.0253999999998
            ],
            [
              116.34369999999998,
              40.0253999999998
            ],
            [
              116.34369999999998,
              40.0241999999998
            ]
          ]
        ]
      }
    },
    {
      "type": "Feature",
      "id": "LU-0188",
      "properties": {
        "id": "LU-0188",
        "layer": "LAND_USE",
        "source_type": "agent_inferred_from_public_data",
        "confidence": "low",
        "geometry_role": "design_proposal",
        "official_boundary": false,
        "land_use_code": "0802",
        "land_use_label_zh": "科研用地",
        "zone": "AI_SERVICE_ZONE"
      },
      "geometry": {
        "type": "Polygon",
        "coordinates": [
          [
            [
              116.34369999999998,
              40.0253999999998
            ],
            [
              116.34569999999998,
              40.0253999999998
            ],
            [
              116.34569999999998,
              40.026599999999796
            ],
            [
              116.34369999999998,
              40.026599999999796
            ],
            [
              116.34369999999998,
              40.0253999999998
            ]
          ]
        ]
      }
    },
    {
      "type": "Feature",
      "id": "LU-0189",
      "properties": {
        "id": "LU-0189",
        "layer": "LAND_USE",
        "source_type": "agent_inferred_from_public_data",
        "confidence": "low",
        "geometry_role": "design_proposal",
        "official_boundary": false,
        "land_use_code": "1401",
        "land_use_label_zh": "公园绿地",
        "zone": "context"
      },
      "geometry": {
        "type": "Polygon",
        "coordinates": [
          [
            [
              116.34569999999998,
              39.939
            ],
            [
              116.34769999999997,
              39.939
            ],
            [
              116.34769999999997,
              39.9402
            ],
            [
              116.34569999999998,
              39.9402
            ],
            [
              116.34569999999998,
              39.939
            ]
          ]
        ]
      }
    },
    {
      "type": "Feature",
      "id": "LU-0190",
      "properties": {
        "id": "LU-0190",
        "layer": "LAND_USE",
        "source_type": "agent_inferred_from_public_data",
        "confidence": "low",
        "geometry_role": "design_proposal",
        "official_boundary": false,
        "land_use_code": "1401",
        "land_use_label_zh": "公园绿地",
        "zone": "context"
      },
      "geometry": {
        "type": "Polygon",
        "coordinates": [
          [
            [
              116.34569999999998,
              39.9402
            ],
            [
              116.34769999999997,
              39.9402
            ],
            [
              116.34769999999997,
              39.941399999999994
            ],
            [
              116.34569999999998,
              39.941399999999994
            ],
            [
              116.34569999999998,
              39.9402
            ]
          ]
        ]
      }
    },
    {
      "type": "Feature",
      "id": "LU-0191",
      "properties": {
        "id": "LU-0191",
        "layer": "LAND_USE",
        "source_type": "agent_inferred_from_public_data",
        "confidence": "low",
        "geometry_role": "design_proposal",
        "official_boundary": false,
        "land_use_code": "1401",
        "land_use_label_zh": "公园绿地",
        "zone": "context"
      },
      "geometry": {
        "type": "Polygon",
        "coordinates": [
          [
            [
              116.34569999999998,
              39.941399999999994
            ],
            [
              116.34769999999997,
              39.941399999999994
            ],
            [
              116.34769999999997,
              39.94259999999999
            ],
            [
              116.34569999999998,
              39.94259999999999
            ],
            [
              116.34569999999998,
              39.941399999999994
            ]
          ]
        ]
      }
    },
    {
      "type": "Feature",
      "id": "LU-0192",
      "properties": {
        "id": "LU-0192",
        "layer": "LAND_USE",
        "source_type": "agent_inferred_from_public_data",
        "confidence": "low",
        "geometry_role": "design_proposal",
        "official_boundary": false,
        "land_use_code": "1401",
        "land_use_label_zh": "公园绿地",
        "zone": "context"
      },
      "geometry": {
        "type": "Polygon",
        "coordinates": [
          [
            [
              116.34569999999998,
              39.94259999999999
            ],
            [
              116.34769999999997,
              39.94259999999999
            ],
            [
              116.34769999999997,
              39.94379999999999
            ],
            [
              116.34569999999998,
              39.94379999999999
            ],
            [
              116.34569999999998,
              39.94259999999999
            ]
          ]
        ]
      }
    },
    {
      "type": "Feature",
      "id": "LU-0193",
      "properties": {
        "id": "LU-0193",
        "layer": "LAND_USE",
        "source_type": "agent_inferred_from_public_data",
        "confidence": "low",
        "geometry_role": "design_proposal",
        "official_boundary": false,
        "land_use_code": "05",
        "land_use_label_zh": "商业服务业用地",
        "zone": "AI_SERVICE_ZONE"
      },
      "geometry": {
        "type": "Polygon",
        "coordinates": [
          [
            [
              116.34569999999998,
              39.94379999999999
            ],
            [
              116.34769999999997,
              39.94379999999999
            ],
            [
              116.34769999999997,
              39.944999999999986
            ],
            [
              116.34569999999998,
              39.944999999999986
            ],
            [
              116.34569999999998,
              39.94379999999999
            ]
          ]
        ]
      }
    },
    {
      "type": "Feature",
      "id": "LU-0194",
      "properties": {
        "id": "LU-0194",
        "layer": "LAND_USE",
        "source_type": "agent_inferred_from_public_data",
        "confidence": "low",
        "geometry_role": "design_proposal",
        "official_boundary": false,
        "land_use_code": "05",
        "land_use_label_zh": "商业服务业用地",
        "zone": "AI_SERVICE_ZONE"
      },
      "geometry": {
        "type": "Polygon",
        "coordinates": [
          [
            [
              116.34569999999998,
              39.944999999999986
            ],
            [
              116.34769999999997,
              39.944999999999986
            ],
            [
              116.34769999999997,
              39.94619999999998
            ],
            [
              116.34569999999998,
              39.94619999999998
            ],
            [
              116.34569999999998,
              39.944999999999986
            ]
          ]
        ]
      }
    },
    {
      "type": "Feature",
      "id": "LU-0195",
      "properties": {
        "id": "LU-0195",
        "layer": "LAND_USE",
        "source_type": "agent_inferred_from_public_data",
        "confidence": "low",
        "geometry_role": "design_proposal",
        "official_boundary": false,
        "land_use_code": "05",
        "land_use_label_zh": "商业服务业用地",
        "zone": "AI_SERVICE_ZONE"
      },
      "geometry": {
        "type": "Polygon",
        "coordinates": [
          [
            [
              116.34569999999998,
              39.94619999999998
            ],
            [
              116.34769999999997,
              39.94619999999998
            ],
            [
              116.34769999999997,
              39.94739999999998
            ],
            [
              116.34569999999998,
              39.94739999999998
            ],
            [
              116.34569999999998,
              39.94619999999998
            ]
          ]
        ]
      }
    },
    {
      "type": "Feature",
      "id": "LU-0196",
      "properties": {
        "id": "LU-0196",
        "layer": "LAND_USE",
        "source_type": "agent_inferred_from_public_data",
        "confidence": "low",
        "geometry_role": "design_proposal",
        "official_boundary": false,
        "land_use_code": "05",
        "land_use_label_zh": "商业服务业用地",
        "zone": "AI_SERVICE_ZONE"
      },
      "geometry": {
        "type": "Polygon",
        "coordinates": [
          [
            [
              116.34569999999998,
              39.94739999999998
            ],
            [
              116.34769999999997,
              39.94739999999998
            ],
            [
              116.34769999999997,
              39.94859999999998
            ],
            [
              116.34569999999998,
              39.94859999999998
            ],
            [
              116.34569999999998,
              39.94739999999998
            ]
          ]
        ]
      }
    },
    {
      "type": "Feature",
      "id": "LU-0197",
      "properties": {
        "id": "LU-0197",
        "layer": "LAND_USE",
        "source_type": "agent_inferred_from_public_data",
        "confidence": "low",
        "geometry_role": "design_proposal",
        "official_boundary": false,
        "land_use_code": "05",
        "land_use_label_zh": "商业服务业用地",
        "zone": "AI_SERVICE_ZONE"
      },
      "geometry": {
        "type": "Polygon",
        "coordinates": [
          [
            [
              116.34569999999998,
              39.94859999999998
            ],
            [
              116.34769999999997,
              39.94859999999998
            ],
            [
              116.34769999999997,
              39.949799999999975
            ],
            [
              116.34569999999998,
              39.949799999999975
            ],
            [
              116.34569999999998,
              39.94859999999998
            ]
          ]
        ]
      }
    },
    {
      "type": "Feature",
      "id": "LU-0198",
      "properties": {
        "id": "LU-0198",
        "layer": "LAND_USE",
        "source_type": "agent_inferred_from_public_data",
        "confidence": "low",
        "geometry_role": "design_proposal",
        "official_boundary": false,
        "land_use_code": "1401",
        "land_use_label_zh": "公园绿地",
        "zone": "context"
      },
      "geometry": {
        "type": "Polygon",
        "coordinates": [
          [
            [
              116.34569999999998,
              39.949799999999975
            ],
            [
              116.34769999999997,
              39.949799999999975
            ],
            [
              116.34769999999997,
              39.95099999999997
            ],
            [
              116.34569999999998,
              39.95099999999997
            ],
            [
              116.34569999999998,
              39.949799999999975
            ]
          ]
        ]
      }
    },
    {
      "type": "Feature",
      "id": "LU-0199",
      "properties": {
        "id": "LU-0199",
        "layer": "LAND_USE",
        "source_type": "agent_inferred_from_public_data",
        "confidence": "low",
        "geometry_role": "design_proposal",
        "official_boundary": false,
        "land_use_code": "1401",
        "land_use_label_zh": "公园绿地",
        "zone": "context"
      },
      "geometry": {
        "type": "Polygon",
        "coordinates": [
          [
            [
              116.34569999999998,
              39.95099999999997
            ],
            [
              116.34769999999997,
              39.95099999999997
            ],
            [
              116.34769999999997,
              39.95219999999997
            ],
            [
              116.34569999999998,
              39.95219999999997
            ],
            [
              116.34569999999998,
              39.95099999999997
            ]
          ]
        ]
      }
    },
    {
      "type": "Feature",
      "id": "LU-0200",
      "properties": {
        "id": "LU-0200",
        "layer": "LAND_USE",
        "source_type": "agent_inferred_from_public_data",
        "confidence": "low",
        "geometry_role": "design_proposal",
        "official_boundary": false,
        "land_use_code": "1401",
        "land_use_label_zh": "公园绿地",
        "zone": "context"
      },
      "geometry": {
        "type": "Polygon",
        "coordinates": [
          [
            [
              116.34569999999998,
              39.95219999999997
            ],
            [
              116.34769999999997,
              39.95219999999997
            ],
            [
              116.34769999999997,
              39.95339999999997
            ],
            [
              116.34569999999998,
              39.95339999999997
            ],
            [
              116.34569999999998,
              39.95219999999997
            ]
          ]
        ]
      }
    },
    {
      "type": "Feature",
      "id": "LU-0201",
      "properties": {
        "id": "LU-0201",
        "layer": "LAND_USE",
        "source_type": "agent_inferred_from_public_data",
        "confidence": "low",
        "geometry_role": "design_proposal",
        "official_boundary": false,
        "land_use_code": "1401",
        "land_use_label_zh": "公园绿地",
        "zone": "context"
      },
      "geometry": {
        "type": "Polygon",
        "coordinates": [
          [
            [
              116.34569999999998,
              39.95339999999997
            ],
            [
              116.34769999999997,
              39.95339999999997
            ],
            [
              116.34769999999997,
              39.954599999999964
            ],
            [
              116.34569999999998,
              39.954599999999964
            ],
            [
              116.34569999999998,
              39.95339999999997
            ]
          ]
        ]
      }
    },
    {
      "type": "Feature",
      "id": "LU-0202",
      "properties": {
        "id": "LU-0202",
        "layer": "LAND_USE",
        "source_type": "agent_inferred_from_public_data",
        "confidence": "low",
        "geometry_role": "design_proposal",
        "official_boundary": false,
        "land_use_code": "1401",
        "land_use_label_zh": "公园绿地",
        "zone": "context"
      },
      "geometry": {
        "type": "Polygon",
        "coordinates": [
          [
            [
              116.34569999999998,
              39.954599999999964
            ],
            [
              116.34769999999997,
              39.954599999999964
            ],
            [
              116.34769999999997,
              39.95579999999996
            ],
            [
              116.34569999999998,
              39.95579999999996
            ],
            [
              116.34569999999998,
              39.954599999999964
            ]
          ]
        ]
      }
    },
    {
      "type": "Feature",
      "id": "LU-0203",
      "properties": {
        "id": "LU-0203",
        "layer": "LAND_USE",
        "source_type": "agent_inferred_from_public_data",
        "confidence": "low",
        "geometry_role": "design_proposal",
        "official_boundary": false,
        "land_use_code": "1401",
        "land_use_label_zh": "公园绿地",
        "zone": "context"
      },
      "geometry": {
        "type": "Polygon",
        "coordinates": [
          [
            [
              116.34569999999998,
              39.95579999999996
            ],
            [
              116.34769999999997,
              39.95579999999996
            ],
            [
              116.34769999999997,
              39.95699999999996
            ],
            [
              116.34569999999998,
              39.95699999999996
            ],
            [
              116.34569999999998,
              39.95579999999996
            ]
          ]
        ]
      }
    },
    {
      "type": "Feature",
      "id": "LU-0204",
      "properties": {
        "id": "LU-0204",
        "layer": "LAND_USE",
        "source_type": "agent_inferred_from_public_data",
        "confidence": "low",
        "geometry_role": "design_proposal",
        "official_boundary": false,
        "land_use_code": "1401",
        "land_use_label_zh": "公园绿地",
        "zone": "context"
      },
      "geometry": {
        "type": "Polygon",
        "coordinates": [
          [
            [
              116.34569999999998,
              39.95699999999996
            ],
            [
              116.34769999999997,
              39.95699999999996
            ],
            [
              116.34769999999997,
              39.958199999999955
            ],
            [
              116.34569999999998,
              39.958199999999955
            ],
            [
              116.34569999999998,
              39.95699999999996
            ]
          ]
        ]
      }
    },
    {
      "type": "Feature",
      "id": "LU-0205",
      "properties": {
        "id": "LU-0205",
        "layer": "LAND_USE",
        "source_type": "agent_inferred_from_public_data",
        "confidence": "low",
        "geometry_role": "design_proposal",
        "official_boundary": false,
        "land_use_code": "1401",
        "land_use_label_zh": "公园绿地",
        "zone": "context"
      },
      "geometry": {
        "type": "Polygon",
        "coordinates": [
          [
            [
              116.34569999999998,
              39.958199999999955
            ],
            [
              116.34769999999997,
              39.958199999999955
            ],
            [
              116.34769999999997,
              39.95939999999995
            ],
            [
              116.34569999999998,
              39.95939999999995
            ],
            [
              116.34569999999998,
              39.958199999999955
            ]
          ]
        ]
      }
    },
    {
      "type": "Feature",
      "id": "LU-0206",
      "properties": {
        "id": "LU-0206",
        "layer": "LAND_USE",
        "source_type": "agent_inferred_from_public_data",
        "confidence": "low",
        "geometry_role": "design_proposal",
        "official_boundary": false,
        "land_use_code": "1401",
        "land_use_label_zh": "公园绿地",
        "zone": "context"
      },
      "geometry": {
        "type": "Polygon",
        "coordinates": [
          [
            [
              116.34569999999998,
              39.95939999999995
            ],
            [
              116.34769999999997,
              39.95939999999995
            ],
            [
              116.34769999999997,
              39.96059999999995
            ],
            [
              116.34569999999998,
              39.96059999999995
            ],
            [
              116.34569999999998,
              39.95939999999995
            ]
          ]
        ]
      }
    },
    {
      "type": "Feature",
      "id": "LU-0207",
      "properties": {
        "id": "LU-0207",
        "layer": "LAND_USE",
        "source_type": "agent_inferred_from_public_data",
        "confidence": "low",
        "geometry_role": "design_proposal",
        "official_boundary": false,
        "land_use_code": "1401",
        "land_use_label_zh": "公园绿地",
        "zone": "context"
      },
      "geometry": {
        "type": "Polygon",
        "coordinates": [
          [
            [
              116.34569999999998,
              39.96059999999995
            ],
            [
              116.34769999999997,
              39.96059999999995
            ],
            [
              116.34769999999997,
              39.96179999999995
            ],
            [
              116.34569999999998,
              39.96179999999995
            ],
            [
              116.34569999999998,
              39.96059999999995
            ]
          ]
        ]
      }
    },
    {
      "type": "Feature",
      "id": "LU-0208",
      "properties": {
        "id": "LU-0208",
        "layer": "LAND_USE",
        "source_type": "agent_inferred_from_public_data",
        "confidence": "low",
        "geometry_role": "design_proposal",
        "official_boundary": false,
        "land_use_code": "1401",
        "land_use_label_zh": "公园绿地",
        "zone": "context"
      },
      "geometry": {
        "type": "Polygon",
        "coordinates": [
          [
            [
              116.34569999999998,
              39.96179999999995
            ],
            [
              116.34769999999997,
              39.96179999999995
            ],
            [
              116.34769999999997,
              39.962999999999944
            ],
            [
              116.34569999999998,
              39.962999999999944
            ],
            [
              116.34569999999998,
              39.96179999999995
            ]
          ]
        ]
      }
    },
    {
      "type": "Feature",
      "id": "LU-0209",
      "properties": {
        "id": "LU-0209",
        "layer": "LAND_USE",
        "source_type": "agent_inferred_from_public_data",
        "confidence": "low",
        "geometry_role": "design_proposal",
        "official_boundary": false,
        "land_use_code": "1401",
        "land_use_label_zh": "公园绿地",
        "zone": "context"
      },
      "geometry": {
        "type": "Polygon",
        "coordinates": [
          [
            [
              116.34569999999998,
              39.962999999999944
            ],
            [
              116.34769999999997,
              39.962999999999944
            ],
            [
              116.34769999999997,
              39.96419999999994
            ],
            [
              116.34569999999998,
              39.96419999999994
            ],
            [
              116.34569999999998,
              39.962999999999944
            ]
          ]
        ]
      }
    },
    {
      "type": "Feature",
      "id": "LU-0210",
      "properties": {
        "id": "LU-0210",
        "layer": "LAND_USE",
        "source_type": "agent_inferred_from_public_data",
        "confidence": "low",
        "geometry_role": "design_proposal",
        "official_boundary": false,
        "land_use_code": "1401",
        "land_use_label_zh": "公园绿地",
        "zone": "context"
      },
      "geometry": {
        "type": "Polygon",
        "coordinates": [
          [
            [
              116.34569999999998,
              39.96419999999994
            ],
            [
              116.34769999999997,
              39.96419999999994
            ],
            [
              116.34769999999997,
              39.96539999999994
            ],
            [
              116.34569999999998,
              39.96539999999994
            ],
            [
              116.34569999999998,
              39.96419999999994
            ]
          ]
        ]
      }
    },
    {
      "type": "Feature",
      "id": "LU-0211",
      "properties": {
        "id": "LU-0211",
        "layer": "LAND_USE",
        "source_type": "agent_inferred_from_public_data",
        "confidence": "low",
        "geometry_role": "design_proposal",
        "official_boundary": false,
        "land_use_code": "1401",
        "land_use_label_zh": "公园绿地",
        "zone": "context"
      },
      "geometry": {
        "type": "Polygon",
        "coordinates": [
          [
            [
              116.34569999999998,
              39.96539999999994
            ],
            [
              116.34769999999997,
              39.96539999999994
            ],
            [
              116.34769999999997,
              39.966599999999936
            ],
            [
              116.34569999999998,
              39.966599999999936
            ],
            [
              116.34569999999998,
              39.96539999999994
            ]
          ]
        ]
      }
    },
    {
      "type": "Feature",
      "id": "LU-0212",
      "properties": {
        "id": "LU-0212",
        "layer": "LAND_USE",
        "source_type": "agent_inferred_from_public_data",
        "confidence": "low",
        "geometry_role": "design_proposal",
        "official_boundary": false,
        "land_use_code": "1401",
        "land_use_label_zh": "公园绿地",
        "zone": "context"
      },
      "geometry": {
        "type": "Polygon",
        "coordinates": [
          [
            [
              116.34569999999998,
              39.966599999999936
            ],
            [
              116.34769999999997,
              39.966599999999936
            ],
            [
              116.34769999999997,
              39.96779999999993
            ],
            [
              116.34569999999998,
              39.96779999999993
            ],
            [
              116.34569999999998,
              39.966599999999936
            ]
          ]
        ]
      }
    },
    {
      "type": "Feature",
      "id": "LU-0213",
      "properties": {
        "id": "LU-0213",
        "layer": "LAND_USE",
        "source_type": "agent_inferred_from_public_data",
        "confidence": "low",
        "geometry_role": "design_proposal",
        "official_boundary": false,
        "land_use_code": "1401",
        "land_use_label_zh": "公园绿地",
        "zone": "context"
      },
      "geometry": {
        "type": "Polygon",
        "coordinates": [
          [
            [
              116.34569999999998,
              39.96779999999993
            ],
            [
              116.34769999999997,
              39.96779999999993
            ],
            [
              116.34769999999997,
              39.96899999999993
            ],
            [
              116.34569999999998,
              39.96899999999993
            ],
            [
              116.34569999999998,
              39.96779999999993
            ]
          ]
        ]
      }
    },
    {
      "type": "Feature",
      "id": "LU-0214",
      "properties": {
        "id": "LU-0214",
        "layer": "LAND_USE",
        "source_type": "agent_inferred_from_public_data",
        "confidence": "low",
        "geometry_role": "design_proposal",
        "official_boundary": false,
        "land_use_code": "1401",
        "land_use_label_zh": "公园绿地",
        "zone": "context"
      },
      "geometry": {
        "type": "Polygon",
        "coordinates": [
          [
            [
              116.34569999999998,
              39.96899999999993
            ],
            [
              116.34769999999997,
              39.96899999999993
            ],
            [
              116.34769999999997,
              39.97019999999993
            ],
            [
              116.34569999999998,
              39.97019999999993
            ],
            [
              116.34569999999998,
              39.96899999999993
            ]
          ]
        ]
      }
    },
    {
      "type": "Feature",
      "id": "LU-0215",
      "properties": {
        "id": "LU-0215",
        "layer": "LAND_USE",
        "source_type": "agent_inferred_from_public_data",
        "confidence": "low",
        "geometry_role": "design_proposal",
        "official_boundary": false,
        "land_use_code": "1401",
        "land_use_label_zh": "公园绿地",
        "zone": "context"
      },
      "geometry": {
        "type": "Polygon",
        "coordinates": [
          [
            [
              116.34569999999998,
              39.97019999999993
            ],
            [
              116.34769999999997,
              39.97019999999993
            ],
            [
              116.34769999999997,
              39.971399999999925
            ],
            [
              116.34569999999998,
              39.971399999999925
            ],
            [
              116.34569999999998,
              39.97019999999993
            ]
          ]
        ]
      }
    },
    {
      "type": "Feature",
      "id": "LU-0216",
      "properties": {
        "id": "LU-0216",
        "layer": "LAND_USE",
        "source_type": "agent_inferred_from_public_data",
        "confidence": "low",
        "geometry_role": "design_proposal",
        "official_boundary": false,
        "land_use_code": "1401",
        "land_use_label_zh": "公园绿地",
        "zone": "context"
      },
      "geometry": {
        "type": "Polygon",
        "coordinates": [
          [
            [
              116.34569999999998,
              39.971399999999925
            ],
            [
              116.34769999999997,
              39.971399999999925
            ],
            [
              116.34769999999997,
              39.97259999999992
            ],
            [
              116.34569999999998,
              39.97259999999992
            ],
            [
              116.34569999999998,
              39.971399999999925
            ]
          ]
        ]
      }
    },
    {
      "type": "Feature",
      "id": "LU-0217",
      "properties": {
        "id": "LU-0217",
        "layer": "LAND_USE",
        "source_type": "agent_inferred_from_public_data",
        "confidence": "low",
        "geometry_role": "design_proposal",
        "official_boundary": false,
        "land_use_code": "1401",
        "land_use_label_zh": "公园绿地",
        "zone": "context"
      },
      "geometry": {
        "type": "Polygon",
        "coordinates": [
          [
            [
              116.34569999999998,
              39.97259999999992
            ],
            [
              116.34769999999997,
              39.97259999999992
            ],
            [
              116.34769999999997,
              39.97379999999992
            ],
            [
              116.34569999999998,
              39.97379999999992
            ],
            [
              116.34569999999998,
              39.97259999999992
            ]
          ]
        ]
      }
    },
    {
      "type": "Feature",
      "id": "LU-0218",
      "properties": {
        "id": "LU-0218",
        "layer": "LAND_USE",
        "source_type": "agent_inferred_from_public_data",
        "confidence": "low",
        "geometry_role": "design_proposal",
        "official_boundary": false,
        "land_use_code": "1401",
        "land_use_label_zh": "公园绿地",
        "zone": "context"
      },
      "geometry": {
        "type": "Polygon",
        "coordinates": [
          [
            [
              116.34569999999998,
              39.97379999999992
            ],
            [
              116.34769999999997,
              39.97379999999992
            ],
            [
              116.34769999999997,
              39.974999999999916
            ],
            [
              116.34569999999998,
              39.974999999999916
            ],
            [
              116.34569999999998,
              39.97379999999992
            ]
          ]
        ]
      }
    },
    {
      "type": "Feature",
      "id": "LU-0219",
      "properties": {
        "id": "LU-0219",
        "layer": "LAND_USE",
        "source_type": "agent_inferred_from_public_data",
        "confidence": "low",
        "geometry_role": "design_proposal",
        "official_boundary": false,
        "land_use_code": "1401",
        "land_use_label_zh": "公园绿地",
        "zone": "context"
      },
      "geometry": {
        "type": "Polygon",
        "coordinates": [
          [
            [
              116.34569999999998,
              39.974999999999916
            ],
            [
              116.34769999999997,
              39.974999999999916
            ],
            [
              116.34769999999997,
              39.97619999999991
            ],
            [
              116.34569999999998,
              39.97619999999991
            ],
            [
              116.34569999999998,
              39.974999999999916
            ]
          ]
        ]
      }
    },
    {
      "type": "Feature",
      "id": "LU-0220",
      "properties": {
        "id": "LU-0220",
        "layer": "LAND_USE",
        "source_type": "agent_inferred_from_public_data",
        "confidence": "low",
        "geometry_role": "design_proposal",
        "official_boundary": false,
        "land_use_code": "1401",
        "land_use_label_zh": "公园绿地",
        "zone": "context"
      },
      "geometry": {
        "type": "Polygon",
        "coordinates": [
          [
            [
              116.34569999999998,
              39.97619999999991
            ],
            [
              116.34769999999997,
              39.97619999999991
            ],
            [
              116.34769999999997,
              39.97739999999991
            ],
            [
              116.34569999999998,
              39.97739999999991
            ],
            [
              116.34569999999998,
              39.97619999999991
            ]
          ]
        ]
      }
    },
    {
      "type": "Feature",
      "id": "LU-0221",
      "properties": {
        "id": "LU-0221",
        "layer": "LAND_USE",
        "source_type": "agent_inferred_from_public_data",
        "confidence": "low",
        "geometry_role": "design_proposal",
        "official_boundary": false,
        "land_use_code": "1401",
        "land_use_label_zh": "公园绿地",
        "zone": "context"
      },
      "geometry": {
        "type": "Polygon",
        "coordinates": [
          [
            [
              116.34569999999998,
              39.97739999999991
            ],
            [
              116.34769999999997,
              39.97739999999991
            ],
            [
              116.34769999999997,
              39.97859999999991
            ],
            [
              116.34569999999998,
              39.97859999999991
            ],
            [
              116.34569999999998,
              39.97739999999991
            ]
          ]
        ]
      }
    },
    {
      "type": "Feature",
      "id": "LU-0222",
      "properties": {
        "id": "LU-0222",
        "layer": "LAND_USE",
        "source_type": "agent_inferred_from_public_data",
        "confidence": "low",
        "geometry_role": "design_proposal",
        "official_boundary": false,
        "land_use_code": "1401",
        "land_use_label_zh": "公园绿地",
        "zone": "context"
      },
      "geometry": {
        "type": "Polygon",
        "coordinates": [
          [
            [
              116.34569999999998,
              39.97859999999991
            ],
            [
              116.34769999999997,
              39.97859999999991
            ],
            [
              116.34769999999997,
              39.979799999999905
            ],
            [
              116.34569999999998,
              39.979799999999905
            ],
            [
              116.34569999999998,
              39.97859999999991
            ]
          ]
        ]
      }
    },
    {
      "type": "Feature",
      "id": "LU-0223",
      "properties": {
        "id": "LU-0223",
        "layer": "LAND_USE",
        "source_type": "agent_inferred_from_public_data",
        "confidence": "low",
        "geometry_role": "design_proposal",
        "official_boundary": false,
        "land_use_code": "1401",
        "land_use_label_zh": "公园绿地",
        "zone": "context"
      },
      "geometry": {
        "type": "Polygon",
        "coordinates": [
          [
            [
              116.34569999999998,
              39.979799999999905
            ],
            [
              116.34769999999997,
              39.979799999999905
            ],
            [
              116.34769999999997,
              39.9809999999999
            ],
            [
              116.34569999999998,
              39.9809999999999
            ],
            [
              116.34569999999998,
              39.979799999999905
            ]
          ]
        ]
      }
    },
    {
      "type": "Feature",
      "id": "LU-0224",
      "properties": {
        "id": "LU-0224",
        "layer": "LAND_USE",
        "source_type": "agent_inferred_from_public_data",
        "confidence": "low",
        "geometry_role": "design_proposal",
        "official_boundary": false,
        "land_use_code": "1401",
        "land_use_label_zh": "公园绿地",
        "zone": "context"
      },
      "geometry": {
        "type": "Polygon",
        "coordinates": [
          [
            [
              116.34569999999998,
              39.9809999999999
            ],
            [
              116.34769999999997,
              39.9809999999999
            ],
            [
              116.34769999999997,
              39.9821999999999
            ],
            [
              116.34569999999998,
              39.9821999999999
            ],
            [
              116.34569999999998,
              39.9809999999999
            ]
          ]
        ]
      }
    },
    {
      "type": "Feature",
      "id": "LU-0225",
      "properties": {
        "id": "LU-0225",
        "layer": "LAND_USE",
        "source_type": "agent_inferred_from_public_data",
        "confidence": "low",
        "geometry_role": "design_proposal",
        "official_boundary": false,
        "land_use_code": "1401",
        "land_use_label_zh": "公园绿地",
        "zone": "context"
      },
      "geometry": {
        "type": "Polygon",
        "coordinates": [
          [
            [
              116.34569999999998,
              39.9821999999999
            ],
            [
              116.34769999999997,
              39.9821999999999
            ],
            [
              116.34769999999997,
              39.9833999999999
            ],
            [
              116.34569999999998,
              39.9833999999999
            ],
            [
              116.34569999999998,
              39.9821999999999
            ]
          ]
        ]
      }
    },
    {
      "type": "Feature",
      "id": "LU-0226",
      "properties": {
        "id": "LU-0226",
        "layer": "LAND_USE",
        "source_type": "agent_inferred_from_public_data",
        "confidence": "low",
        "geometry_role": "design_proposal",
        "official_boundary": false,
        "land_use_code": "0701",
        "land_use_label_zh": "城镇住宅用地",
        "zone": "context"
      },
      "geometry": {
        "type": "Polygon",
        "coordinates": [
          [
            [
              116.34569999999998,
              39.9833999999999
            ],
            [
              116.34769999999997,
              39.9833999999999
            ],
            [
              116.34769999999997,
              39.984599999999894
            ],
            [
              116.34569999999998,
              39.984599999999894
            ],
            [
              116.34569999999998,
              39.9833999999999
            ]
          ]
        ]
      }
    },
    {
      "type": "Feature",
      "id": "LU-0227",
      "properties": {
        "id": "LU-0227",
        "layer": "LAND_USE",
        "source_type": "agent_inferred_from_public_data",
        "confidence": "low",
        "geometry_role": "design_proposal",
        "official_boundary": false,
        "land_use_code": "0701",
        "land_use_label_zh": "城镇住宅用地",
        "zone": "context"
      },
      "geometry": {
        "type": "Polygon",
        "coordinates": [
          [
            [
              116.34569999999998,
              39.984599999999894
            ],
            [
              116.34769999999997,
              39.984599999999894
            ],
            [
              116.34769999999997,
              39.98579999999989
            ],
            [
              116.34569999999998,
              39.98579999999989
            ],
            [
              116.34569999999998,
              39.984599999999894
            ]
          ]
        ]
      }
    },
    {
      "type": "Feature",
      "id": "LU-0228",
      "properties": {
        "id": "LU-0228",
        "layer": "LAND_USE",
        "source_type": "agent_inferred_from_public_data",
        "confidence": "low",
        "geometry_role": "design_proposal",
        "official_boundary": false,
        "land_use_code": "0701",
        "land_use_label_zh": "城镇住宅用地",
        "zone": "context"
      },
      "geometry": {
        "type": "Polygon",
        "coordinates": [
          [
            [
              116.34569999999998,
              39.98579999999989
            ],
            [
              116.34769999999997,
              39.98579999999989
            ],
            [
              116.34769999999997,
              39.98699999999989
            ],
            [
              116.34569999999998,
              39.98699999999989
            ],
            [
              116.34569999999998,
              39.98579999999989
            ]
          ]
        ]
      }
    },
    {
      "type": "Feature",
      "id": "LU-0229",
      "properties": {
        "id": "LU-0229",
        "layer": "LAND_USE",
        "source_type": "agent_inferred_from_public_data",
        "confidence": "low",
        "geometry_role": "design_proposal",
        "official_boundary": false,
        "land_use_code": "0701",
        "land_use_label_zh": "城镇住宅用地",
        "zone": "context"
      },
      "geometry": {
        "type": "Polygon",
        "coordinates": [
          [
            [
              116.34569999999998,
              39.98699999999989
            ],
            [
              116.34769999999997,
              39.98699999999989
            ],
            [
              116.34769999999997,
              39.988199999999885
            ],
            [
              116.34569999999998,
              39.988199999999885
            ],
            [
              116.34569999999998,
              39.98699999999989
            ]
          ]
        ]
      }
    },
    {
      "type": "Feature",
      "id": "LU-0230",
      "properties": {
        "id": "LU-0230",
        "layer": "LAND_USE",
        "source_type": "agent_inferred_from_public_data",
        "confidence": "low",
        "geometry_role": "design_proposal",
        "official_boundary": false,
        "land_use_code": "0701",
        "land_use_label_zh": "城镇住宅用地",
        "zone": "context"
      },
      "geometry": {
        "type": "Polygon",
        "coordinates": [
          [
            [
              116.34569999999998,
              39.988199999999885
            ],
            [
              116.34769999999997,
              39.988199999999885
            ],
            [
              116.34769999999997,
              39.98939999999988
            ],
            [
              116.34569999999998,
              39.98939999999988
            ],
            [
              116.34569999999998,
              39.988199999999885
            ]
          ]
        ]
      }
    },
    {
      "type": "Feature",
      "id": "LU-0231",
      "properties": {
        "id": "LU-0231",
        "layer": "LAND_USE",
        "source_type": "agent_inferred_from_public_data",
        "confidence": "low",
        "geometry_role": "design_proposal",
        "official_boundary": false,
        "land_use_code": "0701",
        "land_use_label_zh": "城镇住宅用地",
        "zone": "context"
      },
      "geometry": {
        "type": "Polygon",
        "coordinates": [
          [
            [
              116.34569999999998,
              39.98939999999988
            ],
            [
              116.34769999999997,
              39.98939999999988
            ],
            [
              116.34769999999997,
              39.99059999999988
            ],
            [
              116.34569999999998,
              39.99059999999988
            ],
            [
              116.34569999999998,
              39.98939999999988
            ]
          ]
        ]
      }
    },
    {
      "type": "Feature",
      "id": "LU-0232",
      "properties": {
        "id": "LU-0232",
        "layer": "LAND_USE",
        "source_type": "agent_inferred_from_public_data",
        "confidence": "low",
        "geometry_role": "design_proposal",
        "official_boundary": false,
        "land_use_code": "0701",
        "land_use_label_zh": "城镇住宅用地",
        "zone": "context"
      },
      "geometry": {
        "type": "Polygon",
        "coordinates": [
          [
            [
              116.34569999999998,
              39.99059999999988
            ],
            [
              116.34769999999997,
              39.99059999999988
            ],
            [
              116.34769999999997,
              39.99179999999988
            ],
            [
              116.34569999999998,
              39.99179999999988
            ],
            [
              116.34569999999998,
              39.99059999999988
            ]
          ]
        ]
      }
    },
    {
      "type": "Feature",
      "id": "LU-0233",
      "properties": {
        "id": "LU-0233",
        "layer": "LAND_USE",
        "source_type": "agent_inferred_from_public_data",
        "confidence": "low",
        "geometry_role": "design_proposal",
        "official_boundary": false,
        "land_use_code": "0701",
        "land_use_label_zh": "城镇住宅用地",
        "zone": "context"
      },
      "geometry": {
        "type": "Polygon",
        "coordinates": [
          [
            [
              116.34569999999998,
              39.99179999999988
            ],
            [
              116.34769999999997,
              39.99179999999988
            ],
            [
              116.34769999999997,
              39.992999999999874
            ],
            [
              116.34569999999998,
              39.992999999999874
            ],
            [
              116.34569999999998,
              39.99179999999988
            ]
          ]
        ]
      }
    },
    {
      "type": "Feature",
      "id": "LU-0234",
      "properties": {
        "id": "LU-0234",
        "layer": "LAND_USE",
        "source_type": "agent_inferred_from_public_data",
        "confidence": "low",
        "geometry_role": "design_proposal",
        "official_boundary": false,
        "land_use_code": "1401",
        "land_use_label_zh": "公园绿地",
        "zone": "context"
      },
      "geometry": {
        "type": "Polygon",
        "coordinates": [
          [
            [
              116.34569999999998,
              39.992999999999874
            ],
            [
              116.34769999999997,
              39.992999999999874
            ],
            [
              116.34769999999997,
              39.99419999999987
            ],
            [
              116.34569999999998,
              39.99419999999987
            ],
            [
              116.34569999999998,
              39.992999999999874
            ]
          ]
        ]
      }
    },
    {
      "type": "Feature",
      "id": "LU-0235",
      "properties": {
        "id": "LU-0235",
        "layer": "LAND_USE",
        "source_type": "agent_inferred_from_public_data",
        "confidence": "low",
        "geometry_role": "design_proposal",
        "official_boundary": false,
        "land_use_code": "1401",
        "land_use_label_zh": "公园绿地",
        "zone": "context"
      },
      "geometry": {
        "type": "Polygon",
        "coordinates": [
          [
            [
              116.34569999999998,
              39.99419999999987
            ],
            [
              116.34769999999997,
              39.99419999999987
            ],
            [
              116.34769999999997,
              39.99539999999987
            ],
            [
              116.34569999999998,
              39.99539999999987
            ],
            [
              116.34569999999998,
              39.99419999999987
            ]
          ]
        ]
      }
    },
    {
      "type": "Feature",
      "id": "LU-0236",
      "properties": {
        "id": "LU-0236",
        "layer": "LAND_USE",
        "source_type": "agent_inferred_from_public_data",
        "confidence": "low",
        "geometry_role": "design_proposal",
        "official_boundary": false,
        "land_use_code": "1401",
        "land_use_label_zh": "公园绿地",
        "zone": "context"
      },
      "geometry": {
        "type": "Polygon",
        "coordinates": [
          [
            [
              116.34569999999998,
              39.99539999999987
            ],
            [
              116.34769999999997,
              39.99539999999987
            ],
            [
              116.34769999999997,
              39.996599999999866
            ],
            [
              116.34569999999998,
              39.996599999999866
            ],
            [
              116.34569999999998,
              39.99539999999987
            ]
          ]
        ]
      }
    },
    {
      "type": "Feature",
      "id": "LU-0237",
      "properties": {
        "id": "LU-0237",
        "layer": "LAND_USE",
        "source_type": "agent_inferred_from_public_data",
        "confidence": "low",
        "geometry_role": "design_proposal",
        "official_boundary": false,
        "land_use_code": "1401",
        "land_use_label_zh": "公园绿地",
        "zone": "context"
      },
      "geometry": {
        "type": "Polygon",
        "coordinates": [
          [
            [
              116.34569999999998,
              39.996599999999866
            ],
            [
              116.34769999999997,
              39.996599999999866
            ],
            [
              116.34769999999997,
              39.99779999999986
            ],
            [
              116.34569999999998,
              39.99779999999986
            ],
            [
              116.34569999999998,
              39.996599999999866
            ]
          ]
        ]
      }
    },
    {
      "type": "Feature",
      "id": "LU-0238",
      "properties": {
        "id": "LU-0238",
        "layer": "LAND_USE",
        "source_type": "agent_inferred_from_public_data",
        "confidence": "low",
        "geometry_role": "design_proposal",
        "official_boundary": false,
        "land_use_code": "1401",
        "land_use_label_zh": "公园绿地",
        "zone": "context"
      },
      "geometry": {
        "type": "Polygon",
        "coordinates": [
          [
            [
              116.34569999999998,
              39.99779999999986
            ],
            [
              116.34769999999997,
              39.99779999999986
            ],
            [
              116.34769999999997,
              39.99899999999986
            ],
            [
              116.34569999999998,
              39.99899999999986
            ],
            [
              116.34569999999998,
              39.99779999999986
            ]
          ]
        ]
      }
    },
    {
      "type": "Feature",
      "id": "LU-0239",
      "properties": {
        "id": "LU-0239",
        "layer": "LAND_USE",
        "source_type": "agent_inferred_from_public_data",
        "confidence": "low",
        "geometry_role": "design_proposal",
        "official_boundary": false,
        "land_use_code": "1401",
        "land_use_label_zh": "公园绿地",
        "zone": "context"
      },
      "geometry": {
        "type": "Polygon",
        "coordinates": [
          [
            [
              116.34569999999998,
              39.99899999999986
            ],
            [
              116.34769999999997,
              39.99899999999986
            ],
            [
              116.34769999999997,
              40.00019999999986
            ],
            [
              116.34569999999998,
              40.00019999999986
            ],
            [
              116.34569999999998,
              39.99899999999986
            ]
          ]
        ]
      }
    },
    {
      "type": "Feature",
      "id": "LU-0240",
      "properties": {
        "id": "LU-0240",
        "layer": "LAND_USE",
        "source_type": "agent_inferred_from_public_data",
        "confidence": "low",
        "geometry_role": "design_proposal",
        "official_boundary": false,
        "land_use_code": "1401",
        "land_use_label_zh": "公园绿地",
        "zone": "context"
      },
      "geometry": {
        "type": "Polygon",
        "coordinates": [
          [
            [
              116.34569999999998,
              40.00019999999986
            ],
            [
              116.34769999999997,
              40.00019999999986
            ],
            [
              116.34769999999997,
              40.001399999999855
            ],
            [
              116.34569999999998,
              40.001399999999855
            ],
            [
              116.34569999999998,
              40.00019999999986
            ]
          ]
        ]
      }
    },
    {
      "type": "Feature",
      "id": "LU-0241",
      "properties": {
        "id": "LU-0241",
        "layer": "LAND_USE",
        "source_type": "agent_inferred_from_public_data",
        "confidence": "low",
        "geometry_role": "design_proposal",
        "official_boundary": false,
        "land_use_code": "1401",
        "land_use_label_zh": "公园绿地",
        "zone": "context"
      },
      "geometry": {
        "type": "Polygon",
        "coordinates": [
          [
            [
              116.34569999999998,
              40.001399999999855
            ],
            [
              116.34769999999997,
              40.001399999999855
            ],
            [
              116.34769999999997,
              40.00259999999985
            ],
            [
              116.34569999999998,
              40.00259999999985
            ],
            [
              116.34569999999998,
              40.001399999999855
            ]
          ]
        ]
      }
    },
    {
      "type": "Feature",
      "id": "LU-0242",
      "properties": {
        "id": "LU-0242",
        "layer": "LAND_USE",
        "source_type": "agent_inferred_from_public_data",
        "confidence": "low",
        "geometry_role": "design_proposal",
        "official_boundary": false,
        "land_use_code": "1401",
        "land_use_label_zh": "公园绿地",
        "zone": "context"
      },
      "geometry": {
        "type": "Polygon",
        "coordinates": [
          [
            [
              116.34569999999998,
              40.00259999999985
            ],
            [
              116.34769999999997,
              40.00259999999985
            ],
            [
              116.34769999999997,
              40.00379999999985
            ],
            [
              116.34569999999998,
              40.00379999999985
            ],
            [
              116.34569999999998,
              40.00259999999985
            ]
          ]
        ]
      }
    },
    {
      "type": "Feature",
      "id": "LU-0243",
      "properties": {
        "id": "LU-0243",
        "layer": "LAND_USE",
        "source_type": "agent_inferred_from_public_data",
        "confidence": "low",
        "geometry_role": "design_proposal",
        "official_boundary": false,
        "land_use_code": "1401",
        "land_use_label_zh": "公园绿地",
        "zone": "context"
      },
      "geometry": {
        "type": "Polygon",
        "coordinates": [
          [
            [
              116.34569999999998,
              40.00379999999985
            ],
            [
              116.34769999999997,
              40.00379999999985
            ],
            [
              116.34769999999997,
              40.004999999999846
            ],
            [
              116.34569999999998,
              40.004999999999846
            ],
            [
              116.34569999999998,
              40.00379999999985
            ]
          ]
        ]
      }
    },
    {
      "type": "Feature",
      "id": "LU-0244",
      "properties": {
        "id": "LU-0244",
        "layer": "LAND_USE",
        "source_type": "agent_inferred_from_public_data",
        "confidence": "low",
        "geometry_role": "design_proposal",
        "official_boundary": false,
        "land_use_code": "1401",
        "land_use_label_zh": "公园绿地",
        "zone": "context"
      },
      "geometry": {
        "type": "Polygon",
        "coordinates": [
          [
            [
              116.34569999999998,
              40.004999999999846
            ],
            [
              116.34769999999997,
              40.004999999999846
            ],
            [
              116.34769999999997,
              40.00619999999984
            ],
            [
              116.34569999999998,
              40.00619999999984
            ],
            [
              116.34569999999998,
              40.004999999999846
            ]
          ]
        ]
      }
    },
    {
      "type": "Feature",
      "id": "LU-0245",
      "properties": {
        "id": "LU-0245",
        "layer": "LAND_USE",
        "source_type": "agent_inferred_from_public_data",
        "confidence": "low",
        "geometry_role": "design_proposal",
        "official_boundary": false,
        "land_use_code": "1401",
        "land_use_label_zh": "公园绿地",
        "zone": "context"
      },
      "geometry": {
        "type": "Polygon",
        "coordinates": [
          [
            [
              116.34569999999998,
              40.00619999999984
            ],
            [
              116.34769999999997,
              40.00619999999984
            ],
            [
              116.34769999999997,
              40.00739999999984
            ],
            [
              116.34569999999998,
              40.00739999999984
            ],
            [
              116.34569999999998,
              40.00619999999984
            ]
          ]
        ]
      }
    },
    {
      "type": "Feature",
      "id": "LU-0246",
      "properties": {
        "id": "LU-0246",
        "layer": "LAND_USE",
        "source_type": "agent_inferred_from_public_data",
        "confidence": "low",
        "geometry_role": "design_proposal",
        "official_boundary": false,
        "land_use_code": "0802",
        "land_use_label_zh": "科研用地",
        "zone": "AI_SERVICE_ZONE"
      },
      "geometry": {
        "type": "Polygon",
        "coordinates": [
          [
            [
              116.34569999999998,
              40.00739999999984
            ],
            [
              116.34769999999997,
              40.00739999999984
            ],
            [
              116.34769999999997,
              40.00859999999984
            ],
            [
              116.34569999999998,
              40.00859999999984
            ],
            [
              116.34569999999998,
              40.00739999999984
            ]
          ]
        ]
      }
    },
    {
      "type": "Feature",
      "id": "LU-0247",
      "properties": {
        "id": "LU-0247",
        "layer": "LAND_USE",
        "source_type": "agent_inferred_from_public_data",
        "confidence": "low",
        "geometry_role": "design_proposal",
        "official_boundary": false,
        "land_use_code": "0802",
        "land_use_label_zh": "科研用地",
        "zone": "AI_SERVICE_ZONE"
      },
      "geometry": {
        "type": "Polygon",
        "coordinates": [
          [
            [
              116.34569999999998,
              40.00859999999984
            ],
            [
              116.34769999999997,
              40.00859999999984
            ],
            [
              116.34769999999997,
              40.009799999999835
            ],
            [
              116.34569999999998,
              40.009799999999835
            ],
            [
              116.34569999999998,
              40.00859999999984
            ]
          ]
        ]
      }
    },
    {
      "type": "Feature",
      "id": "LU-0248",
      "properties": {
        "id": "LU-0248",
        "layer": "LAND_USE",
        "source_type": "agent_inferred_from_public_data",
        "confidence": "low",
        "geometry_role": "design_proposal",
        "official_boundary": false,
        "land_use_code": "0802",
        "land_use_label_zh": "科研用地",
        "zone": "AI_SERVICE_ZONE"
      },
      "geometry": {
        "type": "Polygon",
        "coordinates": [
          [
            [
              116.34569999999998,
              40.009799999999835
            ],
            [
              116.34769999999997,
              40.009799999999835
            ],
            [
              116.34769999999997,
              40.01099999999983
            ],
            [
              116.34569999999998,
              40.01099999999983
            ],
            [
              116.34569999999998,
              40.009799999999835
            ]
          ]
        ]
      }
    },
    {
      "type": "Feature",
      "id": "LU-0249",
      "properties": {
        "id": "LU-0249",
        "layer": "LAND_USE",
        "source_type": "agent_inferred_from_public_data",
        "confidence": "low",
        "geometry_role": "design_proposal",
        "official_boundary": false,
        "land_use_code": "0802",
        "land_use_label_zh": "科研用地",
        "zone": "AI_SERVICE_ZONE"
      },
      "geometry": {
        "type": "Polygon",
        "coordinates": [
          [
            [
              116.34569999999998,
              40.01099999999983
            ],
            [
              116.34769999999997,
              40.01099999999983
            ],
            [
              116.34769999999997,
              40.01219999999983
            ],
            [
              116.34569999999998,
              40.01219999999983
            ],
            [
              116.34569999999998,
              40.01099999999983
            ]
          ]
        ]
      }
    },
    {
      "type": "Feature",
      "id": "LU-0250",
      "properties": {
        "id": "LU-0250",
        "layer": "LAND_USE",
        "source_type": "agent_inferred_from_public_data",
        "confidence": "low",
        "geometry_role": "design_proposal",
        "official_boundary": false,
        "land_use_code": "0802",
        "land_use_label_zh": "科研用地",
        "zone": "AI_SERVICE_ZONE"
      },
      "geometry": {
        "type": "Polygon",
        "coordinates": [
          [
            [
              116.34569999999998,
              40.01219999999983
            ],
            [
              116.34769999999997,
              40.01219999999983
            ],
            [
              116.34769999999997,
              40.01339999999983
            ],
            [
              116.34569999999998,
              40.01339999999983
            ],
            [
              116.34569999999998,
              40.01219999999983
            ]
          ]
        ]
      }
    },
    {
      "type": "Feature",
      "id": "LU-0251",
      "properties": {
        "id": "LU-0251",
        "layer": "LAND_USE",
        "source_type": "agent_inferred_from_public_data",
        "confidence": "low",
        "geometry_role": "design_proposal",
        "official_boundary": false,
        "land_use_code": "0802",
        "land_use_label_zh": "科研用地",
        "zone": "AI_SERVICE_ZONE"
      },
      "geometry": {
        "type": "Polygon",
        "coordinates": [
          [
            [
              116.34569999999998,
              40.01339999999983
            ],
            [
              116.34769999999997,
              40.01339999999983
            ],
            [
              116.34769999999997,
              40.014599999999824
            ],
            [
              116.34569999999998,
              40.014599999999824
            ],
            [
              116.34569999999998,
              40.01339999999983
            ]
          ]
        ]
      }
    },
    {
      "type": "Feature",
      "id": "LU-0252",
      "properties": {
        "id": "LU-0252",
        "layer": "LAND_USE",
        "source_type": "agent_inferred_from_public_data",
        "confidence": "low",
        "geometry_role": "design_proposal",
        "official_boundary": false,
        "land_use_code": "0802",
        "land_use_label_zh": "科研用地",
        "zone": "AI_SERVICE_ZONE"
      },
      "geometry": {
        "type": "Polygon",
        "coordinates": [
          [
            [
              116.34569999999998,
              40.014599999999824
            ],
            [
              116.34769999999997,
              40.014599999999824
            ],
            [
              116.34769999999997,
              40.01579999999982
            ],
            [
              116.34569999999998,
              40.01579999999982
            ],
            [
              116.34569999999998,
              40.014599999999824
            ]
          ]
        ]
      }
    },
    {
      "type": "Feature",
      "id": "LU-0253",
      "properties": {
        "id": "LU-0253",
        "layer": "LAND_USE",
        "source_type": "agent_inferred_from_public_data",
        "confidence": "low",
        "geometry_role": "design_proposal",
        "official_boundary": false,
        "land_use_code": "0802",
        "land_use_label_zh": "科研用地",
        "zone": "AI_SERVICE_ZONE"
      },
      "geometry": {
        "type": "Polygon",
        "coordinates": [
          [
            [
              116.34569999999998,
              40.01579999999982
            ],
            [
              116.34769999999997,
              40.01579999999982
            ],
            [
              116.34769999999997,
              40.01699999999982
            ],
            [
              116.34569999999998,
              40.01699999999982
            ],
            [
              116.34569999999998,
              40.01579999999982
            ]
          ]
        ]
      }
    },
    {
      "type": "Feature",
      "id": "LU-0254",
      "properties": {
        "id": "LU-0254",
        "layer": "LAND_USE",
        "source_type": "agent_inferred_from_public_data",
        "confidence": "low",
        "geometry_role": "design_proposal",
        "official_boundary": false,
        "land_use_code": "0802",
        "land_use_label_zh": "科研用地",
        "zone": "AI_SERVICE_ZONE"
      },
      "geometry": {
        "type": "Polygon",
        "coordinates": [
          [
            [
              116.34569999999998,
              40.01699999999982
            ],
            [
              116.34769999999997,
              40.01699999999982
            ],
            [
              116.34769999999997,
              40.018199999999815
            ],
            [
              116.34569999999998,
              40.018199999999815
            ],
            [
              116.34569999999998,
              40.01699999999982
            ]
          ]
        ]
      }
    },
    {
      "type": "Feature",
      "id": "LU-0255",
      "properties": {
        "id": "LU-0255",
        "layer": "LAND_USE",
        "source_type": "agent_inferred_from_public_data",
        "confidence": "low",
        "geometry_role": "design_proposal",
        "official_boundary": false,
        "land_use_code": "0802",
        "land_use_label_zh": "科研用地",
        "zone": "AI_SERVICE_ZONE"
      },
      "geometry": {
        "type": "Polygon",
        "coordinates": [
          [
            [
              116.34569999999998,
              40.018199999999815
            ],
            [
              116.34769999999997,
              40.018199999999815
            ],
            [
              116.34769999999997,
              40.01939999999981
            ],
            [
              116.34569999999998,
              40.01939999999981
            ],
            [
              116.34569999999998,
              40.018199999999815
            ]
          ]
        ]
      }
    },
    {
      "type": "Feature",
      "id": "LU-0256",
      "properties": {
        "id": "LU-0256",
        "layer": "LAND_USE",
        "source_type": "agent_inferred_from_public_data",
        "confidence": "low",
        "geometry_role": "design_proposal",
        "official_boundary": false,
        "land_use_code": "0802",
        "land_use_label_zh": "科研用地",
        "zone": "AI_SERVICE_ZONE"
      },
      "geometry": {
        "type": "Polygon",
        "coordinates": [
          [
            [
              116.34569999999998,
              40.01939999999981
            ],
            [
              116.34769999999997,
              40.01939999999981
            ],
            [
              116.34769999999997,
              40.02059999999981
            ],
            [
              116.34569999999998,
              40.02059999999981
            ],
            [
              116.34569999999998,
              40.01939999999981
            ]
          ]
        ]
      }
    },
    {
      "type": "Feature",
      "id": "LU-0257",
      "properties": {
        "id": "LU-0257",
        "layer": "LAND_USE",
        "source_type": "agent_inferred_from_public_data",
        "confidence": "low",
        "geometry_role": "design_proposal",
        "official_boundary": false,
        "land_use_code": "0802",
        "land_use_label_zh": "科研用地",
        "zone": "AI_SERVICE_ZONE"
      },
      "geometry": {
        "type": "Polygon",
        "coordinates": [
          [
            [
              116.34569999999998,
              40.02059999999981
            ],
            [
              116.34769999999997,
              40.02059999999981
            ],
            [
              116.34769999999997,
              40.02179999999981
            ],
            [
              116.34569999999998,
              40.02179999999981
            ],
            [
              116.34569999999998,
              40.02059999999981
            ]
          ]
        ]
      }
    },
    {
      "type": "Feature",
      "id": "LU-0258",
      "properties": {
        "id": "LU-0258",
        "layer": "LAND_USE",
        "source_type": "agent_inferred_from_public_data",
        "confidence": "low",
        "geometry_role": "design_proposal",
        "official_boundary": false,
        "land_use_code": "0802",
        "land_use_label_zh": "科研用地",
        "zone": "AI_SERVICE_ZONE"
      },
      "geometry": {
        "type": "Polygon",
        "coordinates": [
          [
            [
              116.34569999999998,
              40.02179999999981
            ],
            [
              116.34769999999997,
              40.02179999999981
            ],
            [
              116.34769999999997,
              40.022999999999804
            ],
            [
              116.34569999999998,
              40.022999999999804
            ],
            [
              116.34569999999998,
              40.02179999999981
            ]
          ]
        ]
      }
    },
    {
      "type": "Feature",
      "id": "LU-0259",
      "properties": {
        "id": "LU-0259",
        "layer": "LAND_USE",
        "source_type": "agent_inferred_from_public_data",
        "confidence": "low",
        "geometry_role": "design_proposal",
        "official_boundary": false,
        "land_use_code": "0802",
        "land_use_label_zh": "科研用地",
        "zone": "AI_SERVICE_ZONE"
      },
      "geometry": {
        "type": "Polygon",
        "coordinates": [
          [
            [
              116.34569999999998,
              40.022999999999804
            ],
            [
              116.34769999999997,
              40.022999999999804
            ],
            [
              116.34769999999997,
              40.0241999999998
            ],
            [
              116.34569999999998,
              40.0241999999998
            ],
            [
              116.34569999999998,
              40.022999999999804
            ]
          ]
        ]
      }
    },
    {
      "type": "Feature",
      "id": "LU-0260",
      "properties": {
        "id": "LU-0260",
        "layer": "LAND_USE",
        "source_type": "agent_inferred_from_public_data",
        "confidence": "low",
        "geometry_role": "design_proposal",
        "official_boundary": false,
        "land_use_code": "0802",
        "land_use_label_zh": "科研用地",
        "zone": "AI_SERVICE_ZONE"
      },
      "geometry": {
        "type": "Polygon",
        "coordinates": [
          [
            [
              116.34569999999998,
              40.0241999999998
            ],
            [
              116.34769999999997,
              40.0241999999998
            ],
            [
              116.34769999999997,
              40.0253999999998
            ],
            [
              116.34569999999998,
              40.0253999999998
            ],
            [
              116.34569999999998,
              40.0241999999998
            ]
          ]
        ]
      }
    },
    {
      "type": "Feature",
      "id": "LU-0261",
      "properties": {
        "id": "LU-0261",
        "layer": "LAND_USE",
        "source_type": "agent_inferred_from_public_data",
        "confidence": "low",
        "geometry_role": "design_proposal",
        "official_boundary": false,
        "land_use_code": "0802",
        "land_use_label_zh": "科研用地",
        "zone": "AI_SERVICE_ZONE"
      },
      "geometry": {
        "type": "Polygon",
        "coordinates": [
          [
            [
              116.34569999999998,
              40.0253999999998
            ],
            [
              116.34769999999997,
              40.0253999999998
            ],
            [
              116.34769999999997,
              40.026599999999796
            ],
            [
              116.34569999999998,
              40.026599999999796
            ],
            [
              116.34569999999998,
              40.0253999999998
            ]
          ]
        ]
      }
    },
    {
      "type": "Feature",
      "id": "LU-0262",
      "properties": {
        "id": "LU-0262",
        "layer": "LAND_USE",
        "source_type": "agent_inferred_from_public_data",
        "confidence": "low",
        "geometry_role": "design_proposal",
        "official_boundary": false,
        "land_use_code": "05",
        "land_use_label_zh": "商业服务业用地",
        "zone": "AI_SERVICE_ZONE"
      },
      "geometry": {
        "type": "Polygon",
        "coordinates": [
          [
            [
              116.34769999999997,
              39.939
            ],
            [
              116.34969999999997,
              39.939
            ],
            [
              116.34969999999997,
              39.9402
            ],
            [
              116.34769999999997,
              39.9402
            ],
            [
              116.34769999999997,
              39.939
            ]
          ]
        ]
      }
    },
    {
      "type": "Feature",
      "id": "LU-0263",
      "properties": {
        "id": "LU-0263",
        "layer": "LAND_USE",
        "source_type": "agent_inferred_from_public_data",
        "confidence": "low",
        "geometry_role": "design_proposal",
        "official_boundary": false,
        "land_use_code": "05",
        "land_use_label_zh": "商业服务业用地",
        "zone": "AI_SERVICE_ZONE"
      },
      "geometry": {
        "type": "Polygon",
        "coordinates": [
          [
            [
              116.34769999999997,
              39.9402
            ],
            [
              116.34969999999997,
              39.9402
            ],
            [
              116.34969999999997,
              39.941399999999994
            ],
            [
              116.34769999999997,
              39.941399999999994
            ],
            [
              116.34769999999997,
              39.9402
            ]
          ]
        ]
      }
    },
    {
      "type": "Feature",
      "id": "LU-0264",
      "properties": {
        "id": "LU-0264",
        "layer": "LAND_USE",
        "source_type": "agent_inferred_from_public_data",
        "confidence": "low",
        "geometry_role": "design_proposal",
        "official_boundary": false,
        "land_use_code": "05",
        "land_use_label_zh": "商业服务业用地",
        "zone": "AI_SERVICE_ZONE"
      },
      "geometry": {
        "type": "Polygon",
        "coordinates": [
          [
            [
              116.34769999999997,
              39.941399999999994
            ],
            [
              116.34969999999997,
              39.941399999999994
            ],
            [
              116.34969999999997,
              39.94259999999999
            ],
            [
              116.34769999999997,
              39.94259999999999
            ],
            [
              116.34769999999997,
              39.941399999999994
            ]
          ]
        ]
      }
    },
    {
      "type": "Feature",
      "id": "LU-0265",
      "properties": {
        "id": "LU-0265",
        "layer": "LAND_USE",
        "source_type": "agent_inferred_from_public_data",
        "confidence": "low",
        "geometry_role": "design_proposal",
        "official_boundary": false,
        "land_use_code": "05",
        "land_use_label_zh": "商业服务业用地",
        "zone": "AI_SERVICE_ZONE"
      },
      "geometry": {
        "type": "Polygon",
        "coordinates": [
          [
            [
              116.34769999999997,
              39.94259999999999
            ],
            [
              116.34969999999997,
              39.94259999999999
            ],
            [
              116.34969999999997,
              39.94379999999999
            ],
            [
              116.34769999999997,
              39.94379999999999
            ],
            [
              116.34769999999997,
              39.94259999999999
            ]
          ]
        ]
      }
    },
    {
      "type": "Feature",
      "id": "LU-0266",
      "properties": {
        "id": "LU-0266",
        "layer": "LAND_USE",
        "source_type": "agent_inferred_from_public_data",
        "confidence": "low",
        "geometry_role": "design_proposal",
        "official_boundary": false,
        "land_use_code": "05",
        "land_use_label_zh": "商业服务业用地",
        "zone": "AI_SERVICE_ZONE"
      },
      "geometry": {
        "type": "Polygon",
        "coordinates": [
          [
            [
              116.34769999999997,
              39.94379999999999
            ],
            [
              116.34969999999997,
              39.94379999999999
            ],
            [
              116.34969999999997,
              39.944999999999986
            ],
            [
              116.34769999999997,
              39.944999999999986
            ],
            [
              116.34769999999997,
              39.94379999999999
            ]
          ]
        ]
      }
    },
    {
      "type": "Feature",
      "id": "LU-0267",
      "properties": {
        "id": "LU-0267",
        "layer": "LAND_USE",
        "source_type": "agent_inferred_from_public_data",
        "confidence": "low",
        "geometry_role": "design_proposal",
        "official_boundary": false,
        "land_use_code": "05",
        "land_use_label_zh": "商业服务业用地",
        "zone": "AI_SERVICE_ZONE"
      },
      "geometry": {
        "type": "Polygon",
        "coordinates": [
          [
            [
              116.34769999999997,
              39.944999999999986
            ],
            [
              116.34969999999997,
              39.944999999999986
            ],
            [
              116.34969999999997,
              39.94619999999998
            ],
            [
              116.34769999999997,
              39.94619999999998
            ],
            [
              116.34769999999997,
              39.944999999999986
            ]
          ]
        ]
      }
    },
    {
      "type": "Feature",
      "id": "LU-0268",
      "properties": {
        "id": "LU-0268",
        "layer": "LAND_USE",
        "source_type": "agent_inferred_from_public_data",
        "confidence": "low",
        "geometry_role": "design_proposal",
        "official_boundary": false,
        "land_use_code": "05",
        "land_use_label_zh": "商业服务业用地",
        "zone": "AI_SERVICE_ZONE"
      },
      "geometry": {
        "type": "Polygon",
        "coordinates": [
          [
            [
              116.34769999999997,
              39.94619999999998
            ],
            [
              116.34969999999997,
              39.94619999999998
            ],
            [
              116.34969999999997,
              39.94739999999998
            ],
            [
              116.34769999999997,
              39.94739999999998
            ],
            [
              116.34769999999997,
              39.94619999999998
            ]
          ]
        ]
      }
    },
    {
      "type": "Feature",
      "id": "LU-0269",
      "properties": {
        "id": "LU-0269",
        "layer": "LAND_USE",
        "source_type": "agent_inferred_from_public_data",
        "confidence": "low",
        "geometry_role": "design_proposal",
        "official_boundary": false,
        "land_use_code": "05",
        "land_use_label_zh": "商业服务业用地",
        "zone": "AI_SERVICE_ZONE"
      },
      "geometry": {
        "type": "Polygon",
        "coordinates": [
          [
            [
              116.34769999999997,
              39.94739999999998
            ],
            [
              116.34969999999997,
              39.94739999999998
            ],
            [
              116.34969999999997,
              39.94859999999998
            ],
            [
              116.34769999999997,
              39.94859999999998
            ],
            [
              116.34769999999997,
              39.94739999999998
            ]
          ]
        ]
      }
    },
    {
      "type": "Feature",
      "id": "LU-0270",
      "properties": {
        "id": "LU-0270",
        "layer": "LAND_USE",
        "source_type": "agent_inferred_from_public_data",
        "confidence": "low",
        "geometry_role": "design_proposal",
        "official_boundary": false,
        "land_use_code": "05",
        "land_use_label_zh": "商业服务业用地",
        "zone": "AI_SERVICE_ZONE"
      },
      "geometry": {
        "type": "Polygon",
        "coordinates": [
          [
            [
              116.34769999999997,
              39.94859999999998
            ],
            [
              116.34969999999997,
              39.94859999999998
            ],
            [
              116.34969999999997,
              39.949799999999975
            ],
            [
              116.34769999999997,
              39.949799999999975
            ],
            [
              116.34769999999997,
              39.94859999999998
            ]
          ]
        ]
      }
    },
    {
      "type": "Feature",
      "id": "LU-0271",
      "properties": {
        "id": "LU-0271",
        "layer": "LAND_USE",
        "source_type": "agent_inferred_from_public_data",
        "confidence": "low",
        "geometry_role": "design_proposal",
        "official_boundary": false,
        "land_use_code": "05",
        "land_use_label_zh": "商业服务业用地",
        "zone": "AI_SERVICE_ZONE"
      },
      "geometry": {
        "type": "Polygon",
        "coordinates": [
          [
            [
              116.34769999999997,
              39.949799999999975
            ],
            [
              116.34969999999997,
              39.949799999999975
            ],
            [
              116.34969999999997,
              39.95099999999997
            ],
            [
              116.34769999999997,
              39.95099999999997
            ],
            [
              116.34769999999997,
              39.949799999999975
            ]
          ]
        ]
      }
    },
    {
      "type": "Feature",
      "id": "LU-0272",
      "properties": {
        "id": "LU-0272",
        "layer": "LAND_USE",
        "source_type": "agent_inferred_from_public_data",
        "confidence": "low",
        "geometry_role": "design_proposal",
        "official_boundary": false,
        "land_use_code": "05",
        "land_use_label_zh": "商业服务业用地",
        "zone": "AI_SERVICE_ZONE"
      },
      "geometry": {
        "type": "Polygon",
        "coordinates": [
          [
            [
              116.34769999999997,
              39.95099999999997
            ],
            [
              116.34969999999997,
              39.95099999999997
            ],
            [
              116.34969999999997,
              39.95219999999997
            ],
            [
              116.34769999999997,
              39.95219999999997
            ],
            [
              116.34769999999997,
              39.95099999999997
            ]
          ]
        ]
      }
    },
    {
      "type": "Feature",
      "id": "LU-0273",
      "properties": {
        "id": "LU-0273",
        "layer": "LAND_USE",
        "source_type": "agent_inferred_from_public_data",
        "confidence": "low",
        "geometry_role": "design_proposal",
        "official_boundary": false,
        "land_use_code": "05",
        "land_use_label_zh": "商业服务业用地",
        "zone": "AI_SERVICE_ZONE"
      },
      "geometry": {
        "type": "Polygon",
        "coordinates": [
          [
            [
              116.34769999999997,
              39.95219999999997
            ],
            [
              116.34969999999997,
              39.95219999999997
            ],
            [
              116.34969999999997,
              39.95339999999997
            ],
            [
              116.34769999999997,
              39.95339999999997
            ],
            [
              116.34769999999997,
              39.95219999999997
            ]
          ]
        ]
      }
    },
    {
      "type": "Feature",
      "id": "LU-0274",
      "properties": {
        "id": "LU-0274",
        "layer": "LAND_USE",
        "source_type": "agent_inferred_from_public_data",
        "confidence": "low",
        "geometry_role": "design_proposal",
        "official_boundary": false,
        "land_use_code": "05",
        "land_use_label_zh": "商业服务业用地",
        "zone": "AI_SERVICE_ZONE"
      },
      "geometry": {
        "type": "Polygon",
        "coordinates": [
          [
            [
              116.34769999999997,
              39.95339999999997
            ],
            [
              116.34969999999997,
              39.95339999999997
            ],
            [
              116.34969999999997,
              39.954599999999964
            ],
            [
              116.34769999999997,
              39.954599999999964
            ],
            [
              116.34769999999997,
              39.95339999999997
            ]
          ]
        ]
      }
    },
    {
      "type": "Feature",
      "id": "LU-0275",
      "properties": {
        "id": "LU-0275",
        "layer": "LAND_USE",
        "source_type": "agent_inferred_from_public_data",
        "confidence": "low",
        "geometry_role": "design_proposal",
        "official_boundary": false,
        "land_use_code": "05",
        "land_use_label_zh": "商业服务业用地",
        "zone": "AI_SERVICE_ZONE"
      },
      "geometry": {
        "type": "Polygon",
        "coordinates": [
          [
            [
              116.34769999999997,
              39.954599999999964
            ],
            [
              116.34969999999997,
              39.954599999999964
            ],
            [
              116.34969999999997,
              39.95579999999996
            ],
            [
              116.34769999999997,
              39.95579999999996
            ],
            [
              116.34769999999997,
              39.954599999999964
            ]
          ]
        ]
      }
    },
    {
      "type": "Feature",
      "id": "LU-0276",
      "properties": {
        "id": "LU-0276",
        "layer": "LAND_USE",
        "source_type": "agent_inferred_from_public_data",
        "confidence": "low",
        "geometry_role": "design_proposal",
        "official_boundary": false,
        "land_use_code": "05",
        "land_use_label_zh": "商业服务业用地",
        "zone": "AI_SERVICE_ZONE"
      },
      "geometry": {
        "type": "Polygon",
        "coordinates": [
          [
            [
              116.34769999999997,
              39.95579999999996
            ],
            [
              116.34969999999997,
              39.95579999999996
            ],
            [
              116.34969999999997,
              39.95699999999996
            ],
            [
              116.34769999999997,
              39.95699999999996
            ],
            [
              116.34769999999997,
              39.95579999999996
            ]
          ]
        ]
      }
    },
    {
      "type": "Feature",
      "id": "LU-0277",
      "properties": {
        "id": "LU-0277",
        "layer": "LAND_USE",
        "source_type": "agent_inferred_from_public_data",
        "confidence": "low",
        "geometry_role": "design_proposal",
        "official_boundary": false,
        "land_use_code": "05",
        "land_use_label_zh": "商业服务业用地",
        "zone": "AI_SERVICE_ZONE"
      },
      "geometry": {
        "type": "Polygon",
        "coordinates": [
          [
            [
              116.34769999999997,
              39.95699999999996
            ],
            [
              116.34969999999997,
              39.95699999999996
            ],
            [
              116.34969999999997,
              39.958199999999955
            ],
            [
              116.34769999999997,
              39.958199999999955
            ],
            [
              116.34769999999997,
              39.95699999999996
            ]
          ]
        ]
      }
    },
    {
      "type": "Feature",
      "id": "LU-0278",
      "properties": {
        "id": "LU-0278",
        "layer": "LAND_USE",
        "source_type": "agent_inferred_from_public_data",
        "confidence": "low",
        "geometry_role": "design_proposal",
        "official_boundary": false,
        "land_use_code": "05",
        "land_use_label_zh": "商业服务业用地",
        "zone": "AI_SERVICE_ZONE"
      },
      "geometry": {
        "type": "Polygon",
        "coordinates": [
          [
            [
              116.34769999999997,
              39.958199999999955
            ],
            [
              116.34969999999997,
              39.958199999999955
            ],
            [
              116.34969999999997,
              39.95939999999995
            ],
            [
              116.34769999999997,
              39.95939999999995
            ],
            [
              116.34769999999997,
              39.958199999999955
            ]
          ]
        ]
      }
    },
    {
      "type": "Feature",
      "id": "LU-0279",
      "properties": {
        "id": "LU-0279",
        "layer": "LAND_USE",
        "source_type": "agent_inferred_from_public_data",
        "confidence": "low",
        "geometry_role": "design_proposal",
        "official_boundary": false,
        "land_use_code": "05",
        "land_use_label_zh": "商业服务业用地",
        "zone": "AI_SERVICE_ZONE"
      },
      "geometry": {
        "type": "Polygon",
        "coordinates": [
          [
            [
              116.34769999999997,
              39.95939999999995
            ],
            [
              116.34969999999997,
              39.95939999999995
            ],
            [
              116.34969999999997,
              39.96059999999995
            ],
            [
              116.34769999999997,
              39.96059999999995
            ],
            [
              116.34769999999997,
              39.95939999999995
            ]
          ]
        ]
      }
    },
    {
      "type": "Feature",
      "id": "LU-0280",
      "properties": {
        "id": "LU-0280",
        "layer": "LAND_USE",
        "source_type": "agent_inferred_from_public_data",
        "confidence": "low",
        "geometry_role": "design_proposal",
        "official_boundary": false,
        "land_use_code": "07",
        "land_use_label_zh": "居住用地",
        "zone": "context"
      },
      "geometry": {
        "type": "Polygon",
        "coordinates": [
          [
            [
              116.34769999999997,
              39.96059999999995
            ],
            [
              116.34969999999997,
              39.96059999999995
            ],
            [
              116.34969999999997,
              39.96179999999995
            ],
            [
              116.34769999999997,
              39.96179999999995
            ],
            [
              116.34769999999997,
              39.96059999999995
            ]
          ]
        ]
      }
    },
    {
      "type": "Feature",
      "id": "LU-0281",
      "properties": {
        "id": "LU-0281",
        "layer": "LAND_USE",
        "source_type": "agent_inferred_from_public_data",
        "confidence": "low",
        "geometry_role": "design_proposal",
        "official_boundary": false,
        "land_use_code": "07",
        "land_use_label_zh": "居住用地",
        "zone": "context"
      },
      "geometry": {
        "type": "Polygon",
        "coordinates": [
          [
            [
              116.34769999999997,
              39.96179999999995
            ],
            [
              116.34969999999997,
              39.96179999999995
            ],
            [
              116.34969999999997,
              39.962999999999944
            ],
            [
              116.34769999999997,
              39.962999999999944
            ],
            [
              116.34769999999997,
              39.96179999999995
            ]
          ]
        ]
      }
    },
    {
      "type": "Feature",
      "id": "LU-0282",
      "properties": {
        "id": "LU-0282",
        "layer": "LAND_USE",
        "source_type": "agent_inferred_from_public_data",
        "confidence": "low",
        "geometry_role": "design_proposal",
        "official_boundary": false,
        "land_use_code": "0804",
        "land_use_label_zh": "教育用地",
        "zone": "context"
      },
      "geometry": {
        "type": "Polygon",
        "coordinates": [
          [
            [
              116.34769999999997,
              39.962999999999944
            ],
            [
              116.34969999999997,
              39.962999999999944
            ],
            [
              116.34969999999997,
              39.96419999999994
            ],
            [
              116.34769999999997,
              39.96419999999994
            ],
            [
              116.34769999999997,
              39.962999999999944
            ]
          ]
        ]
      }
    },
    {
      "type": "Feature",
      "id": "LU-0283",
      "properties": {
        "id": "LU-0283",
        "layer": "LAND_USE",
        "source_type": "agent_inferred_from_public_data",
        "confidence": "low",
        "geometry_role": "design_proposal",
        "official_boundary": false,
        "land_use_code": "0804",
        "land_use_label_zh": "教育用地",
        "zone": "context"
      },
      "geometry": {
        "type": "Polygon",
        "coordinates": [
          [
            [
              116.34769999999997,
              39.96419999999994
            ],
            [
              116.34969999999997,
              39.96419999999994
            ],
            [
              116.34969999999997,
              39.96539999999994
            ],
            [
              116.34769999999997,
              39.96539999999994
            ],
            [
              116.34769999999997,
              39.96419999999994
            ]
          ]
        ]
      }
    },
    {
      "type": "Feature",
      "id": "LU-0284",
      "properties": {
        "id": "LU-0284",
        "layer": "LAND_USE",
        "source_type": "agent_inferred_from_public_data",
        "confidence": "low",
        "geometry_role": "design_proposal",
        "official_boundary": false,
        "land_use_code": "16",
        "land_use_label_zh": "留白用地",
        "zone": "context"
      },
      "geometry": {
        "type": "Polygon",
        "coordinates": [
          [
            [
              116.34769999999997,
              39.96539999999994
            ],
            [
              116.34969999999997,
              39.96539999999994
            ],
            [
              116.34969999999997,
              39.966599999999936
            ],
            [
              116.34769999999997,
              39.966599999999936
            ],
            [
              116.34769999999997,
              39.96539999999994
            ]
          ]
        ]
      }
    },
    {
      "type": "Feature",
      "id": "LU-0285",
      "properties": {
        "id": "LU-0285",
        "layer": "LAND_USE",
        "source_type": "agent_inferred_from_public_data",
        "confidence": "low",
        "geometry_role": "design_proposal",
        "official_boundary": false,
        "land_use_code": "07",
        "land_use_label_zh": "居住用地",
        "zone": "context"
      },
      "geometry": {
        "type": "Polygon",
        "coordinates": [
          [
            [
              116.34769999999997,
              39.966599999999936
            ],
            [
              116.34969999999997,
              39.966599999999936
            ],
            [
              116.34969999999997,
              39.96779999999993
            ],
            [
              116.34769999999997,
              39.96779999999993
            ],
            [
              116.34769999999997,
              39.966599999999936
            ]
          ]
        ]
      }
    },
    {
      "type": "Feature",
      "id": "LU-0286",
      "properties": {
        "id": "LU-0286",
        "layer": "LAND_USE",
        "source_type": "agent_inferred_from_public_data",
        "confidence": "low",
        "geometry_role": "design_proposal",
        "official_boundary": false,
        "land_use_code": "07",
        "land_use_label_zh": "居住用地",
        "zone": "context"
      },
      "geometry": {
        "type": "Polygon",
        "coordinates": [
          [
            [
              116.34769999999997,
              39.96779999999993
            ],
            [
              116.34969999999997,
              39.96779999999993
            ],
            [
              116.34969999999997,
              39.96899999999993
            ],
            [
              116.34769999999997,
              39.96899999999993
            ],
            [
              116.34769999999997,
              39.96779999999993
            ]
          ]
        ]
      }
    },
    {
      "type": "Feature",
      "id": "LU-0287",
      "properties": {
        "id": "LU-0287",
        "layer": "LAND_USE",
        "source_type": "agent_inferred_from_public_data",
        "confidence": "low",
        "geometry_role": "design_proposal",
        "official_boundary": false,
        "land_use_code": "0804",
        "land_use_label_zh": "教育用地",
        "zone": "context"
      },
      "geometry": {
        "type": "Polygon",
        "coordinates": [
          [
            [
              116.34769999999997,
              39.96899999999993
            ],
            [
              116.34969999999997,
              39.96899999999993
            ],
            [
              116.34969999999997,
              39.97019999999993
            ],
            [
              116.34769999999997,
              39.97019999999993
            ],
            [
              116.34769999999997,
              39.96899999999993
            ]
          ]
        ]
      }
    },
    {
      "type": "Feature",
      "id": "LU-0288",
      "properties": {
        "id": "LU-0288",
        "layer": "LAND_USE",
        "source_type": "agent_inferred_from_public_data",
        "confidence": "low",
        "geometry_role": "design_proposal",
        "official_boundary": false,
        "land_use_code": "0804",
        "land_use_label_zh": "教育用地",
        "zone": "context"
      },
      "geometry": {
        "type": "Polygon",
        "coordinates": [
          [
            [
              116.34769999999997,
              39.97019999999993
            ],
            [
              116.34969999999997,
              39.97019999999993
            ],
            [
              116.34969999999997,
              39.971399999999925
            ],
            [
              116.34769999999997,
              39.971399999999925
            ],
            [
              116.34769999999997,
              39.97019999999993
            ]
          ]
        ]
      }
    },
    {
      "type": "Feature",
      "id": "LU-0289",
      "properties": {
        "id": "LU-0289",
        "layer": "LAND_USE",
        "source_type": "agent_inferred_from_public_data",
        "confidence": "low",
        "geometry_role": "design_proposal",
        "official_boundary": false,
        "land_use_code": "16",
        "land_use_label_zh": "留白用地",
        "zone": "context"
      },
      "geometry": {
        "type": "Polygon",
        "coordinates": [
          [
            [
              116.34769999999997,
              39.971399999999925
            ],
            [
              116.34969999999997,
              39.971399999999925
            ],
            [
              116.34969999999997,
              39.97259999999992
            ],
            [
              116.34769999999997,
              39.97259999999992
            ],
            [
              116.34769999999997,
              39.971399999999925
            ]
          ]
        ]
      }
    },
    {
      "type": "Feature",
      "id": "LU-0290",
      "properties": {
        "id": "LU-0290",
        "layer": "LAND_USE",
        "source_type": "agent_inferred_from_public_data",
        "confidence": "low",
        "geometry_role": "design_proposal",
        "official_boundary": false,
        "land_use_code": "07",
        "land_use_label_zh": "居住用地",
        "zone": "context"
      },
      "geometry": {
        "type": "Polygon",
        "coordinates": [
          [
            [
              116.34769999999997,
              39.97259999999992
            ],
            [
              116.34969999999997,
              39.97259999999992
            ],
            [
              116.34969999999997,
              39.97379999999992
            ],
            [
              116.34769999999997,
              39.97379999999992
            ],
            [
              116.34769999999997,
              39.97259999999992
            ]
          ]
        ]
      }
    },
    {
      "type": "Feature",
      "id": "LU-0291",
      "properties": {
        "id": "LU-0291",
        "layer": "LAND_USE",
        "source_type": "agent_inferred_from_public_data",
        "confidence": "low",
        "geometry_role": "design_proposal",
        "official_boundary": false,
        "land_use_code": "07",
        "land_use_label_zh": "居住用地",
        "zone": "context"
      },
      "geometry": {
        "type": "Polygon",
        "coordinates": [
          [
            [
              116.34769999999997,
              39.97379999999992
            ],
            [
              116.34969999999997,
              39.97379999999992
            ],
            [
              116.34969999999997,
              39.974999999999916
            ],
            [
              116.34769999999997,
              39.974999999999916
            ],
            [
              116.34769999999997,
              39.97379999999992
            ]
          ]
        ]
      }
    },
    {
      "type": "Feature",
      "id": "LU-0292",
      "properties": {
        "id": "LU-0292",
        "layer": "LAND_USE",
        "source_type": "agent_inferred_from_public_data",
        "confidence": "low",
        "geometry_role": "design_proposal",
        "official_boundary": false,
        "land_use_code": "0804",
        "land_use_label_zh": "教育用地",
        "zone": "context"
      },
      "geometry": {
        "type": "Polygon",
        "coordinates": [
          [
            [
              116.34769999999997,
              39.974999999999916
            ],
            [
              116.34969999999997,
              39.974999999999916
            ],
            [
              116.34969999999997,
              39.97619999999991
            ],
            [
              116.34769999999997,
              39.97619999999991
            ],
            [
              116.34769999999997,
              39.974999999999916
            ]
          ]
        ]
      }
    },
    {
      "type": "Feature",
      "id": "LU-0293",
      "properties": {
        "id": "LU-0293",
        "layer": "LAND_USE",
        "source_type": "agent_inferred_from_public_data",
        "confidence": "low",
        "geometry_role": "design_proposal",
        "official_boundary": false,
        "land_use_code": "0804",
        "land_use_label_zh": "教育用地",
        "zone": "context"
      },
      "geometry": {
        "type": "Polygon",
        "coordinates": [
          [
            [
              116.34769999999997,
              39.97619999999991
            ],
            [
              116.34969999999997,
              39.97619999999991
            ],
            [
              116.34969999999997,
              39.97739999999991
            ],
            [
              116.34769999999997,
              39.97739999999991
            ],
            [
              116.34769999999997,
              39.97619999999991
            ]
          ]
        ]
      }
    },
    {
      "type": "Feature",
      "id": "LU-0294",
      "properties": {
        "id": "LU-0294",
        "layer": "LAND_USE",
        "source_type": "agent_inferred_from_public_data",
        "confidence": "low",
        "geometry_role": "design_proposal",
        "official_boundary": false,
        "land_use_code": "16",
        "land_use_label_zh": "留白用地",
        "zone": "context"
      },
      "geometry": {
        "type": "Polygon",
        "coordinates": [
          [
            [
              116.34769999999997,
              39.97739999999991
            ],
            [
              116.34969999999997,
              39.97739999999991
            ],
            [
              116.34969999999997,
              39.97859999999991
            ],
            [
              116.34769999999997,
              39.97859999999991
            ],
            [
              116.34769999999997,
              39.97739999999991
            ]
          ]
        ]
      }
    },
    {
      "type": "Feature",
      "id": "LU-0295",
      "properties": {
        "id": "LU-0295",
        "layer": "LAND_USE",
        "source_type": "agent_inferred_from_public_data",
        "confidence": "low",
        "geometry_role": "design_proposal",
        "official_boundary": false,
        "land_use_code": "07",
        "land_use_label_zh": "居住用地",
        "zone": "context"
      },
      "geometry": {
        "type": "Polygon",
        "coordinates": [
          [
            [
              116.34769999999997,
              39.97859999999991
            ],
            [
              116.34969999999997,
              39.97859999999991
            ],
            [
              116.34969999999997,
              39.979799999999905
            ],
            [
              116.34769999999997,
              39.979799999999905
            ],
            [
              116.34769999999997,
              39.97859999999991
            ]
          ]
        ]
      }
    },
    {
      "type": "Feature",
      "id": "LU-0296",
      "properties": {
        "id": "LU-0296",
        "layer": "LAND_USE",
        "source_type": "agent_inferred_from_public_data",
        "confidence": "low",
        "geometry_role": "design_proposal",
        "official_boundary": false,
        "land_use_code": "07",
        "land_use_label_zh": "居住用地",
        "zone": "context"
      },
      "geometry": {
        "type": "Polygon",
        "coordinates": [
          [
            [
              116.34769999999997,
              39.979799999999905
            ],
            [
              116.34969999999997,
              39.979799999999905
            ],
            [
              116.34969999999997,
              39.9809999999999
            ],
            [
              116.34769999999997,
              39.9809999999999
            ],
            [
              116.34769999999997,
              39.979799999999905
            ]
          ]
        ]
      }
    },
    {
      "type": "Feature",
      "id": "LU-0297",
      "properties": {
        "id": "LU-0297",
        "layer": "LAND_USE",
        "source_type": "agent_inferred_from_public_data",
        "confidence": "low",
        "geometry_role": "design_proposal",
        "official_boundary": false,
        "land_use_code": "0804",
        "land_use_label_zh": "教育用地",
        "zone": "context"
      },
      "geometry": {
        "type": "Polygon",
        "coordinates": [
          [
            [
              116.34769999999997,
              39.9809999999999
            ],
            [
              116.34969999999997,
              39.9809999999999
            ],
            [
              116.34969999999997,
              39.9821999999999
            ],
            [
              116.34769999999997,
              39.9821999999999
            ],
            [
              116.34769999999997,
              39.9809999999999
            ]
          ]
        ]
      }
    },
    {
      "type": "Feature",
      "id": "LU-0298",
      "properties": {
        "id": "LU-0298",
        "layer": "LAND_USE",
        "source_type": "agent_inferred_from_public_data",
        "confidence": "low",
        "geometry_role": "design_proposal",
        "official_boundary": false,
        "land_use_code": "0804",
        "land_use_label_zh": "教育用地",
        "zone": "context"
      },
      "geometry": {
        "type": "Polygon",
        "coordinates": [
          [
            [
              116.34769999999997,
              39.9821999999999
            ],
            [
              116.34969999999997,
              39.9821999999999
            ],
            [
              116.34969999999997,
              39.9833999999999
            ],
            [
              116.34769999999997,
              39.9833999999999
            ],
            [
              116.34769999999997,
              39.9821999999999
            ]
          ]
        ]
      }
    },
    {
      "type": "Feature",
      "id": "LU-0299",
      "properties": {
        "id": "LU-0299",
        "layer": "LAND_USE",
        "source_type": "agent_inferred_from_public_data",
        "confidence": "low",
        "geometry_role": "design_proposal",
        "official_boundary": false,
        "land_use_code": "0701",
        "land_use_label_zh": "城镇住宅用地",
        "zone": "context"
      },
      "geometry": {
        "type": "Polygon",
        "coordinates": [
          [
            [
              116.34769999999997,
              39.9833999999999
            ],
            [
              116.34969999999997,
              39.9833999999999
            ],
            [
              116.34969999999997,
              39.984599999999894
            ],
            [
              116.34769999999997,
              39.984599999999894
            ],
            [
              116.34769999999997,
              39.9833999999999
            ]
          ]
        ]
      }
    },
    {
      "type": "Feature",
      "id": "LU-0300",
      "properties": {
        "id": "LU-0300",
        "layer": "LAND_USE",
        "source_type": "agent_inferred_from_public_data",
        "confidence": "low",
        "geometry_role": "design_proposal",
        "official_boundary": false,
        "land_use_code": "0701",
        "land_use_label_zh": "城镇住宅用地",
        "zone": "context"
      },
      "geometry": {
        "type": "Polygon",
        "coordinates": [
          [
            [
              116.34769999999997,
              39.984599999999894
            ],
            [
              116.34969999999997,
              39.984599999999894
            ],
            [
              116.34969999999997,
              39.98579999999989
            ],
            [
              116.34769999999997,
              39.98579999999989
            ],
            [
              116.34769999999997,
              39.984599999999894
            ]
          ]
        ]
      }
    },
    {
      "type": "Feature",
      "id": "LU-0301",
      "properties": {
        "id": "LU-0301",
        "layer": "LAND_USE",
        "source_type": "agent_inferred_from_public_data",
        "confidence": "low",
        "geometry_role": "design_proposal",
        "official_boundary": false,
        "land_use_code": "0701",
        "land_use_label_zh": "城镇住宅用地",
        "zone": "context"
      },
      "geometry": {
        "type": "Polygon",
        "coordinates": [
          [
            [
              116.34769999999997,
              39.98579999999989
            ],
            [
              116.34969999999997,
              39.98579999999989
            ],
            [
              116.34969999999997,
              39.98699999999989
            ],
            [
              116.34769999999997,
              39.98699999999989
            ],
            [
              116.34769999999997,
              39.98579999999989
            ]
          ]
        ]
      }
    },
    {
      "type": "Feature",
      "id": "LU-0302",
      "properties": {
        "id": "LU-0302",
        "layer": "LAND_USE",
        "source_type": "agent_inferred_from_public_data",
        "confidence": "low",
        "geometry_role": "design_proposal",
        "official_boundary": false,
        "land_use_code": "0701",
        "land_use_label_zh": "城镇住宅用地",
        "zone": "context"
      },
      "geometry": {
        "type": "Polygon",
        "coordinates": [
          [
            [
              116.34769999999997,
              39.98699999999989
            ],
            [
              116.34969999999997,
              39.98699999999989
            ],
            [
              116.34969999999997,
              39.988199999999885
            ],
            [
              116.34769999999997,
              39.988199999999885
            ],
            [
              116.34769999999997,
              39.98699999999989
            ]
          ]
        ]
      }
    },
    {
      "type": "Feature",
      "id": "LU-0303",
      "properties": {
        "id": "LU-0303",
        "layer": "LAND_USE",
        "source_type": "agent_inferred_from_public_data",
        "confidence": "low",
        "geometry_role": "design_proposal",
        "official_boundary": false,
        "land_use_code": "0701",
        "land_use_label_zh": "城镇住宅用地",
        "zone": "context"
      },
      "geometry": {
        "type": "Polygon",
        "coordinates": [
          [
            [
              116.34769999999997,
              39.988199999999885
            ],
            [
              116.34969999999997,
              39.988199999999885
            ],
            [
              116.34969999999997,
              39.98939999999988
            ],
            [
              116.34769999999997,
              39.98939999999988
            ],
            [
              116.34769999999997,
              39.988199999999885
            ]
          ]
        ]
      }
    },
    {
      "type": "Feature",
      "id": "LU-0304",
      "properties": {
        "id": "LU-0304",
        "layer": "LAND_USE",
        "source_type": "agent_inferred_from_public_data",
        "confidence": "low",
        "geometry_role": "design_proposal",
        "official_boundary": false,
        "land_use_code": "0701",
        "land_use_label_zh": "城镇住宅用地",
        "zone": "context"
      },
      "geometry": {
        "type": "Polygon",
        "coordinates": [
          [
            [
              116.34769999999997,
              39.98939999999988
            ],
            [
              116.34969999999997,
              39.98939999999988
            ],
            [
              116.34969999999997,
              39.99059999999988
            ],
            [
              116.34769999999997,
              39.99059999999988
            ],
            [
              116.34769999999997,
              39.98939999999988
            ]
          ]
        ]
      }
    },
    {
      "type": "Feature",
      "id": "LU-0305",
      "properties": {
        "id": "LU-0305",
        "layer": "LAND_USE",
        "source_type": "agent_inferred_from_public_data",
        "confidence": "low",
        "geometry_role": "design_proposal",
        "official_boundary": false,
        "land_use_code": "0701",
        "land_use_label_zh": "城镇住宅用地",
        "zone": "context"
      },
      "geometry": {
        "type": "Polygon",
        "coordinates": [
          [
            [
              116.34769999999997,
              39.99059999999988
            ],
            [
              116.34969999999997,
              39.99059999999988
            ],
            [
              116.34969999999997,
              39.99179999999988
            ],
            [
              116.34769999999997,
              39.99179999999988
            ],
            [
              116.34769999999997,
              39.99059999999988
            ]
          ]
        ]
      }
    },
    {
      "type": "Feature",
      "id": "LU-0306",
      "properties": {
        "id": "LU-0306",
        "layer": "LAND_USE",
        "source_type": "agent_inferred_from_public_data",
        "confidence": "low",
        "geometry_role": "design_proposal",
        "official_boundary": false,
        "land_use_code": "0701",
        "land_use_label_zh": "城镇住宅用地",
        "zone": "context"
      },
      "geometry": {
        "type": "Polygon",
        "coordinates": [
          [
            [
              116.34769999999997,
              39.99179999999988
            ],
            [
              116.34969999999997,
              39.99179999999988
            ],
            [
              116.34969999999997,
              39.992999999999874
            ],
            [
              116.34769999999997,
              39.992999999999874
            ],
            [
              116.34769999999997,
              39.99179999999988
            ]
          ]
        ]
      }
    },
    {
      "type": "Feature",
      "id": "LU-0307",
      "properties": {
        "id": "LU-0307",
        "layer": "LAND_USE",
        "source_type": "agent_inferred_from_public_data",
        "confidence": "low",
        "geometry_role": "design_proposal",
        "official_boundary": false,
        "land_use_code": "0804",
        "land_use_label_zh": "教育用地",
        "zone": "context"
      },
      "geometry": {
        "type": "Polygon",
        "coordinates": [
          [
            [
              116.34769999999997,
              39.992999999999874
            ],
            [
              116.34969999999997,
              39.992999999999874
            ],
            [
              116.34969999999997,
              39.99419999999987
            ],
            [
              116.34769999999997,
              39.99419999999987
            ],
            [
              116.34769999999997,
              39.992999999999874
            ]
          ]
        ]
      }
    },
    {
      "type": "Feature",
      "id": "LU-0308",
      "properties": {
        "id": "LU-0308",
        "layer": "LAND_USE",
        "source_type": "agent_inferred_from_public_data",
        "confidence": "low",
        "geometry_role": "design_proposal",
        "official_boundary": false,
        "land_use_code": "0804",
        "land_use_label_zh": "教育用地",
        "zone": "context"
      },
      "geometry": {
        "type": "Polygon",
        "coordinates": [
          [
            [
              116.34769999999997,
              39.99419999999987
            ],
            [
              116.34969999999997,
              39.99419999999987
            ],
            [
              116.34969999999997,
              39.99539999999987
            ],
            [
              116.34769999999997,
              39.99539999999987
            ],
            [
              116.34769999999997,
              39.99419999999987
            ]
          ]
        ]
      }
    },
    {
      "type": "Feature",
      "id": "LU-0309",
      "properties": {
        "id": "LU-0309",
        "layer": "LAND_USE",
        "source_type": "agent_inferred_from_public_data",
        "confidence": "low",
        "geometry_role": "design_proposal",
        "official_boundary": false,
        "land_use_code": "16",
        "land_use_label_zh": "留白用地",
        "zone": "context"
      },
      "geometry": {
        "type": "Polygon",
        "coordinates": [
          [
            [
              116.34769999999997,
              39.99539999999987
            ],
            [
              116.34969999999997,
              39.99539999999987
            ],
            [
              116.34969999999997,
              39.996599999999866
            ],
            [
              116.34769999999997,
              39.996599999999866
            ],
            [
              116.34769999999997,
              39.99539999999987
            ]
          ]
        ]
      }
    },
    {
      "type": "Feature",
      "id": "LU-0310",
      "properties": {
        "id": "LU-0310",
        "layer": "LAND_USE",
        "source_type": "agent_inferred_from_public_data",
        "confidence": "low",
        "geometry_role": "design_proposal",
        "official_boundary": false,
        "land_use_code": "07",
        "land_use_label_zh": "居住用地",
        "zone": "context"
      },
      "geometry": {
        "type": "Polygon",
        "coordinates": [
          [
            [
              116.34769999999997,
              39.996599999999866
            ],
            [
              116.34969999999997,
              39.996599999999866
            ],
            [
              116.34969999999997,
              39.99779999999986
            ],
            [
              116.34769999999997,
              39.99779999999986
            ],
            [
              116.34769999999997,
              39.996599999999866
            ]
          ]
        ]
      }
    },
    {
      "type": "Feature",
      "id": "LU-0311",
      "properties": {
        "id": "LU-0311",
        "layer": "LAND_USE",
        "source_type": "agent_inferred_from_public_data",
        "confidence": "low",
        "geometry_role": "design_proposal",
        "official_boundary": false,
        "land_use_code": "07",
        "land_use_label_zh": "居住用地",
        "zone": "context"
      },
      "geometry": {
        "type": "Polygon",
        "coordinates": [
          [
            [
              116.34769999999997,
              39.99779999999986
            ],
            [
              116.34969999999997,
              39.99779999999986
            ],
            [
              116.34969999999997,
              39.99899999999986
            ],
            [
              116.34769999999997,
              39.99899999999986
            ],
            [
              116.34769999999997,
              39.99779999999986
            ]
          ]
        ]
      }
    },
    {
      "type": "Feature",
      "id": "LU-0312",
      "properties": {
        "id": "LU-0312",
        "layer": "LAND_USE",
        "source_type": "agent_inferred_from_public_data",
        "confidence": "low",
        "geometry_role": "design_proposal",
        "official_boundary": false,
        "land_use_code": "0804",
        "land_use_label_zh": "教育用地",
        "zone": "context"
      },
      "geometry": {
        "type": "Polygon",
        "coordinates": [
          [
            [
              116.34769999999997,
              39.99899999999986
            ],
            [
              116.34969999999997,
              39.99899999999986
            ],
            [
              116.34969999999997,
              40.00019999999986
            ],
            [
              116.34769999999997,
              40.00019999999986
            ],
            [
              116.34769999999997,
              39.99899999999986
            ]
          ]
        ]
      }
    },
    {
      "type": "Feature",
      "id": "LU-0313",
      "properties": {
        "id": "LU-0313",
        "layer": "LAND_USE",
        "source_type": "agent_inferred_from_public_data",
        "confidence": "low",
        "geometry_role": "design_proposal",
        "official_boundary": false,
        "land_use_code": "0804",
        "land_use_label_zh": "教育用地",
        "zone": "context"
      },
      "geometry": {
        "type": "Polygon",
        "coordinates": [
          [
            [
              116.34769999999997,
              40.00019999999986
            ],
            [
              116.34969999999997,
              40.00019999999986
            ],
            [
              116.34969999999997,
              40.001399999999855
            ],
            [
              116.34769999999997,
              40.001399999999855
            ],
            [
              116.34769999999997,
              40.00019999999986
            ]
          ]
        ]
      }
    },
    {
      "type": "Feature",
      "id": "LU-0314",
      "properties": {
        "id": "LU-0314",
        "layer": "LAND_USE",
        "source_type": "agent_inferred_from_public_data",
        "confidence": "low",
        "geometry_role": "design_proposal",
        "official_boundary": false,
        "land_use_code": "16",
        "land_use_label_zh": "留白用地",
        "zone": "context"
      },
      "geometry": {
        "type": "Polygon",
        "coordinates": [
          [
            [
              116.34769999999997,
              40.001399999999855
            ],
            [
              116.34969999999997,
              40.001399999999855
            ],
            [
              116.34969999999997,
              40.00259999999985
            ],
            [
              116.34769999999997,
              40.00259999999985
            ],
            [
              116.34769999999997,
              40.001399999999855
            ]
          ]
        ]
      }
    },
    {
      "type": "Feature",
      "id": "LU-0315",
      "properties": {
        "id": "LU-0315",
        "layer": "LAND_USE",
        "source_type": "agent_inferred_from_public_data",
        "confidence": "low",
        "geometry_role": "design_proposal",
        "official_boundary": false,
        "land_use_code": "07",
        "land_use_label_zh": "居住用地",
        "zone": "context"
      },
      "geometry": {
        "type": "Polygon",
        "coordinates": [
          [
            [
              116.34769999999997,
              40.00259999999985
            ],
            [
              116.34969999999997,
              40.00259999999985
            ],
            [
              116.34969999999997,
              40.00379999999985
            ],
            [
              116.34769999999997,
              40.00379999999985
            ],
            [
              116.34769999999997,
              40.00259999999985
            ]
          ]
        ]
      }
    },
    {
      "type": "Feature",
      "id": "LU-0316",
      "properties": {
        "id": "LU-0316",
        "layer": "LAND_USE",
        "source_type": "agent_inferred_from_public_data",
        "confidence": "low",
        "geometry_role": "design_proposal",
        "official_boundary": false,
        "land_use_code": "07",
        "land_use_label_zh": "居住用地",
        "zone": "context"
      },
      "geometry": {
        "type": "Polygon",
        "coordinates": [
          [
            [
              116.34769999999997,
              40.00379999999985
            ],
            [
              116.34969999999997,
              40.00379999999985
            ],
            [
              116.34969999999997,
              40.004999999999846
            ],
            [
              116.34769999999997,
              40.004999999999846
            ],
            [
              116.34769999999997,
              40.00379999999985
            ]
          ]
        ]
      }
    },
    {
      "type": "Feature",
      "id": "LU-0317",
      "properties": {
        "id": "LU-0317",
        "layer": "LAND_USE",
        "source_type": "agent_inferred_from_public_data",
        "confidence": "low",
        "geometry_role": "design_proposal",
        "official_boundary": false,
        "land_use_code": "0802",
        "land_use_label_zh": "科研用地",
        "zone": "AI_SERVICE_ZONE"
      },
      "geometry": {
        "type": "Polygon",
        "coordinates": [
          [
            [
              116.34769999999997,
              40.004999999999846
            ],
            [
              116.34969999999997,
              40.004999999999846
            ],
            [
              116.34969999999997,
              40.00619999999984
            ],
            [
              116.34769999999997,
              40.00619999999984
            ],
            [
              116.34769999999997,
              40.004999999999846
            ]
          ]
        ]
      }
    },
    {
      "type": "Feature",
      "id": "LU-0318",
      "properties": {
        "id": "LU-0318",
        "layer": "LAND_USE",
        "source_type": "agent_inferred_from_public_data",
        "confidence": "low",
        "geometry_role": "design_proposal",
        "official_boundary": false,
        "land_use_code": "0802",
        "land_use_label_zh": "科研用地",
        "zone": "AI_SERVICE_ZONE"
      },
      "geometry": {
        "type": "Polygon",
        "coordinates": [
          [
            [
              116.34769999999997,
              40.00619999999984
            ],
            [
              116.34969999999997,
              40.00619999999984
            ],
            [
              116.34969999999997,
              40.00739999999984
            ],
            [
              116.34769999999997,
              40.00739999999984
            ],
            [
              116.34769999999997,
              40.00619999999984
            ]
          ]
        ]
      }
    },
    {
      "type": "Feature",
      "id": "LU-0319",
      "properties": {
        "id": "LU-0319",
        "layer": "LAND_USE",
        "source_type": "agent_inferred_from_public_data",
        "confidence": "low",
        "geometry_role": "design_proposal",
        "official_boundary": false,
        "land_use_code": "0802",
        "land_use_label_zh": "科研用地",
        "zone": "AI_SERVICE_ZONE"
      },
      "geometry": {
        "type": "Polygon",
        "coordinates": [
          [
            [
              116.34769999999997,
              40.00739999999984
            ],
            [
              116.34969999999997,
              40.00739999999984
            ],
            [
              116.34969999999997,
              40.00859999999984
            ],
            [
              116.34769999999997,
              40.00859999999984
            ],
            [
              116.34769999999997,
              40.00739999999984
            ]
          ]
        ]
      }
    },
    {
      "type": "Feature",
      "id": "LU-0320",
      "properties": {
        "id": "LU-0320",
        "layer": "LAND_USE",
        "source_type": "agent_inferred_from_public_data",
        "confidence": "low",
        "geometry_role": "design_proposal",
        "official_boundary": false,
        "land_use_code": "0802",
        "land_use_label_zh": "科研用地",
        "zone": "AI_SERVICE_ZONE"
      },
      "geometry": {
        "type": "Polygon",
        "coordinates": [
          [
            [
              116.34769999999997,
              40.00859999999984
            ],
            [
              116.34969999999997,
              40.00859999999984
            ],
            [
              116.34969999999997,
              40.009799999999835
            ],
            [
              116.34769999999997,
              40.009799999999835
            ],
            [
              116.34769999999997,
              40.00859999999984
            ]
          ]
        ]
      }
    },
    {
      "type": "Feature",
      "id": "LU-0321",
      "properties": {
        "id": "LU-0321",
        "layer": "LAND_USE",
        "source_type": "agent_inferred_from_public_data",
        "confidence": "low",
        "geometry_role": "design_proposal",
        "official_boundary": false,
        "land_use_code": "0802",
        "land_use_label_zh": "科研用地",
        "zone": "AI_SERVICE_ZONE"
      },
      "geometry": {
        "type": "Polygon",
        "coordinates": [
          [
            [
              116.34769999999997,
              40.009799999999835
            ],
            [
              116.34969999999997,
              40.009799999999835
            ],
            [
              116.34969999999997,
              40.01099999999983
            ],
            [
              116.34769999999997,
              40.01099999999983
            ],
            [
              116.34769999999997,
              40.009799999999835
            ]
          ]
        ]
      }
    },
    {
      "type": "Feature",
      "id": "LU-0322",
      "properties": {
        "id": "LU-0322",
        "layer": "LAND_USE",
        "source_type": "agent_inferred_from_public_data",
        "confidence": "low",
        "geometry_role": "design_proposal",
        "official_boundary": false,
        "land_use_code": "0802",
        "land_use_label_zh": "科研用地",
        "zone": "AI_SERVICE_ZONE"
      },
      "geometry": {
        "type": "Polygon",
        "coordinates": [
          [
            [
              116.34769999999997,
              40.01099999999983
            ],
            [
              116.34969999999997,
              40.01099999999983
            ],
            [
              116.34969999999997,
              40.01219999999983
            ],
            [
              116.34769999999997,
              40.01219999999983
            ],
            [
              116.34769999999997,
              40.01099999999983
            ]
          ]
        ]
      }
    },
    {
      "type": "Feature",
      "id": "LU-0323",
      "properties": {
        "id": "LU-0323",
        "layer": "LAND_USE",
        "source_type": "agent_inferred_from_public_data",
        "confidence": "low",
        "geometry_role": "design_proposal",
        "official_boundary": false,
        "land_use_code": "0802",
        "land_use_label_zh": "科研用地",
        "zone": "AI_SERVICE_ZONE"
      },
      "geometry": {
        "type": "Polygon",
        "coordinates": [
          [
            [
              116.34769999999997,
              40.01219999999983
            ],
            [
              116.34969999999997,
              40.01219999999983
            ],
            [
              116.34969999999997,
              40.01339999999983
            ],
            [
              116.34769999999997,
              40.01339999999983
            ],
            [
              116.34769999999997,
              40.01219999999983
            ]
          ]
        ]
      }
    },
    {
      "type": "Feature",
      "id": "LU-0324",
      "properties": {
        "id": "LU-0324",
        "layer": "LAND_USE",
        "source_type": "agent_inferred_from_public_data",
        "confidence": "low",
        "geometry_role": "design_proposal",
        "official_boundary": false,
        "land_use_code": "0802",
        "land_use_label_zh": "科研用地",
        "zone": "AI_SERVICE_ZONE"
      },
      "geometry": {
        "type": "Polygon",
        "coordinates": [
          [
            [
              116.34769999999997,
              40.01339999999983
            ],
            [
              116.34969999999997,
              40.01339999999983
            ],
            [
              116.34969999999997,
              40.014599999999824
            ],
            [
              116.34769999999997,
              40.014599999999824
            ],
            [
              116.34769999999997,
              40.01339999999983
            ]
          ]
        ]
      }
    },
    {
      "type": "Feature",
      "id": "LU-0325",
      "properties": {
        "id": "LU-0325",
        "layer": "LAND_USE",
        "source_type": "agent_inferred_from_public_data",
        "confidence": "low",
        "geometry_role": "design_proposal",
        "official_boundary": false,
        "land_use_code": "0802",
        "land_use_label_zh": "科研用地",
        "zone": "AI_SERVICE_ZONE"
      },
      "geometry": {
        "type": "Polygon",
        "coordinates": [
          [
            [
              116.34769999999997,
              40.014599999999824
            ],
            [
              116.34969999999997,
              40.014599999999824
            ],
            [
              116.34969999999997,
              40.01579999999982
            ],
            [
              116.34769999999997,
              40.01579999999982
            ],
            [
              116.34769999999997,
              40.014599999999824
            ]
          ]
        ]
      }
    },
    {
      "type": "Feature",
      "id": "LU-0326",
      "properties": {
        "id": "LU-0326",
        "layer": "LAND_USE",
        "source_type": "agent_inferred_from_public_data",
        "confidence": "low",
        "geometry_role": "design_proposal",
        "official_boundary": false,
        "land_use_code": "0802",
        "land_use_label_zh": "科研用地",
        "zone": "AI_SERVICE_ZONE"
      },
      "geometry": {
        "type": "Polygon",
        "coordinates": [
          [
            [
              116.34769999999997,
              40.01579999999982
            ],
            [
              116.34969999999997,
              40.01579999999982
            ],
            [
              116.34969999999997,
              40.01699999999982
            ],
            [
              116.34769999999997,
              40.01699999999982
            ],
            [
              116.34769999999997,
              40.01579999999982
            ]
          ]
        ]
      }
    },
    {
      "type": "Feature",
      "id": "LU-0327",
      "properties": {
        "id": "LU-0327",
        "layer": "LAND_USE",
        "source_type": "agent_inferred_from_public_data",
        "confidence": "low",
        "geometry_role": "design_proposal",
        "official_boundary": false,
        "land_use_code": "0802",
        "land_use_label_zh": "科研用地",
        "zone": "AI_SERVICE_ZONE"
      },
      "geometry": {
        "type": "Polygon",
        "coordinates": [
          [
            [
              116.34769999999997,
              40.01699999999982
            ],
            [
              116.34969999999997,
              40.01699999999982
            ],
            [
              116.34969999999997,
              40.018199999999815
            ],
            [
              116.34769999999997,
              40.018199999999815
            ],
            [
              116.34769999999997,
              40.01699999999982
            ]
          ]
        ]
      }
    },
    {
      "type": "Feature",
      "id": "LU-0328",
      "properties": {
        "id": "LU-0328",
        "layer": "LAND_USE",
        "source_type": "agent_inferred_from_public_data",
        "confidence": "low",
        "geometry_role": "design_proposal",
        "official_boundary": false,
        "land_use_code": "0802",
        "land_use_label_zh": "科研用地",
        "zone": "AI_SERVICE_ZONE"
      },
      "geometry": {
        "type": "Polygon",
        "coordinates": [
          [
            [
              116.34769999999997,
              40.018199999999815
            ],
            [
              116.34969999999997,
              40.018199999999815
            ],
            [
              116.34969999999997,
              40.01939999999981
            ],
            [
              116.34769999999997,
              40.01939999999981
            ],
            [
              116.34769999999997,
              40.018199999999815
            ]
          ]
        ]
      }
    },
    {
      "type": "Feature",
      "id": "LU-0329",
      "properties": {
        "id": "LU-0329",
        "layer": "LAND_USE",
        "source_type": "agent_inferred_from_public_data",
        "confidence": "low",
        "geometry_role": "design_proposal",
        "official_boundary": false,
        "land_use_code": "0802",
        "land_use_label_zh": "科研用地",
        "zone": "AI_SERVICE_ZONE"
      },
      "geometry": {
        "type": "Polygon",
        "coordinates": [
          [
            [
              116.34769999999997,
              40.01939999999981
            ],
            [
              116.34969999999997,
              40.01939999999981
            ],
            [
              116.34969999999997,
              40.02059999999981
            ],
            [
              116.34769999999997,
              40.02059999999981
            ],
            [
              116.34769999999997,
              40.01939999999981
            ]
          ]
        ]
      }
    },
    {
      "type": "Feature",
      "id": "LU-0330",
      "properties": {
        "id": "LU-0330",
        "layer": "LAND_USE",
        "source_type": "agent_inferred_from_public_data",
        "confidence": "low",
        "geometry_role": "design_proposal",
        "official_boundary": false,
        "land_use_code": "0802",
        "land_use_label_zh": "科研用地",
        "zone": "AI_SERVICE_ZONE"
      },
      "geometry": {
        "type": "Polygon",
        "coordinates": [
          [
            [
              116.34769999999997,
              40.02059999999981
            ],
            [
              116.34969999999997,
              40.02059999999981
            ],
            [
              116.34969999999997,
              40.02179999999981
            ],
            [
              116.34769999999997,
              40.02179999999981
            ],
            [
              116.34769999999997,
              40.02059999999981
            ]
          ]
        ]
      }
    },
    {
      "type": "Feature",
      "id": "LU-0331",
      "properties": {
        "id": "LU-0331",
        "layer": "LAND_USE",
        "source_type": "agent_inferred_from_public_data",
        "confidence": "low",
        "geometry_role": "design_proposal",
        "official_boundary": false,
        "land_use_code": "0802",
        "land_use_label_zh": "科研用地",
        "zone": "AI_SERVICE_ZONE"
      },
      "geometry": {
        "type": "Polygon",
        "coordinates": [
          [
            [
              116.34769999999997,
              40.02179999999981
            ],
            [
              116.34969999999997,
              40.02179999999981
            ],
            [
              116.34969999999997,
              40.022999999999804
            ],
            [
              116.34769999999997,
              40.022999999999804
            ],
            [
              116.34769999999997,
              40.02179999999981
            ]
          ]
        ]
      }
    },
    {
      "type": "Feature",
      "id": "LU-0332",
      "properties": {
        "id": "LU-0332",
        "layer": "LAND_USE",
        "source_type": "agent_inferred_from_public_data",
        "confidence": "low",
        "geometry_role": "design_proposal",
        "official_boundary": false,
        "land_use_code": "0802",
        "land_use_label_zh": "科研用地",
        "zone": "AI_SERVICE_ZONE"
      },
      "geometry": {
        "type": "Polygon",
        "coordinates": [
          [
            [
              116.34769999999997,
              40.022999999999804
            ],
            [
              116.34969999999997,
              40.022999999999804
            ],
            [
              116.34969999999997,
              40.0241999999998
            ],
            [
              116.34769999999997,
              40.0241999999998
            ],
            [
              116.34769999999997,
              40.022999999999804
            ]
          ]
        ]
      }
    },
    {
      "type": "Feature",
      "id": "LU-0333",
      "properties": {
        "id": "LU-0333",
        "layer": "LAND_USE",
        "source_type": "agent_inferred_from_public_data",
        "confidence": "low",
        "geometry_role": "design_proposal",
        "official_boundary": false,
        "land_use_code": "0802",
        "land_use_label_zh": "科研用地",
        "zone": "AI_SERVICE_ZONE"
      },
      "geometry": {
        "type": "Polygon",
        "coordinates": [
          [
            [
              116.34769999999997,
              40.0241999999998
            ],
            [
              116.34969999999997,
              40.0241999999998
            ],
            [
              116.34969999999997,
              40.0253999999998
            ],
            [
              116.34769999999997,
              40.0253999999998
            ],
            [
              116.34769999999997,
              40.0241999999998
            ]
          ]
        ]
      }
    },
    {
      "type": "Feature",
      "id": "LU-0334",
      "properties": {
        "id": "LU-0334",
        "layer": "LAND_USE",
        "source_type": "agent_inferred_from_public_data",
        "confidence": "low",
        "geometry_role": "design_proposal",
        "official_boundary": false,
        "land_use_code": "0802",
        "land_use_label_zh": "科研用地",
        "zone": "AI_SERVICE_ZONE"
      },
      "geometry": {
        "type": "Polygon",
        "coordinates": [
          [
            [
              116.34769999999997,
              40.0253999999998
            ],
            [
              116.34969999999997,
              40.0253999999998
            ],
            [
              116.34969999999997,
              40.026599999999796
            ],
            [
              116.34769999999997,
              40.026599999999796
            ],
            [
              116.34769999999997,
              40.0253999999998
            ]
          ]
        ]
      }
    },
    {
      "type": "Feature",
      "id": "LU-0335",
      "properties": {
        "id": "LU-0335",
        "layer": "LAND_USE",
        "source_type": "agent_inferred_from_public_data",
        "confidence": "low",
        "geometry_role": "design_proposal",
        "official_boundary": false,
        "land_use_code": "05",
        "land_use_label_zh": "商业服务业用地",
        "zone": "AI_SERVICE_ZONE"
      },
      "geometry": {
        "type": "Polygon",
        "coordinates": [
          [
            [
              116.34969999999997,
              39.939
            ],
            [
              116.35169999999997,
              39.939
            ],
            [
              116.35169999999997,
              39.9402
            ],
            [
              116.34969999999997,
              39.9402
            ],
            [
              116.34969999999997,
              39.939
            ]
          ]
        ]
      }
    },
    {
      "type": "Feature",
      "id": "LU-0336",
      "properties": {
        "id": "LU-0336",
        "layer": "LAND_USE",
        "source_type": "agent_inferred_from_public_data",
        "confidence": "low",
        "geometry_role": "design_proposal",
        "official_boundary": false,
        "land_use_code": "05",
        "land_use_label_zh": "商业服务业用地",
        "zone": "AI_SERVICE_ZONE"
      },
      "geometry": {
        "type": "Polygon",
        "coordinates": [
          [
            [
              116.34969999999997,
              39.9402
            ],
            [
              116.35169999999997,
              39.9402
            ],
            [
              116.35169999999997,
              39.941399999999994
            ],
            [
              116.34969999999997,
              39.941399999999994
            ],
            [
              116.34969999999997,
              39.9402
            ]
          ]
        ]
      }
    },
    {
      "type": "Feature",
      "id": "LU-0337",
      "properties": {
        "id": "LU-0337",
        "layer": "LAND_USE",
        "source_type": "agent_inferred_from_public_data",
        "confidence": "low",
        "geometry_role": "design_proposal",
        "official_boundary": false,
        "land_use_code": "05",
        "land_use_label_zh": "商业服务业用地",
        "zone": "AI_SERVICE_ZONE"
      },
      "geometry": {
        "type": "Polygon",
        "coordinates": [
          [
            [
              116.34969999999997,
              39.941399999999994
            ],
            [
              116.35169999999997,
              39.941399999999994
            ],
            [
              116.35169999999997,
              39.94259999999999
            ],
            [
              116.34969999999997,
              39.94259999999999
            ],
            [
              116.34969999999997,
              39.941399999999994
            ]
          ]
        ]
      }
    },
    {
      "type": "Feature",
      "id": "LU-0338",
      "properties": {
        "id": "LU-0338",
        "layer": "LAND_USE",
        "source_type": "agent_inferred_from_public_data",
        "confidence": "low",
        "geometry_role": "design_proposal",
        "official_boundary": false,
        "land_use_code": "05",
        "land_use_label_zh": "商业服务业用地",
        "zone": "AI_SERVICE_ZONE"
      },
      "geometry": {
        "type": "Polygon",
        "coordinates": [
          [
            [
              116.34969999999997,
              39.94259999999999
            ],
            [
              116.35169999999997,
              39.94259999999999
            ],
            [
              116.35169999999997,
              39.94379999999999
            ],
            [
              116.34969999999997,
              39.94379999999999
            ],
            [
              116.34969999999997,
              39.94259999999999
            ]
          ]
        ]
      }
    },
    {
      "type": "Feature",
      "id": "LU-0339",
      "properties": {
        "id": "LU-0339",
        "layer": "LAND_USE",
        "source_type": "agent_inferred_from_public_data",
        "confidence": "low",
        "geometry_role": "design_proposal",
        "official_boundary": false,
        "land_use_code": "05",
        "land_use_label_zh": "商业服务业用地",
        "zone": "AI_SERVICE_ZONE"
      },
      "geometry": {
        "type": "Polygon",
        "coordinates": [
          [
            [
              116.34969999999997,
              39.94379999999999
            ],
            [
              116.35169999999997,
              39.94379999999999
            ],
            [
              116.35169999999997,
              39.944999999999986
            ],
            [
              116.34969999999997,
              39.944999999999986
            ],
            [
              116.34969999999997,
              39.94379999999999
            ]
          ]
        ]
      }
    },
    {
      "type": "Feature",
      "id": "LU-0340",
      "properties": {
        "id": "LU-0340",
        "layer": "LAND_USE",
        "source_type": "agent_inferred_from_public_data",
        "confidence": "low",
        "geometry_role": "design_proposal",
        "official_boundary": false,
        "land_use_code": "05",
        "land_use_label_zh": "商业服务业用地",
        "zone": "AI_SERVICE_ZONE"
      },
      "geometry": {
        "type": "Polygon",
        "coordinates": [
          [
            [
              116.34969999999997,
              39.944999999999986
            ],
            [
              116.35169999999997,
              39.944999999999986
            ],
            [
              116.35169999999997,
              39.94619999999998
            ],
            [
              116.34969999999997,
              39.94619999999998
            ],
            [
              116.34969999999997,
              39.944999999999986
            ]
          ]
        ]
      }
    },
    {
      "type": "Feature",
      "id": "LU-0341",
      "properties": {
        "id": "LU-0341",
        "layer": "LAND_USE",
        "source_type": "agent_inferred_from_public_data",
        "confidence": "low",
        "geometry_role": "design_proposal",
        "official_boundary": false,
        "land_use_code": "05",
        "land_use_label_zh": "商业服务业用地",
        "zone": "AI_SERVICE_ZONE"
      },
      "geometry": {
        "type": "Polygon",
        "coordinates": [
          [
            [
              116.34969999999997,
              39.94619999999998
            ],
            [
              116.35169999999997,
              39.94619999999998
            ],
            [
              116.35169999999997,
              39.94739999999998
            ],
            [
              116.34969999999997,
              39.94739999999998
            ],
            [
              116.34969999999997,
              39.94619999999998
            ]
          ]
        ]
      }
    },
    {
      "type": "Feature",
      "id": "LU-0342",
      "properties": {
        "id": "LU-0342",
        "layer": "LAND_USE",
        "source_type": "agent_inferred_from_public_data",
        "confidence": "low",
        "geometry_role": "design_proposal",
        "official_boundary": false,
        "land_use_code": "05",
        "land_use_label_zh": "商业服务业用地",
        "zone": "AI_SERVICE_ZONE"
      },
      "geometry": {
        "type": "Polygon",
        "coordinates": [
          [
            [
              116.34969999999997,
              39.94739999999998
            ],
            [
              116.35169999999997,
              39.94739999999998
            ],
            [
              116.35169999999997,
              39.94859999999998
            ],
            [
              116.34969999999997,
              39.94859999999998
            ],
            [
              116.34969999999997,
              39.94739999999998
            ]
          ]
        ]
      }
    },
    {
      "type": "Feature",
      "id": "LU-0343",
      "properties": {
        "id": "LU-0343",
        "layer": "LAND_USE",
        "source_type": "agent_inferred_from_public_data",
        "confidence": "low",
        "geometry_role": "design_proposal",
        "official_boundary": false,
        "land_use_code": "05",
        "land_use_label_zh": "商业服务业用地",
        "zone": "AI_SERVICE_ZONE"
      },
      "geometry": {
        "type": "Polygon",
        "coordinates": [
          [
            [
              116.34969999999997,
              39.94859999999998
            ],
            [
              116.35169999999997,
              39.94859999999998
            ],
            [
              116.35169999999997,
              39.949799999999975
            ],
            [
              116.34969999999997,
              39.949799999999975
            ],
            [
              116.34969999999997,
              39.94859999999998
            ]
          ]
        ]
      }
    },
    {
      "type": "Feature",
      "id": "LU-0344",
      "properties": {
        "id": "LU-0344",
        "layer": "LAND_USE",
        "source_type": "agent_inferred_from_public_data",
        "confidence": "low",
        "geometry_role": "design_proposal",
        "official_boundary": false,
        "land_use_code": "05",
        "land_use_label_zh": "商业服务业用地",
        "zone": "AI_SERVICE_ZONE"
      },
      "geometry": {
        "type": "Polygon",
        "coordinates": [
          [
            [
              116.34969999999997,
              39.949799999999975
            ],
            [
              116.35169999999997,
              39.949799999999975
            ],
            [
              116.35169999999997,
              39.95099999999997
            ],
            [
              116.34969999999997,
              39.95099999999997
            ],
            [
              116.34969999999997,
              39.949799999999975
            ]
          ]
        ]
      }
    },
    {
      "type": "Feature",
      "id": "LU-0345",
      "properties": {
        "id": "LU-0345",
        "layer": "LAND_USE",
        "source_type": "agent_inferred_from_public_data",
        "confidence": "low",
        "geometry_role": "design_proposal",
        "official_boundary": false,
        "land_use_code": "05",
        "land_use_label_zh": "商业服务业用地",
        "zone": "AI_SERVICE_ZONE"
      },
      "geometry": {
        "type": "Polygon",
        "coordinates": [
          [
            [
              116.34969999999997,
              39.95099999999997
            ],
            [
              116.35169999999997,
              39.95099999999997
            ],
            [
              116.35169999999997,
              39.95219999999997
            ],
            [
              116.34969999999997,
              39.95219999999997
            ],
            [
              116.34969999999997,
              39.95099999999997
            ]
          ]
        ]
      }
    },
    {
      "type": "Feature",
      "id": "LU-0346",
      "properties": {
        "id": "LU-0346",
        "layer": "LAND_USE",
        "source_type": "agent_inferred_from_public_data",
        "confidence": "low",
        "geometry_role": "design_proposal",
        "official_boundary": false,
        "land_use_code": "05",
        "land_use_label_zh": "商业服务业用地",
        "zone": "AI_SERVICE_ZONE"
      },
      "geometry": {
        "type": "Polygon",
        "coordinates": [
          [
            [
              116.34969999999997,
              39.95219999999997
            ],
            [
              116.35169999999997,
              39.95219999999997
            ],
            [
              116.35169999999997,
              39.95339999999997
            ],
            [
              116.34969999999997,
              39.95339999999997
            ],
            [
              116.34969999999997,
              39.95219999999997
            ]
          ]
        ]
      }
    },
    {
      "type": "Feature",
      "id": "LU-0347",
      "properties": {
        "id": "LU-0347",
        "layer": "LAND_USE",
        "source_type": "agent_inferred_from_public_data",
        "confidence": "low",
        "geometry_role": "design_proposal",
        "official_boundary": false,
        "land_use_code": "05",
        "land_use_label_zh": "商业服务业用地",
        "zone": "AI_SERVICE_ZONE"
      },
      "geometry": {
        "type": "Polygon",
        "coordinates": [
          [
            [
              116.34969999999997,
              39.95339999999997
            ],
            [
              116.35169999999997,
              39.95339999999997
            ],
            [
              116.35169999999997,
              39.954599999999964
            ],
            [
              116.34969999999997,
              39.954599999999964
            ],
            [
              116.34969999999997,
              39.95339999999997
            ]
          ]
        ]
      }
    },
    {
      "type": "Feature",
      "id": "LU-0348",
      "properties": {
        "id": "LU-0348",
        "layer": "LAND_USE",
        "source_type": "agent_inferred_from_public_data",
        "confidence": "low",
        "geometry_role": "design_proposal",
        "official_boundary": false,
        "land_use_code": "05",
        "land_use_label_zh": "商业服务业用地",
        "zone": "AI_SERVICE_ZONE"
      },
      "geometry": {
        "type": "Polygon",
        "coordinates": [
          [
            [
              116.34969999999997,
              39.954599999999964
            ],
            [
              116.35169999999997,
              39.954599999999964
            ],
            [
              116.35169999999997,
              39.95579999999996
            ],
            [
              116.34969999999997,
              39.95579999999996
            ],
            [
              116.34969999999997,
              39.954599999999964
            ]
          ]
        ]
      }
    },
    {
      "type": "Feature",
      "id": "LU-0349",
      "properties": {
        "id": "LU-0349",
        "layer": "LAND_USE",
        "source_type": "agent_inferred_from_public_data",
        "confidence": "low",
        "geometry_role": "design_proposal",
        "official_boundary": false,
        "land_use_code": "05",
        "land_use_label_zh": "商业服务业用地",
        "zone": "AI_SERVICE_ZONE"
      },
      "geometry": {
        "type": "Polygon",
        "coordinates": [
          [
            [
              116.34969999999997,
              39.95579999999996
            ],
            [
              116.35169999999997,
              39.95579999999996
            ],
            [
              116.35169999999997,
              39.95699999999996
            ],
            [
              116.34969999999997,
              39.95699999999996
            ],
            [
              116.34969999999997,
              39.95579999999996
            ]
          ]
        ]
      }
    },
    {
      "type": "Feature",
      "id": "LU-0350",
      "properties": {
        "id": "LU-0350",
        "layer": "LAND_USE",
        "source_type": "agent_inferred_from_public_data",
        "confidence": "low",
        "geometry_role": "design_proposal",
        "official_boundary": false,
        "land_use_code": "05",
        "land_use_label_zh": "商业服务业用地",
        "zone": "AI_SERVICE_ZONE"
      },
      "geometry": {
        "type": "Polygon",
        "coordinates": [
          [
            [
              116.34969999999997,
              39.95699999999996
            ],
            [
              116.35169999999997,
              39.95699999999996
            ],
            [
              116.35169999999997,
              39.958199999999955
            ],
            [
              116.34969999999997,
              39.958199999999955
            ],
            [
              116.34969999999997,
              39.95699999999996
            ]
          ]
        ]
      }
    },
    {
      "type": "Feature",
      "id": "LU-0351",
      "properties": {
        "id": "LU-0351",
        "layer": "LAND_USE",
        "source_type": "agent_inferred_from_public_data",
        "confidence": "low",
        "geometry_role": "design_proposal",
        "official_boundary": false,
        "land_use_code": "05",
        "land_use_label_zh": "商业服务业用地",
        "zone": "AI_SERVICE_ZONE"
      },
      "geometry": {
        "type": "Polygon",
        "coordinates": [
          [
            [
              116.34969999999997,
              39.958199999999955
            ],
            [
              116.35169999999997,
              39.958199999999955
            ],
            [
              116.35169999999997,
              39.95939999999995
            ],
            [
              116.34969999999997,
              39.95939999999995
            ],
            [
              116.34969999999997,
              39.958199999999955
            ]
          ]
        ]
      }
    },
    {
      "type": "Feature",
      "id": "LU-0352",
      "properties": {
        "id": "LU-0352",
        "layer": "LAND_USE",
        "source_type": "agent_inferred_from_public_data",
        "confidence": "low",
        "geometry_role": "design_proposal",
        "official_boundary": false,
        "land_use_code": "05",
        "land_use_label_zh": "商业服务业用地",
        "zone": "AI_SERVICE_ZONE"
      },
      "geometry": {
        "type": "Polygon",
        "coordinates": [
          [
            [
              116.34969999999997,
              39.95939999999995
            ],
            [
              116.35169999999997,
              39.95939999999995
            ],
            [
              116.35169999999997,
              39.96059999999995
            ],
            [
              116.34969999999997,
              39.96059999999995
            ],
            [
              116.34969999999997,
              39.95939999999995
            ]
          ]
        ]
      }
    },
    {
      "type": "Feature",
      "id": "LU-0353",
      "properties": {
        "id": "LU-0353",
        "layer": "LAND_USE",
        "source_type": "agent_inferred_from_public_data",
        "confidence": "low",
        "geometry_role": "design_proposal",
        "official_boundary": false,
        "land_use_code": "0804",
        "land_use_label_zh": "教育用地",
        "zone": "context"
      },
      "geometry": {
        "type": "Polygon",
        "coordinates": [
          [
            [
              116.34969999999997,
              39.96059999999995
            ],
            [
              116.35169999999997,
              39.96059999999995
            ],
            [
              116.35169999999997,
              39.96179999999995
            ],
            [
              116.34969999999997,
              39.96179999999995
            ],
            [
              116.34969999999997,
              39.96059999999995
            ]
          ]
        ]
      }
    },
    {
      "type": "Feature",
      "id": "LU-0354",
      "properties": {
        "id": "LU-0354",
        "layer": "LAND_USE",
        "source_type": "agent_inferred_from_public_data",
        "confidence": "low",
        "geometry_role": "design_proposal",
        "official_boundary": false,
        "land_use_code": "0804",
        "land_use_label_zh": "教育用地",
        "zone": "context"
      },
      "geometry": {
        "type": "Polygon",
        "coordinates": [
          [
            [
              116.34969999999997,
              39.96179999999995
            ],
            [
              116.35169999999997,
              39.96179999999995
            ],
            [
              116.35169999999997,
              39.962999999999944
            ],
            [
              116.34969999999997,
              39.962999999999944
            ],
            [
              116.34969999999997,
              39.96179999999995
            ]
          ]
        ]
      }
    },
    {
      "type": "Feature",
      "id": "LU-0355",
      "properties": {
        "id": "LU-0355",
        "layer": "LAND_USE",
        "source_type": "agent_inferred_from_public_data",
        "confidence": "low",
        "geometry_role": "design_proposal",
        "official_boundary": false,
        "land_use_code": "16",
        "land_use_label_zh": "留白用地",
        "zone": "context"
      },
      "geometry": {
        "type": "Polygon",
        "coordinates": [
          [
            [
              116.34969999999997,
              39.962999999999944
            ],
            [
              116.35169999999997,
              39.962999999999944
            ],
            [
              116.35169999999997,
              39.96419999999994
            ],
            [
              116.34969999999997,
              39.96419999999994
            ],
            [
              116.34969999999997,
              39.962999999999944
            ]
          ]
        ]
      }
    },
    {
      "type": "Feature",
      "id": "LU-0356",
      "properties": {
        "id": "LU-0356",
        "layer": "LAND_USE",
        "source_type": "agent_inferred_from_public_data",
        "confidence": "low",
        "geometry_role": "design_proposal",
        "official_boundary": false,
        "land_use_code": "16",
        "land_use_label_zh": "留白用地",
        "zone": "context"
      },
      "geometry": {
        "type": "Polygon",
        "coordinates": [
          [
            [
              116.34969999999997,
              39.96419999999994
            ],
            [
              116.35169999999997,
              39.96419999999994
            ],
            [
              116.35169999999997,
              39.96539999999994
            ],
            [
              116.34969999999997,
              39.96539999999994
            ],
            [
              116.34969999999997,
              39.96419999999994
            ]
          ]
        ]
      }
    },
    {
      "type": "Feature",
      "id": "LU-0357",
      "properties": {
        "id": "LU-0357",
        "layer": "LAND_USE",
        "source_type": "agent_inferred_from_public_data",
        "confidence": "low",
        "geometry_role": "design_proposal",
        "official_boundary": false,
        "land_use_code": "07",
        "land_use_label_zh": "居住用地",
        "zone": "context"
      },
      "geometry": {
        "type": "Polygon",
        "coordinates": [
          [
            [
              116.34969999999997,
              39.96539999999994
            ],
            [
              116.35169999999997,
              39.96539999999994
            ],
            [
              116.35169999999997,
              39.966599999999936
            ],
            [
              116.34969999999997,
              39.966599999999936
            ],
            [
              116.34969999999997,
              39.96539999999994
            ]
          ]
        ]
      }
    },
    {
      "type": "Feature",
      "id": "LU-0358",
      "properties": {
        "id": "LU-0358",
        "layer": "LAND_USE",
        "source_type": "agent_inferred_from_public_data",
        "confidence": "low",
        "geometry_role": "design_proposal",
        "official_boundary": false,
        "land_use_code": "0804",
        "land_use_label_zh": "教育用地",
        "zone": "context"
      },
      "geometry": {
        "type": "Polygon",
        "coordinates": [
          [
            [
              116.34969999999997,
              39.966599999999936
            ],
            [
              116.35169999999997,
              39.966599999999936
            ],
            [
              116.35169999999997,
              39.96779999999993
            ],
            [
              116.34969999999997,
              39.96779999999993
            ],
            [
              116.34969999999997,
              39.966599999999936
            ]
          ]
        ]
      }
    },
    {
      "type": "Feature",
      "id": "LU-0359",
      "properties": {
        "id": "LU-0359",
        "layer": "LAND_USE",
        "source_type": "agent_inferred_from_public_data",
        "confidence": "low",
        "geometry_role": "design_proposal",
        "official_boundary": false,
        "land_use_code": "0804",
        "land_use_label_zh": "教育用地",
        "zone": "context"
      },
      "geometry": {
        "type": "Polygon",
        "coordinates": [
          [
            [
              116.34969999999997,
              39.96779999999993
            ],
            [
              116.35169999999997,
              39.96779999999993
            ],
            [
              116.35169999999997,
              39.96899999999993
            ],
            [
              116.34969999999997,
              39.96899999999993
            ],
            [
              116.34969999999997,
              39.96779999999993
            ]
          ]
        ]
      }
    },
    {
      "type": "Feature",
      "id": "LU-0360",
      "properties": {
        "id": "LU-0360",
        "layer": "LAND_USE",
        "source_type": "agent_inferred_from_public_data",
        "confidence": "low",
        "geometry_role": "design_proposal",
        "official_boundary": false,
        "land_use_code": "16",
        "land_use_label_zh": "留白用地",
        "zone": "context"
      },
      "geometry": {
        "type": "Polygon",
        "coordinates": [
          [
            [
              116.34969999999997,
              39.96899999999993
            ],
            [
              116.35169999999997,
              39.96899999999993
            ],
            [
              116.35169999999997,
              39.97019999999993
            ],
            [
              116.34969999999997,
              39.97019999999993
            ],
            [
              116.34969999999997,
              39.96899999999993
            ]
          ]
        ]
      }
    },
    {
      "type": "Feature",
      "id": "LU-0361",
      "properties": {
        "id": "LU-0361",
        "layer": "LAND_USE",
        "source_type": "agent_inferred_from_public_data",
        "confidence": "low",
        "geometry_role": "design_proposal",
        "official_boundary": false,
        "land_use_code": "16",
        "land_use_label_zh": "留白用地",
        "zone": "context"
      },
      "geometry": {
        "type": "Polygon",
        "coordinates": [
          [
            [
              116.34969999999997,
              39.97019999999993
            ],
            [
              116.35169999999997,
              39.97019999999993
            ],
            [
              116.35169999999997,
              39.971399999999925
            ],
            [
              116.34969999999997,
              39.971399999999925
            ],
            [
              116.34969999999997,
              39.97019999999993
            ]
          ]
        ]
      }
    },
    {
      "type": "Feature",
      "id": "LU-0362",
      "properties": {
        "id": "LU-0362",
        "layer": "LAND_USE",
        "source_type": "agent_inferred_from_public_data",
        "confidence": "low",
        "geometry_role": "design_proposal",
        "official_boundary": false,
        "land_use_code": "07",
        "land_use_label_zh": "居住用地",
        "zone": "context"
      },
      "geometry": {
        "type": "Polygon",
        "coordinates": [
          [
            [
              116.34969999999997,
              39.971399999999925
            ],
            [
              116.35169999999997,
              39.971399999999925
            ],
            [
              116.35169999999997,
              39.97259999999992
            ],
            [
              116.34969999999997,
              39.97259999999992
            ],
            [
              116.34969999999997,
              39.971399999999925
            ]
          ]
        ]
      }
    },
    {
      "type": "Feature",
      "id": "LU-0363",
      "properties": {
        "id": "LU-0363",
        "layer": "LAND_USE",
        "source_type": "agent_inferred_from_public_data",
        "confidence": "low",
        "geometry_role": "design_proposal",
        "official_boundary": false,
        "land_use_code": "0804",
        "land_use_label_zh": "教育用地",
        "zone": "context"
      },
      "geometry": {
        "type": "Polygon",
        "coordinates": [
          [
            [
              116.34969999999997,
              39.97259999999992
            ],
            [
              116.35169999999997,
              39.97259999999992
            ],
            [
              116.35169999999997,
              39.97379999999992
            ],
            [
              116.34969999999997,
              39.97379999999992
            ],
            [
              116.34969999999997,
              39.97259999999992
            ]
          ]
        ]
      }
    },
    {
      "type": "Feature",
      "id": "LU-0364",
      "properties": {
        "id": "LU-0364",
        "layer": "LAND_USE",
        "source_type": "agent_inferred_from_public_data",
        "confidence": "low",
        "geometry_role": "design_proposal",
        "official_boundary": false,
        "land_use_code": "0804",
        "land_use_label_zh": "教育用地",
        "zone": "context"
      },
      "geometry": {
        "type": "Polygon",
        "coordinates": [
          [
            [
              116.34969999999997,
              39.97379999999992
            ],
            [
              116.35169999999997,
              39.97379999999992
            ],
            [
              116.35169999999997,
              39.974999999999916
            ],
            [
              116.34969999999997,
              39.974999999999916
            ],
            [
              116.34969999999997,
              39.97379999999992
            ]
          ]
        ]
      }
    },
    {
      "type": "Feature",
      "id": "LU-0365",
      "properties": {
        "id": "LU-0365",
        "layer": "LAND_USE",
        "source_type": "agent_inferred_from_public_data",
        "confidence": "low",
        "geometry_role": "design_proposal",
        "official_boundary": false,
        "land_use_code": "16",
        "land_use_label_zh": "留白用地",
        "zone": "context"
      },
      "geometry": {
        "type": "Polygon",
        "coordinates": [
          [
            [
              116.34969999999997,
              39.974999999999916
            ],
            [
              116.35169999999997,
              39.974999999999916
            ],
            [
              116.35169999999997,
              39.97619999999991
            ],
            [
              116.34969999999997,
              39.97619999999991
            ],
            [
              116.34969999999997,
              39.974999999999916
            ]
          ]
        ]
      }
    },
    {
      "type": "Feature",
      "id": "LU-0366",
      "properties": {
        "id": "LU-0366",
        "layer": "LAND_USE",
        "source_type": "agent_inferred_from_public_data",
        "confidence": "low",
        "geometry_role": "design_proposal",
        "official_boundary": false,
        "land_use_code": "16",
        "land_use_label_zh": "留白用地",
        "zone": "context"
      },
      "geometry": {
        "type": "Polygon",
        "coordinates": [
          [
            [
              116.34969999999997,
              39.97619999999991
            ],
            [
              116.35169999999997,
              39.97619999999991
            ],
            [
              116.35169999999997,
              39.97739999999991
            ],
            [
              116.34969999999997,
              39.97739999999991
            ],
            [
              116.34969999999997,
              39.97619999999991
            ]
          ]
        ]
      }
    },
    {
      "type": "Feature",
      "id": "LU-0367",
      "properties": {
        "id": "LU-0367",
        "layer": "LAND_USE",
        "source_type": "agent_inferred_from_public_data",
        "confidence": "low",
        "geometry_role": "design_proposal",
        "official_boundary": false,
        "land_use_code": "07",
        "land_use_label_zh": "居住用地",
        "zone": "context"
      },
      "geometry": {
        "type": "Polygon",
        "coordinates": [
          [
            [
              116.34969999999997,
              39.97739999999991
            ],
            [
              116.35169999999997,
              39.97739999999991
            ],
            [
              116.35169999999997,
              39.97859999999991
            ],
            [
              116.34969999999997,
              39.97859999999991
            ],
            [
              116.34969999999997,
              39.97739999999991
            ]
          ]
        ]
      }
    },
    {
      "type": "Feature",
      "id": "LU-0368",
      "properties": {
        "id": "LU-0368",
        "layer": "LAND_USE",
        "source_type": "agent_inferred_from_public_data",
        "confidence": "low",
        "geometry_role": "design_proposal",
        "official_boundary": false,
        "land_use_code": "0804",
        "land_use_label_zh": "教育用地",
        "zone": "context"
      },
      "geometry": {
        "type": "Polygon",
        "coordinates": [
          [
            [
              116.34969999999997,
              39.97859999999991
            ],
            [
              116.35169999999997,
              39.97859999999991
            ],
            [
              116.35169999999997,
              39.979799999999905
            ],
            [
              116.34969999999997,
              39.979799999999905
            ],
            [
              116.34969999999997,
              39.97859999999991
            ]
          ]
        ]
      }
    },
    {
      "type": "Feature",
      "id": "LU-0369",
      "properties": {
        "id": "LU-0369",
        "layer": "LAND_USE",
        "source_type": "agent_inferred_from_public_data",
        "confidence": "low",
        "geometry_role": "design_proposal",
        "official_boundary": false,
        "land_use_code": "0804",
        "land_use_label_zh": "教育用地",
        "zone": "context"
      },
      "geometry": {
        "type": "Polygon",
        "coordinates": [
          [
            [
              116.34969999999997,
              39.979799999999905
            ],
            [
              116.35169999999997,
              39.979799999999905
            ],
            [
              116.35169999999997,
              39.9809999999999
            ],
            [
              116.34969999999997,
              39.9809999999999
            ],
            [
              116.34969999999997,
              39.979799999999905
            ]
          ]
        ]
      }
    },
    {
      "type": "Feature",
      "id": "LU-0370",
      "properties": {
        "id": "LU-0370",
        "layer": "LAND_USE",
        "source_type": "agent_inferred_from_public_data",
        "confidence": "low",
        "geometry_role": "design_proposal",
        "official_boundary": false,
        "land_use_code": "16",
        "land_use_label_zh": "留白用地",
        "zone": "context"
      },
      "geometry": {
        "type": "Polygon",
        "coordinates": [
          [
            [
              116.34969999999997,
              39.9809999999999
            ],
            [
              116.35169999999997,
              39.9809999999999
            ],
            [
              116.35169999999997,
              39.9821999999999
            ],
            [
              116.34969999999997,
              39.9821999999999
            ],
            [
              116.34969999999997,
              39.9809999999999
            ]
          ]
        ]
      }
    },
    {
      "type": "Feature",
      "id": "LU-0371",
      "properties": {
        "id": "LU-0371",
        "layer": "LAND_USE",
        "source_type": "agent_inferred_from_public_data",
        "confidence": "low",
        "geometry_role": "design_proposal",
        "official_boundary": false,
        "land_use_code": "16",
        "land_use_label_zh": "留白用地",
        "zone": "context"
      },
      "geometry": {
        "type": "Polygon",
        "coordinates": [
          [
            [
              116.34969999999997,
              39.9821999999999
            ],
            [
              116.35169999999997,
              39.9821999999999
            ],
            [
              116.35169999999997,
              39.9833999999999
            ],
            [
              116.34969999999997,
              39.9833999999999
            ],
            [
              116.34969999999997,
              39.9821999999999
            ]
          ]
        ]
      }
    },
    {
      "type": "Feature",
      "id": "LU-0372",
      "properties": {
        "id": "LU-0372",
        "layer": "LAND_USE",
        "source_type": "agent_inferred_from_public_data",
        "confidence": "low",
        "geometry_role": "design_proposal",
        "official_boundary": false,
        "land_use_code": "0701",
        "land_use_label_zh": "城镇住宅用地",
        "zone": "context"
      },
      "geometry": {
        "type": "Polygon",
        "coordinates": [
          [
            [
              116.34969999999997,
              39.9833999999999
            ],
            [
              116.35169999999997,
              39.9833999999999
            ],
            [
              116.35169999999997,
              39.984599999999894
            ],
            [
              116.34969999999997,
              39.984599999999894
            ],
            [
              116.34969999999997,
              39.9833999999999
            ]
          ]
        ]
      }
    },
    {
      "type": "Feature",
      "id": "LU-0373",
      "properties": {
        "id": "LU-0373",
        "layer": "LAND_USE",
        "source_type": "agent_inferred_from_public_data",
        "confidence": "low",
        "geometry_role": "design_proposal",
        "official_boundary": false,
        "land_use_code": "0701",
        "land_use_label_zh": "城镇住宅用地",
        "zone": "context"
      },
      "geometry": {
        "type": "Polygon",
        "coordinates": [
          [
            [
              116.34969999999997,
              39.984599999999894
            ],
            [
              116.35169999999997,
              39.984599999999894
            ],
            [
              116.35169999999997,
              39.98579999999989
            ],
            [
              116.34969999999997,
              39.98579999999989
            ],
            [
              116.34969999999997,
              39.984599999999894
            ]
          ]
        ]
      }
    },
    {
      "type": "Feature",
      "id": "LU-0374",
      "properties": {
        "id": "LU-0374",
        "layer": "LAND_USE",
        "source_type": "agent_inferred_from_public_data",
        "confidence": "low",
        "geometry_role": "design_proposal",
        "official_boundary": false,
        "land_use_code": "0701",
        "land_use_label_zh": "城镇住宅用地",
        "zone": "context"
      },
      "geometry": {
        "type": "Polygon",
        "coordinates": [
          [
            [
              116.34969999999997,
              39.98579999999989
            ],
            [
              116.35169999999997,
              39.98579999999989
            ],
            [
              116.35169999999997,
              39.98699999999989
            ],
            [
              116.34969999999997,
              39.98699999999989
            ],
            [
              116.34969999999997,
              39.98579999999989
            ]
          ]
        ]
      }
    },
    {
      "type": "Feature",
      "id": "LU-0375",
      "properties": {
        "id": "LU-0375",
        "layer": "LAND_USE",
        "source_type": "agent_inferred_from_public_data",
        "confidence": "low",
        "geometry_role": "design_proposal",
        "official_boundary": false,
        "land_use_code": "0701",
        "land_use_label_zh": "城镇住宅用地",
        "zone": "context"
      },
      "geometry": {
        "type": "Polygon",
        "coordinates": [
          [
            [
              116.34969999999997,
              39.98699999999989
            ],
            [
              116.35169999999997,
              39.98699999999989
            ],
            [
              116.35169999999997,
              39.988199999999885
            ],
            [
              116.34969999999997,
              39.988199999999885
            ],
            [
              116.34969999999997,
              39.98699999999989
            ]
          ]
        ]
      }
    },
    {
      "type": "Feature",
      "id": "LU-0376",
      "properties": {
        "id": "LU-0376",
        "layer": "LAND_USE",
        "source_type": "agent_inferred_from_public_data",
        "confidence": "low",
        "geometry_role": "design_proposal",
        "official_boundary": false,
        "land_use_code": "0701",
        "land_use_label_zh": "城镇住宅用地",
        "zone": "context"
      },
      "geometry": {
        "type": "Polygon",
        "coordinates": [
          [
            [
              116.34969999999997,
              39.988199999999885
            ],
            [
              116.35169999999997,
              39.988199999999885
            ],
            [
              116.35169999999997,
              39.98939999999988
            ],
            [
              116.34969999999997,
              39.98939999999988
            ],
            [
              116.34969999999997,
              39.988199999999885
            ]
          ]
        ]
      }
    },
    {
      "type": "Feature",
      "id": "LU-0377",
      "properties": {
        "id": "LU-0377",
        "layer": "LAND_USE",
        "source_type": "agent_inferred_from_public_data",
        "confidence": "low",
        "geometry_role": "design_proposal",
        "official_boundary": false,
        "land_use_code": "0701",
        "land_use_label_zh": "城镇住宅用地",
        "zone": "context"
      },
      "geometry": {
        "type": "Polygon",
        "coordinates": [
          [
            [
              116.34969999999997,
              39.98939999999988
            ],
            [
              116.35169999999997,
              39.98939999999988
            ],
            [
              116.35169999999997,
              39.99059999999988
            ],
            [
              116.34969999999997,
              39.99059999999988
            ],
            [
              116.34969999999997,
              39.98939999999988
            ]
          ]
        ]
      }
    },
    {
      "type": "Feature",
      "id": "LU-0378",
      "properties": {
        "id": "LU-0378",
        "layer": "LAND_USE",
        "source_type": "agent_inferred_from_public_data",
        "confidence": "low",
        "geometry_role": "design_proposal",
        "official_boundary": false,
        "land_use_code": "0701",
        "land_use_label_zh": "城镇住宅用地",
        "zone": "context"
      },
      "geometry": {
        "type": "Polygon",
        "coordinates": [
          [
            [
              116.34969999999997,
              39.99059999999988
            ],
            [
              116.35169999999997,
              39.99059999999988
            ],
            [
              116.35169999999997,
              39.99179999999988
            ],
            [
              116.34969999999997,
              39.99179999999988
            ],
            [
              116.34969999999997,
              39.99059999999988
            ]
          ]
        ]
      }
    },
    {
      "type": "Feature",
      "id": "LU-0379",
      "properties": {
        "id": "LU-0379",
        "layer": "LAND_USE",
        "source_type": "agent_inferred_from_public_data",
        "confidence": "low",
        "geometry_role": "design_proposal",
        "official_boundary": false,
        "land_use_code": "0701",
        "land_use_label_zh": "城镇住宅用地",
        "zone": "context"
      },
      "geometry": {
        "type": "Polygon",
        "coordinates": [
          [
            [
              116.34969999999997,
              39.99179999999988
            ],
            [
              116.35169999999997,
              39.99179999999988
            ],
            [
              116.35169999999997,
              39.992999999999874
            ],
            [
              116.34969999999997,
              39.992999999999874
            ],
            [
              116.34969999999997,
              39.99179999999988
            ]
          ]
        ]
      }
    },
    {
      "type": "Feature",
      "id": "LU-0380",
      "properties": {
        "id": "LU-0380",
        "layer": "LAND_USE",
        "source_type": "agent_inferred_from_public_data",
        "confidence": "low",
        "geometry_role": "design_proposal",
        "official_boundary": false,
        "land_use_code": "16",
        "land_use_label_zh": "留白用地",
        "zone": "context"
      },
      "geometry": {
        "type": "Polygon",
        "coordinates": [
          [
            [
              116.34969999999997,
              39.992999999999874
            ],
            [
              116.35169999999997,
              39.992999999999874
            ],
            [
              116.35169999999997,
              39.99419999999987
            ],
            [
              116.34969999999997,
              39.99419999999987
            ],
            [
              116.34969999999997,
              39.992999999999874
            ]
          ]
        ]
      }
    },
    {
      "type": "Feature",
      "id": "LU-0381",
      "properties": {
        "id": "LU-0381",
        "layer": "LAND_USE",
        "source_type": "agent_inferred_from_public_data",
        "confidence": "low",
        "geometry_role": "design_proposal",
        "official_boundary": false,
        "land_use_code": "16",
        "land_use_label_zh": "留白用地",
        "zone": "context"
      },
      "geometry": {
        "type": "Polygon",
        "coordinates": [
          [
            [
              116.34969999999997,
              39.99419999999987
            ],
            [
              116.35169999999997,
              39.99419999999987
            ],
            [
              116.35169999999997,
              39.99539999999987
            ],
            [
              116.34969999999997,
              39.99539999999987
            ],
            [
              116.34969999999997,
              39.99419999999987
            ]
          ]
        ]
      }
    },
    {
      "type": "Feature",
      "id": "LU-0382",
      "properties": {
        "id": "LU-0382",
        "layer": "LAND_USE",
        "source_type": "agent_inferred_from_public_data",
        "confidence": "low",
        "geometry_role": "design_proposal",
        "official_boundary": false,
        "land_use_code": "07",
        "land_use_label_zh": "居住用地",
        "zone": "context"
      },
      "geometry": {
        "type": "Polygon",
        "coordinates": [
          [
            [
              116.34969999999997,
              39.99539999999987
            ],
            [
              116.35169999999997,
              39.99539999999987
            ],
            [
              116.35169999999997,
              39.996599999999866
            ],
            [
              116.34969999999997,
              39.996599999999866
            ],
            [
              116.34969999999997,
              39.99539999999987
            ]
          ]
        ]
      }
    },
    {
      "type": "Feature",
      "id": "LU-0383",
      "properties": {
        "id": "LU-0383",
        "layer": "LAND_USE",
        "source_type": "agent_inferred_from_public_data",
        "confidence": "low",
        "geometry_role": "design_proposal",
        "official_boundary": false,
        "land_use_code": "0804",
        "land_use_label_zh": "教育用地",
        "zone": "context"
      },
      "geometry": {
        "type": "Polygon",
        "coordinates": [
          [
            [
              116.34969999999997,
              39.996599999999866
            ],
            [
              116.35169999999997,
              39.996599999999866
            ],
            [
              116.35169999999997,
              39.99779999999986
            ],
            [
              116.34969999999997,
              39.99779999999986
            ],
            [
              116.34969999999997,
              39.996599999999866
            ]
          ]
        ]
      }
    },
    {
      "type": "Feature",
      "id": "LU-0384",
      "properties": {
        "id": "LU-0384",
        "layer": "LAND_USE",
        "source_type": "agent_inferred_from_public_data",
        "confidence": "low",
        "geometry_role": "design_proposal",
        "official_boundary": false,
        "land_use_code": "0804",
        "land_use_label_zh": "教育用地",
        "zone": "context"
      },
      "geometry": {
        "type": "Polygon",
        "coordinates": [
          [
            [
              116.34969999999997,
              39.99779999999986
            ],
            [
              116.35169999999997,
              39.99779999999986
            ],
            [
              116.35169999999997,
              39.99899999999986
            ],
            [
              116.34969999999997,
              39.99899999999986
            ],
            [
              116.34969999999997,
              39.99779999999986
            ]
          ]
        ]
      }
    },
    {
      "type": "Feature",
      "id": "LU-0385",
      "properties": {
        "id": "LU-0385",
        "layer": "LAND_USE",
        "source_type": "agent_inferred_from_public_data",
        "confidence": "low",
        "geometry_role": "design_proposal",
        "official_boundary": false,
        "land_use_code": "16",
        "land_use_label_zh": "留白用地",
        "zone": "context"
      },
      "geometry": {
        "type": "Polygon",
        "coordinates": [
          [
            [
              116.34969999999997,
              39.99899999999986
            ],
            [
              116.35169999999997,
              39.99899999999986
            ],
            [
              116.35169999999997,
              40.00019999999986
            ],
            [
              116.34969999999997,
              40.00019999999986
            ],
            [
              116.34969999999997,
              39.99899999999986
            ]
          ]
        ]
      }
    },
    {
      "type": "Feature",
      "id": "LU-0386",
      "properties": {
        "id": "LU-0386",
        "layer": "LAND_USE",
        "source_type": "agent_inferred_from_public_data",
        "confidence": "low",
        "geometry_role": "design_proposal",
        "official_boundary": false,
        "land_use_code": "16",
        "land_use_label_zh": "留白用地",
        "zone": "context"
      },
      "geometry": {
        "type": "Polygon",
        "coordinates": [
          [
            [
              116.34969999999997,
              40.00019999999986
            ],
            [
              116.35169999999997,
              40.00019999999986
            ],
            [
              116.35169999999997,
              40.001399999999855
            ],
            [
              116.34969999999997,
              40.001399999999855
            ],
            [
              116.34969999999997,
              40.00019999999986
            ]
          ]
        ]
      }
    },
    {
      "type": "Feature",
      "id": "LU-0387",
      "properties": {
        "id": "LU-0387",
        "layer": "LAND_USE",
        "source_type": "agent_inferred_from_public_data",
        "confidence": "low",
        "geometry_role": "design_proposal",
        "official_boundary": false,
        "land_use_code": "07",
        "land_use_label_zh": "居住用地",
        "zone": "context"
      },
      "geometry": {
        "type": "Polygon",
        "coordinates": [
          [
            [
              116.34969999999997,
              40.001399999999855
            ],
            [
              116.35169999999997,
              40.001399999999855
            ],
            [
              116.35169999999997,
              40.00259999999985
            ],
            [
              116.34969999999997,
              40.00259999999985
            ],
            [
              116.34969999999997,
              40.001399999999855
            ]
          ]
        ]
      }
    },
    {
      "type": "Feature",
      "id": "LU-0388",
      "properties": {
        "id": "LU-0388",
        "layer": "LAND_USE",
        "source_type": "agent_inferred_from_public_data",
        "confidence": "low",
        "geometry_role": "design_proposal",
        "official_boundary": false,
        "land_use_code": "0804",
        "land_use_label_zh": "教育用地",
        "zone": "context"
      },
      "geometry": {
        "type": "Polygon",
        "coordinates": [
          [
            [
              116.34969999999997,
              40.00259999999985
            ],
            [
              116.35169999999997,
              40.00259999999985
            ],
            [
              116.35169999999997,
              40.00379999999985
            ],
            [
              116.34969999999997,
              40.00379999999985
            ],
            [
              116.34969999999997,
              40.00259999999985
            ]
          ]
        ]
      }
    },
    {
      "type": "Feature",
      "id": "LU-0389",
      "properties": {
        "id": "LU-0389",
        "layer": "LAND_USE",
        "source_type": "agent_inferred_from_public_data",
        "confidence": "low",
        "geometry_role": "design_proposal",
        "official_boundary": false,
        "land_use_code": "0804",
        "land_use_label_zh": "教育用地",
        "zone": "context"
      },
      "geometry": {
        "type": "Polygon",
        "coordinates": [
          [
            [
              116.34969999999997,
              40.00379999999985
            ],
            [
              116.35169999999997,
              40.00379999999985
            ],
            [
              116.35169999999997,
              40.004999999999846
            ],
            [
              116.34969999999997,
              40.004999999999846
            ],
            [
              116.34969999999997,
              40.00379999999985
            ]
          ]
        ]
      }
    },
    {
      "type": "Feature",
      "id": "LU-0390",
      "properties": {
        "id": "LU-0390",
        "layer": "LAND_USE",
        "source_type": "agent_inferred_from_public_data",
        "confidence": "low",
        "geometry_role": "design_proposal",
        "official_boundary": false,
        "land_use_code": "0802",
        "land_use_label_zh": "科研用地",
        "zone": "AI_SERVICE_ZONE"
      },
      "geometry": {
        "type": "Polygon",
        "coordinates": [
          [
            [
              116.34969999999997,
              40.004999999999846
            ],
            [
              116.35169999999997,
              40.004999999999846
            ],
            [
              116.35169999999997,
              40.00619999999984
            ],
            [
              116.34969999999997,
              40.00619999999984
            ],
            [
              116.34969999999997,
              40.004999999999846
            ]
          ]
        ]
      }
    },
    {
      "type": "Feature",
      "id": "LU-0391",
      "properties": {
        "id": "LU-0391",
        "layer": "LAND_USE",
        "source_type": "agent_inferred_from_public_data",
        "confidence": "low",
        "geometry_role": "design_proposal",
        "official_boundary": false,
        "land_use_code": "0802",
        "land_use_label_zh": "科研用地",
        "zone": "AI_SERVICE_ZONE"
      },
      "geometry": {
        "type": "Polygon",
        "coordinates": [
          [
            [
              116.34969999999997,
              40.00619999999984
            ],
            [
              116.35169999999997,
              40.00619999999984
            ],
            [
              116.35169999999997,
              40.00739999999984
            ],
            [
              116.34969999999997,
              40.00739999999984
            ],
            [
              116.34969999999997,
              40.00619999999984
            ]
          ]
        ]
      }
    },
    {
      "type": "Feature",
      "id": "LU-0392",
      "properties": {
        "id": "LU-0392",
        "layer": "LAND_USE",
        "source_type": "agent_inferred_from_public_data",
        "confidence": "low",
        "geometry_role": "design_proposal",
        "official_boundary": false,
        "land_use_code": "0802",
        "land_use_label_zh": "科研用地",
        "zone": "AI_SERVICE_ZONE"
      },
      "geometry": {
        "type": "Polygon",
        "coordinates": [
          [
            [
              116.34969999999997,
              40.00739999999984
            ],
            [
              116.35169999999997,
              40.00739999999984
            ],
            [
              116.35169999999997,
              40.00859999999984
            ],
            [
              116.34969999999997,
              40.00859999999984
            ],
            [
              116.34969999999997,
              40.00739999999984
            ]
          ]
        ]
      }
    },
    {
      "type": "Feature",
      "id": "LU-0393",
      "properties": {
        "id": "LU-0393",
        "layer": "LAND_USE",
        "source_type": "agent_inferred_from_public_data",
        "confidence": "low",
        "geometry_role": "design_proposal",
        "official_boundary": false,
        "land_use_code": "0802",
        "land_use_label_zh": "科研用地",
        "zone": "AI_SERVICE_ZONE"
      },
      "geometry": {
        "type": "Polygon",
        "coordinates": [
          [
            [
              116.34969999999997,
              40.00859999999984
            ],
            [
              116.35169999999997,
              40.00859999999984
            ],
            [
              116.35169999999997,
              40.009799999999835
            ],
            [
              116.34969999999997,
              40.009799999999835
            ],
            [
              116.34969999999997,
              40.00859999999984
            ]
          ]
        ]
      }
    },
    {
      "type": "Feature",
      "id": "LU-0394",
      "properties": {
        "id": "LU-0394",
        "layer": "LAND_USE",
        "source_type": "agent_inferred_from_public_data",
        "confidence": "low",
        "geometry_role": "design_proposal",
        "official_boundary": false,
        "land_use_code": "0802",
        "land_use_label_zh": "科研用地",
        "zone": "AI_SERVICE_ZONE"
      },
      "geometry": {
        "type": "Polygon",
        "coordinates": [
          [
            [
              116.34969999999997,
              40.009799999999835
            ],
            [
              116.35169999999997,
              40.009799999999835
            ],
            [
              116.35169999999997,
              40.01099999999983
            ],
            [
              116.34969999999997,
              40.01099999999983
            ],
            [
              116.34969999999997,
              40.009799999999835
            ]
          ]
        ]
      }
    },
    {
      "type": "Feature",
      "id": "LU-0395",
      "properties": {
        "id": "LU-0395",
        "layer": "LAND_USE",
        "source_type": "agent_inferred_from_public_data",
        "confidence": "low",
        "geometry_role": "design_proposal",
        "official_boundary": false,
        "land_use_code": "0802",
        "land_use_label_zh": "科研用地",
        "zone": "AI_SERVICE_ZONE"
      },
      "geometry": {
        "type": "Polygon",
        "coordinates": [
          [
            [
              116.34969999999997,
              40.01099999999983
            ],
            [
              116.35169999999997,
              40.01099999999983
            ],
            [
              116.35169999999997,
              40.01219999999983
            ],
            [
              116.34969999999997,
              40.01219999999983
            ],
            [
              116.34969999999997,
              40.01099999999983
            ]
          ]
        ]
      }
    },
    {
      "type": "Feature",
      "id": "LU-0396",
      "properties": {
        "id": "LU-0396",
        "layer": "LAND_USE",
        "source_type": "agent_inferred_from_public_data",
        "confidence": "low",
        "geometry_role": "design_proposal",
        "official_boundary": false,
        "land_use_code": "0802",
        "land_use_label_zh": "科研用地",
        "zone": "AI_SERVICE_ZONE"
      },
      "geometry": {
        "type": "Polygon",
        "coordinates": [
          [
            [
              116.34969999999997,
              40.01219999999983
            ],
            [
              116.35169999999997,
              40.01219999999983
            ],
            [
              116.35169999999997,
              40.01339999999983
            ],
            [
              116.34969999999997,
              40.01339999999983
            ],
            [
              116.34969999999997,
              40.01219999999983
            ]
          ]
        ]
      }
    },
    {
      "type": "Feature",
      "id": "LU-0397",
      "properties": {
        "id": "LU-0397",
        "layer": "LAND_USE",
        "source_type": "agent_inferred_from_public_data",
        "confidence": "low",
        "geometry_role": "design_proposal",
        "official_boundary": false,
        "land_use_code": "0802",
        "land_use_label_zh": "科研用地",
        "zone": "AI_SERVICE_ZONE"
      },
      "geometry": {
        "type": "Polygon",
        "coordinates": [
          [
            [
              116.34969999999997,
              40.01339999999983
            ],
            [
              116.35169999999997,
              40.01339999999983
            ],
            [
              116.35169999999997,
              40.014599999999824
            ],
            [
              116.34969999999997,
              40.014599999999824
            ],
            [
              116.34969999999997,
              40.01339999999983
            ]
          ]
        ]
      }
    },
    {
      "type": "Feature",
      "id": "LU-0398",
      "properties": {
        "id": "LU-0398",
        "layer": "LAND_USE",
        "source_type": "agent_inferred_from_public_data",
        "confidence": "low",
        "geometry_role": "design_proposal",
        "official_boundary": false,
        "land_use_code": "0802",
        "land_use_label_zh": "科研用地",
        "zone": "AI_SERVICE_ZONE"
      },
      "geometry": {
        "type": "Polygon",
        "coordinates": [
          [
            [
              116.34969999999997,
              40.014599999999824
            ],
            [
              116.35169999999997,
              40.014599999999824
            ],
            [
              116.35169999999997,
              40.01579999999982
            ],
            [
              116.34969999999997,
              40.01579999999982
            ],
            [
              116.34969999999997,
              40.014599999999824
            ]
          ]
        ]
      }
    },
    {
      "type": "Feature",
      "id": "LU-0399",
      "properties": {
        "id": "LU-0399",
        "layer": "LAND_USE",
        "source_type": "agent_inferred_from_public_data",
        "confidence": "low",
        "geometry_role": "design_proposal",
        "official_boundary": false,
        "land_use_code": "0802",
        "land_use_label_zh": "科研用地",
        "zone": "AI_SERVICE_ZONE"
      },
      "geometry": {
        "type": "Polygon",
        "coordinates": [
          [
            [
              116.34969999999997,
              40.01579999999982
            ],
            [
              116.35169999999997,
              40.01579999999982
            ],
            [
              116.35169999999997,
              40.01699999999982
            ],
            [
              116.34969999999997,
              40.01699999999982
            ],
            [
              116.34969999999997,
              40.01579999999982
            ]
          ]
        ]
      }
    },
    {
      "type": "Feature",
      "id": "LU-0400",
      "properties": {
        "id": "LU-0400",
        "layer": "LAND_USE",
        "source_type": "agent_inferred_from_public_data",
        "confidence": "low",
        "geometry_role": "design_proposal",
        "official_boundary": false,
        "land_use_code": "0802",
        "land_use_label_zh": "科研用地",
        "zone": "AI_SERVICE_ZONE"
      },
      "geometry": {
        "type": "Polygon",
        "coordinates": [
          [
            [
              116.34969999999997,
              40.01699999999982
            ],
            [
              116.35169999999997,
              40.01699999999982
            ],
            [
              116.35169999999997,
              40.018199999999815
            ],
            [
              116.34969999999997,
              40.018199999999815
            ],
            [
              116.34969999999997,
              40.01699999999982
            ]
          ]
        ]
      }
    },
    {
      "type": "Feature",
      "id": "LU-0401",
      "properties": {
        "id": "LU-0401",
        "layer": "LAND_USE",
        "source_type": "agent_inferred_from_public_data",
        "confidence": "low",
        "geometry_role": "design_proposal",
        "official_boundary": false,
        "land_use_code": "0802",
        "land_use_label_zh": "科研用地",
        "zone": "AI_SERVICE_ZONE"
      },
      "geometry": {
        "type": "Polygon",
        "coordinates": [
          [
            [
              116.34969999999997,
              40.018199999999815
            ],
            [
              116.35169999999997,
              40.018199999999815
            ],
            [
              116.35169999999997,
              40.01939999999981
            ],
            [
              116.34969999999997,
              40.01939999999981
            ],
            [
              116.34969999999997,
              40.018199999999815
            ]
          ]
        ]
      }
    },
    {
      "type": "Feature",
      "id": "LU-0402",
      "properties": {
        "id": "LU-0402",
        "layer": "LAND_USE",
        "source_type": "agent_inferred_from_public_data",
        "confidence": "low",
        "geometry_role": "design_proposal",
        "official_boundary": false,
        "land_use_code": "0802",
        "land_use_label_zh": "科研用地",
        "zone": "AI_SERVICE_ZONE"
      },
      "geometry": {
        "type": "Polygon",
        "coordinates": [
          [
            [
              116.34969999999997,
              40.01939999999981
            ],
            [
              116.35169999999997,
              40.01939999999981
            ],
            [
              116.35169999999997,
              40.02059999999981
            ],
            [
              116.34969999999997,
              40.02059999999981
            ],
            [
              116.34969999999997,
              40.01939999999981
            ]
          ]
        ]
      }
    },
    {
      "type": "Feature",
      "id": "LU-0403",
      "properties": {
        "id": "LU-0403",
        "layer": "LAND_USE",
        "source_type": "agent_inferred_from_public_data",
        "confidence": "low",
        "geometry_role": "design_proposal",
        "official_boundary": false,
        "land_use_code": "0802",
        "land_use_label_zh": "科研用地",
        "zone": "AI_SERVICE_ZONE"
      },
      "geometry": {
        "type": "Polygon",
        "coordinates": [
          [
            [
              116.34969999999997,
              40.02059999999981
            ],
            [
              116.35169999999997,
              40.02059999999981
            ],
            [
              116.35169999999997,
              40.02179999999981
            ],
            [
              116.34969999999997,
              40.02179999999981
            ],
            [
              116.34969999999997,
              40.02059999999981
            ]
          ]
        ]
      }
    },
    {
      "type": "Feature",
      "id": "LU-0404",
      "properties": {
        "id": "LU-0404",
        "layer": "LAND_USE",
        "source_type": "agent_inferred_from_public_data",
        "confidence": "low",
        "geometry_role": "design_proposal",
        "official_boundary": false,
        "land_use_code": "0802",
        "land_use_label_zh": "科研用地",
        "zone": "AI_SERVICE_ZONE"
      },
      "geometry": {
        "type": "Polygon",
        "coordinates": [
          [
            [
              116.34969999999997,
              40.02179999999981
            ],
            [
              116.35169999999997,
              40.02179999999981
            ],
            [
              116.35169999999997,
              40.022999999999804
            ],
            [
              116.34969999999997,
              40.022999999999804
            ],
            [
              116.34969999999997,
              40.02179999999981
            ]
          ]
        ]
      }
    },
    {
      "type": "Feature",
      "id": "LU-0405",
      "properties": {
        "id": "LU-0405",
        "layer": "LAND_USE",
        "source_type": "agent_inferred_from_public_data",
        "confidence": "low",
        "geometry_role": "design_proposal",
        "official_boundary": false,
        "land_use_code": "0802",
        "land_use_label_zh": "科研用地",
        "zone": "AI_SERVICE_ZONE"
      },
      "geometry": {
        "type": "Polygon",
        "coordinates": [
          [
            [
              116.34969999999997,
              40.022999999999804
            ],
            [
              116.35169999999997,
              40.022999999999804
            ],
            [
              116.35169999999997,
              40.0241999999998
            ],
            [
              116.34969999999997,
              40.0241999999998
            ],
            [
              116.34969999999997,
              40.022999999999804
            ]
          ]
        ]
      }
    },
    {
      "type": "Feature",
      "id": "LU-0406",
      "properties": {
        "id": "LU-0406",
        "layer": "LAND_USE",
        "source_type": "agent_inferred_from_public_data",
        "confidence": "low",
        "geometry_role": "design_proposal",
        "official_boundary": false,
        "land_use_code": "0802",
        "land_use_label_zh": "科研用地",
        "zone": "AI_SERVICE_ZONE"
      },
      "geometry": {
        "type": "Polygon",
        "coordinates": [
          [
            [
              116.34969999999997,
              40.0241999999998
            ],
            [
              116.35169999999997,
              40.0241999999998
            ],
            [
              116.35169999999997,
              40.0253999999998
            ],
            [
              116.34969999999997,
              40.0253999999998
            ],
            [
              116.34969999999997,
              40.0241999999998
            ]
          ]
        ]
      }
    },
    {
      "type": "Feature",
      "id": "LU-0407",
      "properties": {
        "id": "LU-0407",
        "layer": "LAND_USE",
        "source_type": "agent_inferred_from_public_data",
        "confidence": "low",
        "geometry_role": "design_proposal",
        "official_boundary": false,
        "land_use_code": "0802",
        "land_use_label_zh": "科研用地",
        "zone": "AI_SERVICE_ZONE"
      },
      "geometry": {
        "type": "Polygon",
        "coordinates": [
          [
            [
              116.34969999999997,
              40.0253999999998
            ],
            [
              116.35169999999997,
              40.0253999999998
            ],
            [
              116.35169999999997,
              40.026599999999796
            ],
            [
              116.34969999999997,
              40.026599999999796
            ],
            [
              116.34969999999997,
              40.0253999999998
            ]
          ]
        ]
      }
    },
    {
      "type": "Feature",
      "id": "LU-0408",
      "properties": {
        "id": "LU-0408",
        "layer": "LAND_USE",
        "source_type": "agent_inferred_from_public_data",
        "confidence": "low",
        "geometry_role": "design_proposal",
        "official_boundary": false,
        "land_use_code": "05",
        "land_use_label_zh": "商业服务业用地",
        "zone": "AI_SERVICE_ZONE"
      },
      "geometry": {
        "type": "Polygon",
        "coordinates": [
          [
            [
              116.35169999999997,
              39.939
            ],
            [
              116.35369999999996,
              39.939
            ],
            [
              116.35369999999996,
              39.9402
            ],
            [
              116.35169999999997,
              39.9402
            ],
            [
              116.35169999999997,
              39.939
            ]
          ]
        ]
      }
    },
    {
      "type": "Feature",
      "id": "LU-0409",
      "properties": {
        "id": "LU-0409",
        "layer": "LAND_USE",
        "source_type": "agent_inferred_from_public_data",
        "confidence": "low",
        "geometry_role": "design_proposal",
        "official_boundary": false,
        "land_use_code": "05",
        "land_use_label_zh": "商业服务业用地",
        "zone": "AI_SERVICE_ZONE"
      },
      "geometry": {
        "type": "Polygon",
        "coordinates": [
          [
            [
              116.35169999999997,
              39.9402
            ],
            [
              116.35369999999996,
              39.9402
            ],
            [
              116.35369999999996,
              39.941399999999994
            ],
            [
              116.35169999999997,
              39.941399999999994
            ],
            [
              116.35169999999997,
              39.9402
            ]
          ]
        ]
      }
    },
    {
      "type": "Feature",
      "id": "LU-0410",
      "properties": {
        "id": "LU-0410",
        "layer": "LAND_USE",
        "source_type": "agent_inferred_from_public_data",
        "confidence": "low",
        "geometry_role": "design_proposal",
        "official_boundary": false,
        "land_use_code": "05",
        "land_use_label_zh": "商业服务业用地",
        "zone": "AI_SERVICE_ZONE"
      },
      "geometry": {
        "type": "Polygon",
        "coordinates": [
          [
            [
              116.35169999999997,
              39.941399999999994
            ],
            [
              116.35369999999996,
              39.941399999999994
            ],
            [
              116.35369999999996,
              39.94259999999999
            ],
            [
              116.35169999999997,
              39.94259999999999
            ],
            [
              116.35169999999997,
              39.941399999999994
            ]
          ]
        ]
      }
    },
    {
      "type": "Feature",
      "id": "LU-0411",
      "properties": {
        "id": "LU-0411",
        "layer": "LAND_USE",
        "source_type": "agent_inferred_from_public_data",
        "confidence": "low",
        "geometry_role": "design_proposal",
        "official_boundary": false,
        "land_use_code": "05",
        "land_use_label_zh": "商业服务业用地",
        "zone": "AI_SERVICE_ZONE"
      },
      "geometry": {
        "type": "Polygon",
        "coordinates": [
          [
            [
              116.35169999999997,
              39.94259999999999
            ],
            [
              116.35369999999996,
              39.94259999999999
            ],
            [
              116.35369999999996,
              39.94379999999999
            ],
            [
              116.35169999999997,
              39.94379999999999
            ],
            [
              116.35169999999997,
              39.94259999999999
            ]
          ]
        ]
      }
    },
    {
      "type": "Feature",
      "id": "LU-0412",
      "properties": {
        "id": "LU-0412",
        "layer": "LAND_USE",
        "source_type": "agent_inferred_from_public_data",
        "confidence": "low",
        "geometry_role": "design_proposal",
        "official_boundary": false,
        "land_use_code": "05",
        "land_use_label_zh": "商业服务业用地",
        "zone": "AI_SERVICE_ZONE"
      },
      "geometry": {
        "type": "Polygon",
        "coordinates": [
          [
            [
              116.35169999999997,
              39.94379999999999
            ],
            [
              116.35369999999996,
              39.94379999999999
            ],
            [
              116.35369999999996,
              39.944999999999986
            ],
            [
              116.35169999999997,
              39.944999999999986
            ],
            [
              116.35169999999997,
              39.94379999999999
            ]
          ]
        ]
      }
    },
    {
      "type": "Feature",
      "id": "LU-0413",
      "properties": {
        "id": "LU-0413",
        "layer": "LAND_USE",
        "source_type": "agent_inferred_from_public_data",
        "confidence": "low",
        "geometry_role": "design_proposal",
        "official_boundary": false,
        "land_use_code": "05",
        "land_use_label_zh": "商业服务业用地",
        "zone": "AI_SERVICE_ZONE"
      },
      "geometry": {
        "type": "Polygon",
        "coordinates": [
          [
            [
              116.35169999999997,
              39.944999999999986
            ],
            [
              116.35369999999996,
              39.944999999999986
            ],
            [
              116.35369999999996,
              39.94619999999998
            ],
            [
              116.35169999999997,
              39.94619999999998
            ],
            [
              116.35169999999997,
              39.944999999999986
            ]
          ]
        ]
      }
    },
    {
      "type": "Feature",
      "id": "LU-0414",
      "properties": {
        "id": "LU-0414",
        "layer": "LAND_USE",
        "source_type": "agent_inferred_from_public_data",
        "confidence": "low",
        "geometry_role": "design_proposal",
        "official_boundary": false,
        "land_use_code": "05",
        "land_use_label_zh": "商业服务业用地",
        "zone": "AI_SERVICE_ZONE"
      },
      "geometry": {
        "type": "Polygon",
        "coordinates": [
          [
            [
              116.35169999999997,
              39.94619999999998
            ],
            [
              116.35369999999996,
              39.94619999999998
            ],
            [
              116.35369999999996,
              39.94739999999998
            ],
            [
              116.35169999999997,
              39.94739999999998
            ],
            [
              116.35169999999997,
              39.94619999999998
            ]
          ]
        ]
      }
    },
    {
      "type": "Feature",
      "id": "LU-0415",
      "properties": {
        "id": "LU-0415",
        "layer": "LAND_USE",
        "source_type": "agent_inferred_from_public_data",
        "confidence": "low",
        "geometry_role": "design_proposal",
        "official_boundary": false,
        "land_use_code": "05",
        "land_use_label_zh": "商业服务业用地",
        "zone": "AI_SERVICE_ZONE"
      },
      "geometry": {
        "type": "Polygon",
        "coordinates": [
          [
            [
              116.35169999999997,
              39.94739999999998
            ],
            [
              116.35369999999996,
              39.94739999999998
            ],
            [
              116.35369999999996,
              39.94859999999998
            ],
            [
              116.35169999999997,
              39.94859999999998
            ],
            [
              116.35169999999997,
              39.94739999999998
            ]
          ]
        ]
      }
    },
    {
      "type": "Feature",
      "id": "LU-0416",
      "properties": {
        "id": "LU-0416",
        "layer": "LAND_USE",
        "source_type": "agent_inferred_from_public_data",
        "confidence": "low",
        "geometry_role": "design_proposal",
        "official_boundary": false,
        "land_use_code": "05",
        "land_use_label_zh": "商业服务业用地",
        "zone": "AI_SERVICE_ZONE"
      },
      "geometry": {
        "type": "Polygon",
        "coordinates": [
          [
            [
              116.35169999999997,
              39.94859999999998
            ],
            [
              116.35369999999996,
              39.94859999999998
            ],
            [
              116.35369999999996,
              39.949799999999975
            ],
            [
              116.35169999999997,
              39.949799999999975
            ],
            [
              116.35169999999997,
              39.94859999999998
            ]
          ]
        ]
      }
    },
    {
      "type": "Feature",
      "id": "LU-0417",
      "properties": {
        "id": "LU-0417",
        "layer": "LAND_USE",
        "source_type": "agent_inferred_from_public_data",
        "confidence": "low",
        "geometry_role": "design_proposal",
        "official_boundary": false,
        "land_use_code": "05",
        "land_use_label_zh": "商业服务业用地",
        "zone": "AI_SERVICE_ZONE"
      },
      "geometry": {
        "type": "Polygon",
        "coordinates": [
          [
            [
              116.35169999999997,
              39.949799999999975
            ],
            [
              116.35369999999996,
              39.949799999999975
            ],
            [
              116.35369999999996,
              39.95099999999997
            ],
            [
              116.35169999999997,
              39.95099999999997
            ],
            [
              116.35169999999997,
              39.949799999999975
            ]
          ]
        ]
      }
    },
    {
      "type": "Feature",
      "id": "LU-0418",
      "properties": {
        "id": "LU-0418",
        "layer": "LAND_USE",
        "source_type": "agent_inferred_from_public_data",
        "confidence": "low",
        "geometry_role": "design_proposal",
        "official_boundary": false,
        "land_use_code": "05",
        "land_use_label_zh": "商业服务业用地",
        "zone": "AI_SERVICE_ZONE"
      },
      "geometry": {
        "type": "Polygon",
        "coordinates": [
          [
            [
              116.35169999999997,
              39.95099999999997
            ],
            [
              116.35369999999996,
              39.95099999999997
            ],
            [
              116.35369999999996,
              39.95219999999997
            ],
            [
              116.35169999999997,
              39.95219999999997
            ],
            [
              116.35169999999997,
              39.95099999999997
            ]
          ]
        ]
      }
    },
    {
      "type": "Feature",
      "id": "LU-0419",
      "properties": {
        "id": "LU-0419",
        "layer": "LAND_USE",
        "source_type": "agent_inferred_from_public_data",
        "confidence": "low",
        "geometry_role": "design_proposal",
        "official_boundary": false,
        "land_use_code": "05",
        "land_use_label_zh": "商业服务业用地",
        "zone": "AI_SERVICE_ZONE"
      },
      "geometry": {
        "type": "Polygon",
        "coordinates": [
          [
            [
              116.35169999999997,
              39.95219999999997
            ],
            [
              116.35369999999996,
              39.95219999999997
            ],
            [
              116.35369999999996,
              39.95339999999997
            ],
            [
              116.35169999999997,
              39.95339999999997
            ],
            [
              116.35169999999997,
              39.95219999999997
            ]
          ]
        ]
      }
    },
    {
      "type": "Feature",
      "id": "LU-0420",
      "properties": {
        "id": "LU-0420",
        "layer": "LAND_USE",
        "source_type": "agent_inferred_from_public_data",
        "confidence": "low",
        "geometry_role": "design_proposal",
        "official_boundary": false,
        "land_use_code": "05",
        "land_use_label_zh": "商业服务业用地",
        "zone": "AI_SERVICE_ZONE"
      },
      "geometry": {
        "type": "Polygon",
        "coordinates": [
          [
            [
              116.35169999999997,
              39.95339999999997
            ],
            [
              116.35369999999996,
              39.95339999999997
            ],
            [
              116.35369999999996,
              39.954599999999964
            ],
            [
              116.35169999999997,
              39.954599999999964
            ],
            [
              116.35169999999997,
              39.95339999999997
            ]
          ]
        ]
      }
    },
    {
      "type": "Feature",
      "id": "LU-0421",
      "properties": {
        "id": "LU-0421",
        "layer": "LAND_USE",
        "source_type": "agent_inferred_from_public_data",
        "confidence": "low",
        "geometry_role": "design_proposal",
        "official_boundary": false,
        "land_use_code": "05",
        "land_use_label_zh": "商业服务业用地",
        "zone": "AI_SERVICE_ZONE"
      },
      "geometry": {
        "type": "Polygon",
        "coordinates": [
          [
            [
              116.35169999999997,
              39.954599999999964
            ],
            [
              116.35369999999996,
              39.954599999999964
            ],
            [
              116.35369999999996,
              39.95579999999996
            ],
            [
              116.35169999999997,
              39.95579999999996
            ],
            [
              116.35169999999997,
              39.954599999999964
            ]
          ]
        ]
      }
    },
    {
      "type": "Feature",
      "id": "LU-0422",
      "properties": {
        "id": "LU-0422",
        "layer": "LAND_USE",
        "source_type": "agent_inferred_from_public_data",
        "confidence": "low",
        "geometry_role": "design_proposal",
        "official_boundary": false,
        "land_use_code": "05",
        "land_use_label_zh": "商业服务业用地",
        "zone": "AI_SERVICE_ZONE"
      },
      "geometry": {
        "type": "Polygon",
        "coordinates": [
          [
            [
              116.35169999999997,
              39.95579999999996
            ],
            [
              116.35369999999996,
              39.95579999999996
            ],
            [
              116.35369999999996,
              39.95699999999996
            ],
            [
              116.35169999999997,
              39.95699999999996
            ],
            [
              116.35169999999997,
              39.95579999999996
            ]
          ]
        ]
      }
    },
    {
      "type": "Feature",
      "id": "LU-0423",
      "properties": {
        "id": "LU-0423",
        "layer": "LAND_USE",
        "source_type": "agent_inferred_from_public_data",
        "confidence": "low",
        "geometry_role": "design_proposal",
        "official_boundary": false,
        "land_use_code": "05",
        "land_use_label_zh": "商业服务业用地",
        "zone": "AI_SERVICE_ZONE"
      },
      "geometry": {
        "type": "Polygon",
        "coordinates": [
          [
            [
              116.35169999999997,
              39.95699999999996
            ],
            [
              116.35369999999996,
              39.95699999999996
            ],
            [
              116.35369999999996,
              39.958199999999955
            ],
            [
              116.35169999999997,
              39.958199999999955
            ],
            [
              116.35169999999997,
              39.95699999999996
            ]
          ]
        ]
      }
    },
    {
      "type": "Feature",
      "id": "LU-0424",
      "properties": {
        "id": "LU-0424",
        "layer": "LAND_USE",
        "source_type": "agent_inferred_from_public_data",
        "confidence": "low",
        "geometry_role": "design_proposal",
        "official_boundary": false,
        "land_use_code": "05",
        "land_use_label_zh": "商业服务业用地",
        "zone": "AI_SERVICE_ZONE"
      },
      "geometry": {
        "type": "Polygon",
        "coordinates": [
          [
            [
              116.35169999999997,
              39.958199999999955
            ],
            [
              116.35369999999996,
              39.958199999999955
            ],
            [
              116.35369999999996,
              39.95939999999995
            ],
            [
              116.35169999999997,
              39.95939999999995
            ],
            [
              116.35169999999997,
              39.958199999999955
            ]
          ]
        ]
      }
    },
    {
      "type": "Feature",
      "id": "LU-0425",
      "properties": {
        "id": "LU-0425",
        "layer": "LAND_USE",
        "source_type": "agent_inferred_from_public_data",
        "confidence": "low",
        "geometry_role": "design_proposal",
        "official_boundary": false,
        "land_use_code": "05",
        "land_use_label_zh": "商业服务业用地",
        "zone": "AI_SERVICE_ZONE"
      },
      "geometry": {
        "type": "Polygon",
        "coordinates": [
          [
            [
              116.35169999999997,
              39.95939999999995
            ],
            [
              116.35369999999996,
              39.95939999999995
            ],
            [
              116.35369999999996,
              39.96059999999995
            ],
            [
              116.35169999999997,
              39.96059999999995
            ],
            [
              116.35169999999997,
              39.95939999999995
            ]
          ]
        ]
      }
    },
    {
      "type": "Feature",
      "id": "LU-0426",
      "properties": {
        "id": "LU-0426",
        "layer": "LAND_USE",
        "source_type": "agent_inferred_from_public_data",
        "confidence": "low",
        "geometry_role": "design_proposal",
        "official_boundary": false,
        "land_use_code": "16",
        "land_use_label_zh": "留白用地",
        "zone": "context"
      },
      "geometry": {
        "type": "Polygon",
        "coordinates": [
          [
            [
              116.35169999999997,
              39.96059999999995
            ],
            [
              116.35369999999996,
              39.96059999999995
            ],
            [
              116.35369999999996,
              39.96179999999995
            ],
            [
              116.35169999999997,
              39.96179999999995
            ],
            [
              116.35169999999997,
              39.96059999999995
            ]
          ]
        ]
      }
    },
    {
      "type": "Feature",
      "id": "LU-0427",
      "properties": {
        "id": "LU-0427",
        "layer": "LAND_USE",
        "source_type": "agent_inferred_from_public_data",
        "confidence": "low",
        "geometry_role": "design_proposal",
        "official_boundary": false,
        "land_use_code": "16",
        "land_use_label_zh": "留白用地",
        "zone": "context"
      },
      "geometry": {
        "type": "Polygon",
        "coordinates": [
          [
            [
              116.35169999999997,
              39.96179999999995
            ],
            [
              116.35369999999996,
              39.96179999999995
            ],
            [
              116.35369999999996,
              39.962999999999944
            ],
            [
              116.35169999999997,
              39.962999999999944
            ],
            [
              116.35169999999997,
              39.96179999999995
            ]
          ]
        ]
      }
    },
    {
      "type": "Feature",
      "id": "LU-0428",
      "properties": {
        "id": "LU-0428",
        "layer": "LAND_USE",
        "source_type": "agent_inferred_from_public_data",
        "confidence": "low",
        "geometry_role": "design_proposal",
        "official_boundary": false,
        "land_use_code": "07",
        "land_use_label_zh": "居住用地",
        "zone": "context"
      },
      "geometry": {
        "type": "Polygon",
        "coordinates": [
          [
            [
              116.35169999999997,
              39.962999999999944
            ],
            [
              116.35369999999996,
              39.962999999999944
            ],
            [
              116.35369999999996,
              39.96419999999994
            ],
            [
              116.35169999999997,
              39.96419999999994
            ],
            [
              116.35169999999997,
              39.962999999999944
            ]
          ]
        ]
      }
    },
    {
      "type": "Feature",
      "id": "LU-0429",
      "properties": {
        "id": "LU-0429",
        "layer": "LAND_USE",
        "source_type": "agent_inferred_from_public_data",
        "confidence": "low",
        "geometry_role": "design_proposal",
        "official_boundary": false,
        "land_use_code": "07",
        "land_use_label_zh": "居住用地",
        "zone": "context"
      },
      "geometry": {
        "type": "Polygon",
        "coordinates": [
          [
            [
              116.35169999999997,
              39.96419999999994
            ],
            [
              116.35369999999996,
              39.96419999999994
            ],
            [
              116.35369999999996,
              39.96539999999994
            ],
            [
              116.35169999999997,
              39.96539999999994
            ],
            [
              116.35169999999997,
              39.96419999999994
            ]
          ]
        ]
      }
    },
    {
      "type": "Feature",
      "id": "LU-0430",
      "properties": {
        "id": "LU-0430",
        "layer": "LAND_USE",
        "source_type": "agent_inferred_from_public_data",
        "confidence": "low",
        "geometry_role": "design_proposal",
        "official_boundary": false,
        "land_use_code": "0804",
        "land_use_label_zh": "教育用地",
        "zone": "context"
      },
      "geometry": {
        "type": "Polygon",
        "coordinates": [
          [
            [
              116.35169999999997,
              39.96539999999994
            ],
            [
              116.35369999999996,
              39.96539999999994
            ],
            [
              116.35369999999996,
              39.966599999999936
            ],
            [
              116.35169999999997,
              39.966599999999936
            ],
            [
              116.35169999999997,
              39.96539999999994
            ]
          ]
        ]
      }
    },
    {
      "type": "Feature",
      "id": "LU-0431",
      "properties": {
        "id": "LU-0431",
        "layer": "LAND_USE",
        "source_type": "agent_inferred_from_public_data",
        "confidence": "low",
        "geometry_role": "design_proposal",
        "official_boundary": false,
        "land_use_code": "16",
        "land_use_label_zh": "留白用地",
        "zone": "context"
      },
      "geometry": {
        "type": "Polygon",
        "coordinates": [
          [
            [
              116.35169999999997,
              39.966599999999936
            ],
            [
              116.35369999999996,
              39.966599999999936
            ],
            [
              116.35369999999996,
              39.96779999999993
            ],
            [
              116.35169999999997,
              39.96779999999993
            ],
            [
              116.35169999999997,
              39.966599999999936
            ]
          ]
        ]
      }
    },
    {
      "type": "Feature",
      "id": "LU-0432",
      "properties": {
        "id": "LU-0432",
        "layer": "LAND_USE",
        "source_type": "agent_inferred_from_public_data",
        "confidence": "low",
        "geometry_role": "design_proposal",
        "official_boundary": false,
        "land_use_code": "16",
        "land_use_label_zh": "留白用地",
        "zone": "context"
      },
      "geometry": {
        "type": "Polygon",
        "coordinates": [
          [
            [
              116.35169999999997,
              39.96779999999993
            ],
            [
              116.35369999999996,
              39.96779999999993
            ],
            [
              116.35369999999996,
              39.96899999999993
            ],
            [
              116.35169999999997,
              39.96899999999993
            ],
            [
              116.35169999999997,
              39.96779999999993
            ]
          ]
        ]
      }
    },
    {
      "type": "Feature",
      "id": "LU-0433",
      "properties": {
        "id": "LU-0433",
        "layer": "LAND_USE",
        "source_type": "agent_inferred_from_public_data",
        "confidence": "low",
        "geometry_role": "design_proposal",
        "official_boundary": false,
        "land_use_code": "07",
        "land_use_label_zh": "居住用地",
        "zone": "context"
      },
      "geometry": {
        "type": "Polygon",
        "coordinates": [
          [
            [
              116.35169999999997,
              39.96899999999993
            ],
            [
              116.35369999999996,
              39.96899999999993
            ],
            [
              116.35369999999996,
              39.97019999999993
            ],
            [
              116.35169999999997,
              39.97019999999993
            ],
            [
              116.35169999999997,
              39.96899999999993
            ]
          ]
        ]
      }
    },
    {
      "type": "Feature",
      "id": "LU-0434",
      "properties": {
        "id": "LU-0434",
        "layer": "LAND_USE",
        "source_type": "agent_inferred_from_public_data",
        "confidence": "low",
        "geometry_role": "design_proposal",
        "official_boundary": false,
        "land_use_code": "07",
        "land_use_label_zh": "居住用地",
        "zone": "context"
      },
      "geometry": {
        "type": "Polygon",
        "coordinates": [
          [
            [
              116.35169999999997,
              39.97019999999993
            ],
            [
              116.35369999999996,
              39.97019999999993
            ],
            [
              116.35369999999996,
              39.971399999999925
            ],
            [
              116.35169999999997,
              39.971399999999925
            ],
            [
              116.35169999999997,
              39.97019999999993
            ]
          ]
        ]
      }
    },
    {
      "type": "Feature",
      "id": "LU-0435",
      "properties": {
        "id": "LU-0435",
        "layer": "LAND_USE",
        "source_type": "agent_inferred_from_public_data",
        "confidence": "low",
        "geometry_role": "design_proposal",
        "official_boundary": false,
        "land_use_code": "0804",
        "land_use_label_zh": "教育用地",
        "zone": "context"
      },
      "geometry": {
        "type": "Polygon",
        "coordinates": [
          [
            [
              116.35169999999997,
              39.971399999999925
            ],
            [
              116.35369999999996,
              39.971399999999925
            ],
            [
              116.35369999999996,
              39.97259999999992
            ],
            [
              116.35169999999997,
              39.97259999999992
            ],
            [
              116.35169999999997,
              39.971399999999925
            ]
          ]
        ]
      }
    },
    {
      "type": "Feature",
      "id": "LU-0436",
      "properties": {
        "id": "LU-0436",
        "layer": "LAND_USE",
        "source_type": "agent_inferred_from_public_data",
        "confidence": "low",
        "geometry_role": "design_proposal",
        "official_boundary": false,
        "land_use_code": "16",
        "land_use_label_zh": "留白用地",
        "zone": "context"
      },
      "geometry": {
        "type": "Polygon",
        "coordinates": [
          [
            [
              116.35169999999997,
              39.97259999999992
            ],
            [
              116.35369999999996,
              39.97259999999992
            ],
            [
              116.35369999999996,
              39.97379999999992
            ],
            [
              116.35169999999997,
              39.97379999999992
            ],
            [
              116.35169999999997,
              39.97259999999992
            ]
          ]
        ]
      }
    },
    {
      "type": "Feature",
      "id": "LU-0437",
      "properties": {
        "id": "LU-0437",
        "layer": "LAND_USE",
        "source_type": "agent_inferred_from_public_data",
        "confidence": "low",
        "geometry_role": "design_proposal",
        "official_boundary": false,
        "land_use_code": "16",
        "land_use_label_zh": "留白用地",
        "zone": "context"
      },
      "geometry": {
        "type": "Polygon",
        "coordinates": [
          [
            [
              116.35169999999997,
              39.97379999999992
            ],
            [
              116.35369999999996,
              39.97379999999992
            ],
            [
              116.35369999999996,
              39.974999999999916
            ],
            [
              116.35169999999997,
              39.974999999999916
            ],
            [
              116.35169999999997,
              39.97379999999992
            ]
          ]
        ]
      }
    },
    {
      "type": "Feature",
      "id": "LU-0438",
      "properties": {
        "id": "LU-0438",
        "layer": "LAND_USE",
        "source_type": "agent_inferred_from_public_data",
        "confidence": "low",
        "geometry_role": "design_proposal",
        "official_boundary": false,
        "land_use_code": "07",
        "land_use_label_zh": "居住用地",
        "zone": "context"
      },
      "geometry": {
        "type": "Polygon",
        "coordinates": [
          [
            [
              116.35169999999997,
              39.974999999999916
            ],
            [
              116.35369999999996,
              39.974999999999916
            ],
            [
              116.35369999999996,
              39.97619999999991
            ],
            [
              116.35169999999997,
              39.97619999999991
            ],
            [
              116.35169999999997,
              39.974999999999916
            ]
          ]
        ]
      }
    },
    {
      "type": "Feature",
      "id": "LU-0439",
      "properties": {
        "id": "LU-0439",
        "layer": "LAND_USE",
        "source_type": "agent_inferred_from_public_data",
        "confidence": "low",
        "geometry_role": "design_proposal",
        "official_boundary": false,
        "land_use_code": "07",
        "land_use_label_zh": "居住用地",
        "zone": "context"
      },
      "geometry": {
        "type": "Polygon",
        "coordinates": [
          [
            [
              116.35169999999997,
              39.97619999999991
            ],
            [
              116.35369999999996,
              39.97619999999991
            ],
            [
              116.35369999999996,
              39.97739999999991
            ],
            [
              116.35169999999997,
              39.97739999999991
            ],
            [
              116.35169999999997,
              39.97619999999991
            ]
          ]
        ]
      }
    },
    {
      "type": "Feature",
      "id": "LU-0440",
      "properties": {
        "id": "LU-0440",
        "layer": "LAND_USE",
        "source_type": "agent_inferred_from_public_data",
        "confidence": "low",
        "geometry_role": "design_proposal",
        "official_boundary": false,
        "land_use_code": "0804",
        "land_use_label_zh": "教育用地",
        "zone": "context"
      },
      "geometry": {
        "type": "Polygon",
        "coordinates": [
          [
            [
              116.35169999999997,
              39.97739999999991
            ],
            [
              116.35369999999996,
              39.97739999999991
            ],
            [
              116.35369999999996,
              39.97859999999991
            ],
            [
              116.35169999999997,
              39.97859999999991
            ],
            [
              116.35169999999997,
              39.97739999999991
            ]
          ]
        ]
      }
    },
    {
      "type": "Feature",
      "id": "LU-0441",
      "properties": {
        "id": "LU-0441",
        "layer": "LAND_USE",
        "source_type": "agent_inferred_from_public_data",
        "confidence": "low",
        "geometry_role": "design_proposal",
        "official_boundary": false,
        "land_use_code": "16",
        "land_use_label_zh": "留白用地",
        "zone": "context"
      },
      "geometry": {
        "type": "Polygon",
        "coordinates": [
          [
            [
              116.35169999999997,
              39.97859999999991
            ],
            [
              116.35369999999996,
              39.97859999999991
            ],
            [
              116.35369999999996,
              39.979799999999905
            ],
            [
              116.35169999999997,
              39.979799999999905
            ],
            [
              116.35169999999997,
              39.97859999999991
            ]
          ]
        ]
      }
    },
    {
      "type": "Feature",
      "id": "LU-0442",
      "properties": {
        "id": "LU-0442",
        "layer": "LAND_USE",
        "source_type": "agent_inferred_from_public_data",
        "confidence": "low",
        "geometry_role": "design_proposal",
        "official_boundary": false,
        "land_use_code": "16",
        "land_use_label_zh": "留白用地",
        "zone": "context"
      },
      "geometry": {
        "type": "Polygon",
        "coordinates": [
          [
            [
              116.35169999999997,
              39.979799999999905
            ],
            [
              116.35369999999996,
              39.979799999999905
            ],
            [
              116.35369999999996,
              39.9809999999999
            ],
            [
              116.35169999999997,
              39.9809999999999
            ],
            [
              116.35169999999997,
              39.979799999999905
            ]
          ]
        ]
      }
    },
    {
      "type": "Feature",
      "id": "LU-0443",
      "properties": {
        "id": "LU-0443",
        "layer": "LAND_USE",
        "source_type": "agent_inferred_from_public_data",
        "confidence": "low",
        "geometry_role": "design_proposal",
        "official_boundary": false,
        "land_use_code": "07",
        "land_use_label_zh": "居住用地",
        "zone": "context"
      },
      "geometry": {
        "type": "Polygon",
        "coordinates": [
          [
            [
              116.35169999999997,
              39.9809999999999
            ],
            [
              116.35369999999996,
              39.9809999999999
            ],
            [
              116.35369999999996,
              39.9821999999999
            ],
            [
              116.35169999999997,
              39.9821999999999
            ],
            [
              116.35169999999997,
              39.9809999999999
            ]
          ]
        ]
      }
    },
    {
      "type": "Feature",
      "id": "LU-0444",
      "properties": {
        "id": "LU-0444",
        "layer": "LAND_USE",
        "source_type": "agent_inferred_from_public_data",
        "confidence": "low",
        "geometry_role": "design_proposal",
        "official_boundary": false,
        "land_use_code": "07",
        "land_use_label_zh": "居住用地",
        "zone": "context"
      },
      "geometry": {
        "type": "Polygon",
        "coordinates": [
          [
            [
              116.35169999999997,
              39.9821999999999
            ],
            [
              116.35369999999996,
              39.9821999999999
            ],
            [
              116.35369999999996,
              39.9833999999999
            ],
            [
              116.35169999999997,
              39.9833999999999
            ],
            [
              116.35169999999997,
              39.9821999999999
            ]
          ]
        ]
      }
    },
    {
      "type": "Feature",
      "id": "LU-0445",
      "properties": {
        "id": "LU-0445",
        "layer": "LAND_USE",
        "source_type": "agent_inferred_from_public_data",
        "confidence": "low",
        "geometry_role": "design_proposal",
        "official_boundary": false,
        "land_use_code": "0701",
        "land_use_label_zh": "城镇住宅用地",
        "zone": "context"
      },
      "geometry": {
        "type": "Polygon",
        "coordinates": [
          [
            [
              116.35169999999997,
              39.9833999999999
            ],
            [
              116.35369999999996,
              39.9833999999999
            ],
            [
              116.35369999999996,
              39.984599999999894
            ],
            [
              116.35169999999997,
              39.984599999999894
            ],
            [
              116.35169999999997,
              39.9833999999999
            ]
          ]
        ]
      }
    },
    {
      "type": "Feature",
      "id": "LU-0446",
      "properties": {
        "id": "LU-0446",
        "layer": "LAND_USE",
        "source_type": "agent_inferred_from_public_data",
        "confidence": "low",
        "geometry_role": "design_proposal",
        "official_boundary": false,
        "land_use_code": "0701",
        "land_use_label_zh": "城镇住宅用地",
        "zone": "context"
      },
      "geometry": {
        "type": "Polygon",
        "coordinates": [
          [
            [
              116.35169999999997,
              39.984599999999894
            ],
            [
              116.35369999999996,
              39.984599999999894
            ],
            [
              116.35369999999996,
              39.98579999999989
            ],
            [
              116.35169999999997,
              39.98579999999989
            ],
            [
              116.35169999999997,
              39.984599999999894
            ]
          ]
        ]
      }
    },
    {
      "type": "Feature",
      "id": "LU-0447",
      "properties": {
        "id": "LU-0447",
        "layer": "LAND_USE",
        "source_type": "agent_inferred_from_public_data",
        "confidence": "low",
        "geometry_role": "design_proposal",
        "official_boundary": false,
        "land_use_code": "0701",
        "land_use_label_zh": "城镇住宅用地",
        "zone": "context"
      },
      "geometry": {
        "type": "Polygon",
        "coordinates": [
          [
            [
              116.35169999999997,
              39.98579999999989
            ],
            [
              116.35369999999996,
              39.98579999999989
            ],
            [
              116.35369999999996,
              39.98699999999989
            ],
            [
              116.35169999999997,
              39.98699999999989
            ],
            [
              116.35169999999997,
              39.98579999999989
            ]
          ]
        ]
      }
    },
    {
      "type": "Feature",
      "id": "LU-0448",
      "properties": {
        "id": "LU-0448",
        "layer": "LAND_USE",
        "source_type": "agent_inferred_from_public_data",
        "confidence": "low",
        "geometry_role": "design_proposal",
        "official_boundary": false,
        "land_use_code": "0701",
        "land_use_label_zh": "城镇住宅用地",
        "zone": "context"
      },
      "geometry": {
        "type": "Polygon",
        "coordinates": [
          [
            [
              116.35169999999997,
              39.98699999999989
            ],
            [
              116.35369999999996,
              39.98699999999989
            ],
            [
              116.35369999999996,
              39.988199999999885
            ],
            [
              116.35169999999997,
              39.988199999999885
            ],
            [
              116.35169999999997,
              39.98699999999989
            ]
          ]
        ]
      }
    },
    {
      "type": "Feature",
      "id": "LU-0449",
      "properties": {
        "id": "LU-0449",
        "layer": "LAND_USE",
        "source_type": "agent_inferred_from_public_data",
        "confidence": "low",
        "geometry_role": "design_proposal",
        "official_boundary": false,
        "land_use_code": "0701",
        "land_use_label_zh": "城镇住宅用地",
        "zone": "context"
      },
      "geometry": {
        "type": "Polygon",
        "coordinates": [
          [
            [
              116.35169999999997,
              39.988199999999885
            ],
            [
              116.35369999999996,
              39.988199999999885
            ],
            [
              116.35369999999996,
              39.98939999999988
            ],
            [
              116.35169999999997,
              39.98939999999988
            ],
            [
              116.35169999999997,
              39.988199999999885
            ]
          ]
        ]
      }
    },
    {
      "type": "Feature",
      "id": "LU-0450",
      "properties": {
        "id": "LU-0450",
        "layer": "LAND_USE",
        "source_type": "agent_inferred_from_public_data",
        "confidence": "low",
        "geometry_role": "design_proposal",
        "official_boundary": false,
        "land_use_code": "0701",
        "land_use_label_zh": "城镇住宅用地",
        "zone": "context"
      },
      "geometry": {
        "type": "Polygon",
        "coordinates": [
          [
            [
              116.35169999999997,
              39.98939999999988
            ],
            [
              116.35369999999996,
              39.98939999999988
            ],
            [
              116.35369999999996,
              39.99059999999988
            ],
            [
              116.35169999999997,
              39.99059999999988
            ],
            [
              116.35169999999997,
              39.98939999999988
            ]
          ]
        ]
      }
    },
    {
      "type": "Feature",
      "id": "LU-0451",
      "properties": {
        "id": "LU-0451",
        "layer": "LAND_USE",
        "source_type": "agent_inferred_from_public_data",
        "confidence": "low",
        "geometry_role": "design_proposal",
        "official_boundary": false,
        "land_use_code": "0701",
        "land_use_label_zh": "城镇住宅用地",
        "zone": "context"
      },
      "geometry": {
        "type": "Polygon",
        "coordinates": [
          [
            [
              116.35169999999997,
              39.99059999999988
            ],
            [
              116.35369999999996,
              39.99059999999988
            ],
            [
              116.35369999999996,
              39.99179999999988
            ],
            [
              116.35169999999997,
              39.99179999999988
            ],
            [
              116.35169999999997,
              39.99059999999988
            ]
          ]
        ]
      }
    },
    {
      "type": "Feature",
      "id": "LU-0452",
      "properties": {
        "id": "LU-0452",
        "layer": "LAND_USE",
        "source_type": "agent_inferred_from_public_data",
        "confidence": "low",
        "geometry_role": "design_proposal",
        "official_boundary": false,
        "land_use_code": "0701",
        "land_use_label_zh": "城镇住宅用地",
        "zone": "context"
      },
      "geometry": {
        "type": "Polygon",
        "coordinates": [
          [
            [
              116.35169999999997,
              39.99179999999988
            ],
            [
              116.35369999999996,
              39.99179999999988
            ],
            [
              116.35369999999996,
              39.992999999999874
            ],
            [
              116.35169999999997,
              39.992999999999874
            ],
            [
              116.35169999999997,
              39.99179999999988
            ]
          ]
        ]
      }
    },
    {
      "type": "Feature",
      "id": "LU-0453",
      "properties": {
        "id": "LU-0453",
        "layer": "LAND_USE",
        "source_type": "agent_inferred_from_public_data",
        "confidence": "low",
        "geometry_role": "design_proposal",
        "official_boundary": false,
        "land_use_code": "07",
        "land_use_label_zh": "居住用地",
        "zone": "context"
      },
      "geometry": {
        "type": "Polygon",
        "coordinates": [
          [
            [
              116.35169999999997,
              39.992999999999874
            ],
            [
              116.35369999999996,
              39.992999999999874
            ],
            [
              116.35369999999996,
              39.99419999999987
            ],
            [
              116.35169999999997,
              39.99419999999987
            ],
            [
              116.35169999999997,
              39.992999999999874
            ]
          ]
        ]
      }
    },
    {
      "type": "Feature",
      "id": "LU-0454",
      "properties": {
        "id": "LU-0454",
        "layer": "LAND_USE",
        "source_type": "agent_inferred_from_public_data",
        "confidence": "low",
        "geometry_role": "design_proposal",
        "official_boundary": false,
        "land_use_code": "07",
        "land_use_label_zh": "居住用地",
        "zone": "context"
      },
      "geometry": {
        "type": "Polygon",
        "coordinates": [
          [
            [
              116.35169999999997,
              39.99419999999987
            ],
            [
              116.35369999999996,
              39.99419999999987
            ],
            [
              116.35369999999996,
              39.99539999999987
            ],
            [
              116.35169999999997,
              39.99539999999987
            ],
            [
              116.35169999999997,
              39.99419999999987
            ]
          ]
        ]
      }
    },
    {
      "type": "Feature",
      "id": "LU-0455",
      "properties": {
        "id": "LU-0455",
        "layer": "LAND_USE",
        "source_type": "agent_inferred_from_public_data",
        "confidence": "low",
        "geometry_role": "design_proposal",
        "official_boundary": false,
        "land_use_code": "0804",
        "land_use_label_zh": "教育用地",
        "zone": "context"
      },
      "geometry": {
        "type": "Polygon",
        "coordinates": [
          [
            [
              116.35169999999997,
              39.99539999999987
            ],
            [
              116.35369999999996,
              39.99539999999987
            ],
            [
              116.35369999999996,
              39.996599999999866
            ],
            [
              116.35169999999997,
              39.996599999999866
            ],
            [
              116.35169999999997,
              39.99539999999987
            ]
          ]
        ]
      }
    },
    {
      "type": "Feature",
      "id": "LU-0456",
      "properties": {
        "id": "LU-0456",
        "layer": "LAND_USE",
        "source_type": "agent_inferred_from_public_data",
        "confidence": "low",
        "geometry_role": "design_proposal",
        "official_boundary": false,
        "land_use_code": "16",
        "land_use_label_zh": "留白用地",
        "zone": "context"
      },
      "geometry": {
        "type": "Polygon",
        "coordinates": [
          [
            [
              116.35169999999997,
              39.996599999999866
            ],
            [
              116.35369999999996,
              39.996599999999866
            ],
            [
              116.35369999999996,
              39.99779999999986
            ],
            [
              116.35169999999997,
              39.99779999999986
            ],
            [
              116.35169999999997,
              39.996599999999866
            ]
          ]
        ]
      }
    },
    {
      "type": "Feature",
      "id": "LU-0457",
      "properties": {
        "id": "LU-0457",
        "layer": "LAND_USE",
        "source_type": "agent_inferred_from_public_data",
        "confidence": "low",
        "geometry_role": "design_proposal",
        "official_boundary": false,
        "land_use_code": "16",
        "land_use_label_zh": "留白用地",
        "zone": "context"
      },
      "geometry": {
        "type": "Polygon",
        "coordinates": [
          [
            [
              116.35169999999997,
              39.99779999999986
            ],
            [
              116.35369999999996,
              39.99779999999986
            ],
            [
              116.35369999999996,
              39.99899999999986
            ],
            [
              116.35169999999997,
              39.99899999999986
            ],
            [
              116.35169999999997,
              39.99779999999986
            ]
          ]
        ]
      }
    },
    {
      "type": "Feature",
      "id": "LU-0458",
      "properties": {
        "id": "LU-0458",
        "layer": "LAND_USE",
        "source_type": "agent_inferred_from_public_data",
        "confidence": "low",
        "geometry_role": "design_proposal",
        "official_boundary": false,
        "land_use_code": "07",
        "land_use_label_zh": "居住用地",
        "zone": "context"
      },
      "geometry": {
        "type": "Polygon",
        "coordinates": [
          [
            [
              116.35169999999997,
              39.99899999999986
            ],
            [
              116.35369999999996,
              39.99899999999986
            ],
            [
              116.35369999999996,
              40.00019999999986
            ],
            [
              116.35169999999997,
              40.00019999999986
            ],
            [
              116.35169999999997,
              39.99899999999986
            ]
          ]
        ]
      }
    },
    {
      "type": "Feature",
      "id": "LU-0459",
      "properties": {
        "id": "LU-0459",
        "layer": "LAND_USE",
        "source_type": "agent_inferred_from_public_data",
        "confidence": "low",
        "geometry_role": "design_proposal",
        "official_boundary": false,
        "land_use_code": "07",
        "land_use_label_zh": "居住用地",
        "zone": "context"
      },
      "geometry": {
        "type": "Polygon",
        "coordinates": [
          [
            [
              116.35169999999997,
              40.00019999999986
            ],
            [
              116.35369999999996,
              40.00019999999986
            ],
            [
              116.35369999999996,
              40.001399999999855
            ],
            [
              116.35169999999997,
              40.001399999999855
            ],
            [
              116.35169999999997,
              40.00019999999986
            ]
          ]
        ]
      }
    },
    {
      "type": "Feature",
      "id": "LU-0460",
      "properties": {
        "id": "LU-0460",
        "layer": "LAND_USE",
        "source_type": "agent_inferred_from_public_data",
        "confidence": "low",
        "geometry_role": "design_proposal",
        "official_boundary": false,
        "land_use_code": "0804",
        "land_use_label_zh": "教育用地",
        "zone": "context"
      },
      "geometry": {
        "type": "Polygon",
        "coordinates": [
          [
            [
              116.35169999999997,
              40.001399999999855
            ],
            [
              116.35369999999996,
              40.001399999999855
            ],
            [
              116.35369999999996,
              40.00259999999985
            ],
            [
              116.35169999999997,
              40.00259999999985
            ],
            [
              116.35169999999997,
              40.001399999999855
            ]
          ]
        ]
      }
    },
    {
      "type": "Feature",
      "id": "LU-0461",
      "properties": {
        "id": "LU-0461",
        "layer": "LAND_USE",
        "source_type": "agent_inferred_from_public_data",
        "confidence": "low",
        "geometry_role": "design_proposal",
        "official_boundary": false,
        "land_use_code": "16",
        "land_use_label_zh": "留白用地",
        "zone": "context"
      },
      "geometry": {
        "type": "Polygon",
        "coordinates": [
          [
            [
              116.35169999999997,
              40.00259999999985
            ],
            [
              116.35369999999996,
              40.00259999999985
            ],
            [
              116.35369999999996,
              40.00379999999985
            ],
            [
              116.35169999999997,
              40.00379999999985
            ],
            [
              116.35169999999997,
              40.00259999999985
            ]
          ]
        ]
      }
    },
    {
      "type": "Feature",
      "id": "LU-0462",
      "properties": {
        "id": "LU-0462",
        "layer": "LAND_USE",
        "source_type": "agent_inferred_from_public_data",
        "confidence": "low",
        "geometry_role": "design_proposal",
        "official_boundary": false,
        "land_use_code": "16",
        "land_use_label_zh": "留白用地",
        "zone": "context"
      },
      "geometry": {
        "type": "Polygon",
        "coordinates": [
          [
            [
              116.35169999999997,
              40.00379999999985
            ],
            [
              116.35369999999996,
              40.00379999999985
            ],
            [
              116.35369999999996,
              40.004999999999846
            ],
            [
              116.35169999999997,
              40.004999999999846
            ],
            [
              116.35169999999997,
              40.00379999999985
            ]
          ]
        ]
      }
    },
    {
      "type": "Feature",
      "id": "LU-0463",
      "properties": {
        "id": "LU-0463",
        "layer": "LAND_USE",
        "source_type": "agent_inferred_from_public_data",
        "confidence": "low",
        "geometry_role": "design_proposal",
        "official_boundary": false,
        "land_use_code": "0802",
        "land_use_label_zh": "科研用地",
        "zone": "AI_SERVICE_ZONE"
      },
      "geometry": {
        "type": "Polygon",
        "coordinates": [
          [
            [
              116.35169999999997,
              40.004999999999846
            ],
            [
              116.35369999999996,
              40.004999999999846
            ],
            [
              116.35369999999996,
              40.00619999999984
            ],
            [
              116.35169999999997,
              40.00619999999984
            ],
            [
              116.35169999999997,
              40.004999999999846
            ]
          ]
        ]
      }
    },
    {
      "type": "Feature",
      "id": "LU-0464",
      "properties": {
        "id": "LU-0464",
        "layer": "LAND_USE",
        "source_type": "agent_inferred_from_public_data",
        "confidence": "low",
        "geometry_role": "design_proposal",
        "official_boundary": false,
        "land_use_code": "0802",
        "land_use_label_zh": "科研用地",
        "zone": "AI_SERVICE_ZONE"
      },
      "geometry": {
        "type": "Polygon",
        "coordinates": [
          [
            [
              116.35169999999997,
              40.00619999999984
            ],
            [
              116.35369999999996,
              40.00619999999984
            ],
            [
              116.35369999999996,
              40.00739999999984
            ],
            [
              116.35169999999997,
              40.00739999999984
            ],
            [
              116.35169999999997,
              40.00619999999984
            ]
          ]
        ]
      }
    },
    {
      "type": "Feature",
      "id": "LU-0465",
      "properties": {
        "id": "LU-0465",
        "layer": "LAND_USE",
        "source_type": "agent_inferred_from_public_data",
        "confidence": "low",
        "geometry_role": "design_proposal",
        "official_boundary": false,
        "land_use_code": "0802",
        "land_use_label_zh": "科研用地",
        "zone": "AI_SERVICE_ZONE"
      },
      "geometry": {
        "type": "Polygon",
        "coordinates": [
          [
            [
              116.35169999999997,
              40.00739999999984
            ],
            [
              116.35369999999996,
              40.00739999999984
            ],
            [
              116.35369999999996,
              40.00859999999984
            ],
            [
              116.35169999999997,
              40.00859999999984
            ],
            [
              116.35169999999997,
              40.00739999999984
            ]
          ]
        ]
      }
    },
    {
      "type": "Feature",
      "id": "LU-0466",
      "properties": {
        "id": "LU-0466",
        "layer": "LAND_USE",
        "source_type": "agent_inferred_from_public_data",
        "confidence": "low",
        "geometry_role": "design_proposal",
        "official_boundary": false,
        "land_use_code": "0802",
        "land_use_label_zh": "科研用地",
        "zone": "AI_SERVICE_ZONE"
      },
      "geometry": {
        "type": "Polygon",
        "coordinates": [
          [
            [
              116.35169999999997,
              40.00859999999984
            ],
            [
              116.35369999999996,
              40.00859999999984
            ],
            [
              116.35369999999996,
              40.009799999999835
            ],
            [
              116.35169999999997,
              40.009799999999835
            ],
            [
              116.35169999999997,
              40.00859999999984
            ]
          ]
        ]
      }
    },
    {
      "type": "Feature",
      "id": "LU-0467",
      "properties": {
        "id": "LU-0467",
        "layer": "LAND_USE",
        "source_type": "agent_inferred_from_public_data",
        "confidence": "low",
        "geometry_role": "design_proposal",
        "official_boundary": false,
        "land_use_code": "0802",
        "land_use_label_zh": "科研用地",
        "zone": "AI_SERVICE_ZONE"
      },
      "geometry": {
        "type": "Polygon",
        "coordinates": [
          [
            [
              116.35169999999997,
              40.009799999999835
            ],
            [
              116.35369999999996,
              40.009799999999835
            ],
            [
              116.35369999999996,
              40.01099999999983
            ],
            [
              116.35169999999997,
              40.01099999999983
            ],
            [
              116.35169999999997,
              40.009799999999835
            ]
          ]
        ]
      }
    },
    {
      "type": "Feature",
      "id": "LU-0468",
      "properties": {
        "id": "LU-0468",
        "layer": "LAND_USE",
        "source_type": "agent_inferred_from_public_data",
        "confidence": "low",
        "geometry_role": "design_proposal",
        "official_boundary": false,
        "land_use_code": "0802",
        "land_use_label_zh": "科研用地",
        "zone": "AI_SERVICE_ZONE"
      },
      "geometry": {
        "type": "Polygon",
        "coordinates": [
          [
            [
              116.35169999999997,
              40.01099999999983
            ],
            [
              116.35369999999996,
              40.01099999999983
            ],
            [
              116.35369999999996,
              40.01219999999983
            ],
            [
              116.35169999999997,
              40.01219999999983
            ],
            [
              116.35169999999997,
              40.01099999999983
            ]
          ]
        ]
      }
    },
    {
      "type": "Feature",
      "id": "LU-0469",
      "properties": {
        "id": "LU-0469",
        "layer": "LAND_USE",
        "source_type": "agent_inferred_from_public_data",
        "confidence": "low",
        "geometry_role": "design_proposal",
        "official_boundary": false,
        "land_use_code": "0802",
        "land_use_label_zh": "科研用地",
        "zone": "AI_SERVICE_ZONE"
      },
      "geometry": {
        "type": "Polygon",
        "coordinates": [
          [
            [
              116.35169999999997,
              40.01219999999983
            ],
            [
              116.35369999999996,
              40.01219999999983
            ],
            [
              116.35369999999996,
              40.01339999999983
            ],
            [
              116.35169999999997,
              40.01339999999983
            ],
            [
              116.35169999999997,
              40.01219999999983
            ]
          ]
        ]
      }
    },
    {
      "type": "Feature",
      "id": "LU-0470",
      "properties": {
        "id": "LU-0470",
        "layer": "LAND_USE",
        "source_type": "agent_inferred_from_public_data",
        "confidence": "low",
        "geometry_role": "design_proposal",
        "official_boundary": false,
        "land_use_code": "0802",
        "land_use_label_zh": "科研用地",
        "zone": "AI_SERVICE_ZONE"
      },
      "geometry": {
        "type": "Polygon",
        "coordinates": [
          [
            [
              116.35169999999997,
              40.01339999999983
            ],
            [
              116.35369999999996,
              40.01339999999983
            ],
            [
              116.35369999999996,
              40.014599999999824
            ],
            [
              116.35169999999997,
              40.014599999999824
            ],
            [
              116.35169999999997,
              40.01339999999983
            ]
          ]
        ]
      }
    },
    {
      "type": "Feature",
      "id": "LU-0471",
      "properties": {
        "id": "LU-0471",
        "layer": "LAND_USE",
        "source_type": "agent_inferred_from_public_data",
        "confidence": "low",
        "geometry_role": "design_proposal",
        "official_boundary": false,
        "land_use_code": "0802",
        "land_use_label_zh": "科研用地",
        "zone": "AI_SERVICE_ZONE"
      },
      "geometry": {
        "type": "Polygon",
        "coordinates": [
          [
            [
              116.35169999999997,
              40.014599999999824
            ],
            [
              116.35369999999996,
              40.014599999999824
            ],
            [
              116.35369999999996,
              40.01579999999982
            ],
            [
              116.35169999999997,
              40.01579999999982
            ],
            [
              116.35169999999997,
              40.014599999999824
            ]
          ]
        ]
      }
    },
    {
      "type": "Feature",
      "id": "LU-0472",
      "properties": {
        "id": "LU-0472",
        "layer": "LAND_USE",
        "source_type": "agent_inferred_from_public_data",
        "confidence": "low",
        "geometry_role": "design_proposal",
        "official_boundary": false,
        "land_use_code": "0802",
        "land_use_label_zh": "科研用地",
        "zone": "AI_SERVICE_ZONE"
      },
      "geometry": {
        "type": "Polygon",
        "coordinates": [
          [
            [
              116.35169999999997,
              40.01579999999982
            ],
            [
              116.35369999999996,
              40.01579999999982
            ],
            [
              116.35369999999996,
              40.01699999999982
            ],
            [
              116.35169999999997,
              40.01699999999982
            ],
            [
              116.35169999999997,
              40.01579999999982
            ]
          ]
        ]
      }
    },
    {
      "type": "Feature",
      "id": "LU-0473",
      "properties": {
        "id": "LU-0473",
        "layer": "LAND_USE",
        "source_type": "agent_inferred_from_public_data",
        "confidence": "low",
        "geometry_role": "design_proposal",
        "official_boundary": false,
        "land_use_code": "0802",
        "land_use_label_zh": "科研用地",
        "zone": "AI_SERVICE_ZONE"
      },
      "geometry": {
        "type": "Polygon",
        "coordinates": [
          [
            [
              116.35169999999997,
              40.01699999999982
            ],
            [
              116.35369999999996,
              40.01699999999982
            ],
            [
              116.35369999999996,
              40.018199999999815
            ],
            [
              116.35169999999997,
              40.018199999999815
            ],
            [
              116.35169999999997,
              40.01699999999982
            ]
          ]
        ]
      }
    },
    {
      "type": "Feature",
      "id": "LU-0474",
      "properties": {
        "id": "LU-0474",
        "layer": "LAND_USE",
        "source_type": "agent_inferred_from_public_data",
        "confidence": "low",
        "geometry_role": "design_proposal",
        "official_boundary": false,
        "land_use_code": "0802",
        "land_use_label_zh": "科研用地",
        "zone": "AI_SERVICE_ZONE"
      },
      "geometry": {
        "type": "Polygon",
        "coordinates": [
          [
            [
              116.35169999999997,
              40.018199999999815
            ],
            [
              116.35369999999996,
              40.018199999999815
            ],
            [
              116.35369999999996,
              40.01939999999981
            ],
            [
              116.35169999999997,
              40.01939999999981
            ],
            [
              116.35169999999997,
              40.018199999999815
            ]
          ]
        ]
      }
    },
    {
      "type": "Feature",
      "id": "LU-0475",
      "properties": {
        "id": "LU-0475",
        "layer": "LAND_USE",
        "source_type": "agent_inferred_from_public_data",
        "confidence": "low",
        "geometry_role": "design_proposal",
        "official_boundary": false,
        "land_use_code": "0802",
        "land_use_label_zh": "科研用地",
        "zone": "AI_SERVICE_ZONE"
      },
      "geometry": {
        "type": "Polygon",
        "coordinates": [
          [
            [
              116.35169999999997,
              40.01939999999981
            ],
            [
              116.35369999999996,
              40.01939999999981
            ],
            [
              116.35369999999996,
              40.02059999999981
            ],
            [
              116.35169999999997,
              40.02059999999981
            ],
            [
              116.35169999999997,
              40.01939999999981
            ]
          ]
        ]
      }
    },
    {
      "type": "Feature",
      "id": "LU-0476",
      "properties": {
        "id": "LU-0476",
        "layer": "LAND_USE",
        "source_type": "agent_inferred_from_public_data",
        "confidence": "low",
        "geometry_role": "design_proposal",
        "official_boundary": false,
        "land_use_code": "0802",
        "land_use_label_zh": "科研用地",
        "zone": "AI_SERVICE_ZONE"
      },
      "geometry": {
        "type": "Polygon",
        "coordinates": [
          [
            [
              116.35169999999997,
              40.02059999999981
            ],
            [
              116.35369999999996,
              40.02059999999981
            ],
            [
              116.35369999999996,
              40.02179999999981
            ],
            [
              116.35169999999997,
              40.02179999999981
            ],
            [
              116.35169999999997,
              40.02059999999981
            ]
          ]
        ]
      }
    },
    {
      "type": "Feature",
      "id": "LU-0477",
      "properties": {
        "id": "LU-0477",
        "layer": "LAND_USE",
        "source_type": "agent_inferred_from_public_data",
        "confidence": "low",
        "geometry_role": "design_proposal",
        "official_boundary": false,
        "land_use_code": "0802",
        "land_use_label_zh": "科研用地",
        "zone": "AI_SERVICE_ZONE"
      },
      "geometry": {
        "type": "Polygon",
        "coordinates": [
          [
            [
              116.35169999999997,
              40.02179999999981
            ],
            [
              116.35369999999996,
              40.02179999999981
            ],
            [
              116.35369999999996,
              40.022999999999804
            ],
            [
              116.35169999999997,
              40.022999999999804
            ],
            [
              116.35169999999997,
              40.02179999999981
            ]
          ]
        ]
      }
    },
    {
      "type": "Feature",
      "id": "LU-0478",
      "properties": {
        "id": "LU-0478",
        "layer": "LAND_USE",
        "source_type": "agent_inferred_from_public_data",
        "confidence": "low",
        "geometry_role": "design_proposal",
        "official_boundary": false,
        "land_use_code": "0802",
        "land_use_label_zh": "科研用地",
        "zone": "AI_SERVICE_ZONE"
      },
      "geometry": {
        "type": "Polygon",
        "coordinates": [
          [
            [
              116.35169999999997,
              40.022999999999804
            ],
            [
              116.35369999999996,
              40.022999999999804
            ],
            [
              116.35369999999996,
              40.0241999999998
            ],
            [
              116.35169999999997,
              40.0241999999998
            ],
            [
              116.35169999999997,
              40.022999999999804
            ]
          ]
        ]
      }
    },
    {
      "type": "Feature",
      "id": "LU-0479",
      "properties": {
        "id": "LU-0479",
        "layer": "LAND_USE",
        "source_type": "agent_inferred_from_public_data",
        "confidence": "low",
        "geometry_role": "design_proposal",
        "official_boundary": false,
        "land_use_code": "0802",
        "land_use_label_zh": "科研用地",
        "zone": "AI_SERVICE_ZONE"
      },
      "geometry": {
        "type": "Polygon",
        "coordinates": [
          [
            [
              116.35169999999997,
              40.0241999999998
            ],
            [
              116.35369999999996,
              40.0241999999998
            ],
            [
              116.35369999999996,
              40.0253999999998
            ],
            [
              116.35169999999997,
              40.0253999999998
            ],
            [
              116.35169999999997,
              40.0241999999998
            ]
          ]
        ]
      }
    },
    {
      "type": "Feature",
      "id": "LU-0480",
      "properties": {
        "id": "LU-0480",
        "layer": "LAND_USE",
        "source_type": "agent_inferred_from_public_data",
        "confidence": "low",
        "geometry_role": "design_proposal",
        "official_boundary": false,
        "land_use_code": "0802",
        "land_use_label_zh": "科研用地",
        "zone": "AI_SERVICE_ZONE"
      },
      "geometry": {
        "type": "Polygon",
        "coordinates": [
          [
            [
              116.35169999999997,
              40.0253999999998
            ],
            [
              116.35369999999996,
              40.0253999999998
            ],
            [
              116.35369999999996,
              40.026599999999796
            ],
            [
              116.35169999999997,
              40.026599999999796
            ],
            [
              116.35169999999997,
              40.0253999999998
            ]
          ]
        ]
      }
    },
    {
      "type": "Feature",
      "id": "LU-0481",
      "properties": {
        "id": "LU-0481",
        "layer": "LAND_USE",
        "source_type": "agent_inferred_from_public_data",
        "confidence": "low",
        "geometry_role": "design_proposal",
        "official_boundary": false,
        "land_use_code": "05",
        "land_use_label_zh": "商业服务业用地",
        "zone": "AI_SERVICE_ZONE"
      },
      "geometry": {
        "type": "Polygon",
        "coordinates": [
          [
            [
              116.35369999999996,
              39.939
            ],
            [
              116.35569999999996,
              39.939
            ],
            [
              116.35569999999996,
              39.9402
            ],
            [
              116.35369999999996,
              39.9402
            ],
            [
              116.35369999999996,
              39.939
            ]
          ]
        ]
      }
    },
    {
      "type": "Feature",
      "id": "LU-0482",
      "properties": {
        "id": "LU-0482",
        "layer": "LAND_USE",
        "source_type": "agent_inferred_from_public_data",
        "confidence": "low",
        "geometry_role": "design_proposal",
        "official_boundary": false,
        "land_use_code": "05",
        "land_use_label_zh": "商业服务业用地",
        "zone": "AI_SERVICE_ZONE"
      },
      "geometry": {
        "type": "Polygon",
        "coordinates": [
          [
            [
              116.35369999999996,
              39.9402
            ],
            [
              116.35569999999996,
              39.9402
            ],
            [
              116.35569999999996,
              39.941399999999994
            ],
            [
              116.35369999999996,
              39.941399999999994
            ],
            [
              116.35369999999996,
              39.9402
            ]
          ]
        ]
      }
    },
    {
      "type": "Feature",
      "id": "LU-0483",
      "properties": {
        "id": "LU-0483",
        "layer": "LAND_USE",
        "source_type": "agent_inferred_from_public_data",
        "confidence": "low",
        "geometry_role": "design_proposal",
        "official_boundary": false,
        "land_use_code": "05",
        "land_use_label_zh": "商业服务业用地",
        "zone": "AI_SERVICE_ZONE"
      },
      "geometry": {
        "type": "Polygon",
        "coordinates": [
          [
            [
              116.35369999999996,
              39.941399999999994
            ],
            [
              116.35569999999996,
              39.941399999999994
            ],
            [
              116.35569999999996,
              39.94259999999999
            ],
            [
              116.35369999999996,
              39.94259999999999
            ],
            [
              116.35369999999996,
              39.941399999999994
            ]
          ]
        ]
      }
    },
    {
      "type": "Feature",
      "id": "LU-0484",
      "properties": {
        "id": "LU-0484",
        "layer": "LAND_USE",
        "source_type": "agent_inferred_from_public_data",
        "confidence": "low",
        "geometry_role": "design_proposal",
        "official_boundary": false,
        "land_use_code": "05",
        "land_use_label_zh": "商业服务业用地",
        "zone": "AI_SERVICE_ZONE"
      },
      "geometry": {
        "type": "Polygon",
        "coordinates": [
          [
            [
              116.35369999999996,
              39.94259999999999
            ],
            [
              116.35569999999996,
              39.94259999999999
            ],
            [
              116.35569999999996,
              39.94379999999999
            ],
            [
              116.35369999999996,
              39.94379999999999
            ],
            [
              116.35369999999996,
              39.94259999999999
            ]
          ]
        ]
      }
    },
    {
      "type": "Feature",
      "id": "LU-0485",
      "properties": {
        "id": "LU-0485",
        "layer": "LAND_USE",
        "source_type": "agent_inferred_from_public_data",
        "confidence": "low",
        "geometry_role": "design_proposal",
        "official_boundary": false,
        "land_use_code": "05",
        "land_use_label_zh": "商业服务业用地",
        "zone": "AI_SERVICE_ZONE"
      },
      "geometry": {
        "type": "Polygon",
        "coordinates": [
          [
            [
              116.35369999999996,
              39.94379999999999
            ],
            [
              116.35569999999996,
              39.94379999999999
            ],
            [
              116.35569999999996,
              39.944999999999986
            ],
            [
              116.35369999999996,
              39.944999999999986
            ],
            [
              116.35369999999996,
              39.94379999999999
            ]
          ]
        ]
      }
    },
    {
      "type": "Feature",
      "id": "LU-0486",
      "properties": {
        "id": "LU-0486",
        "layer": "LAND_USE",
        "source_type": "agent_inferred_from_public_data",
        "confidence": "low",
        "geometry_role": "design_proposal",
        "official_boundary": false,
        "land_use_code": "05",
        "land_use_label_zh": "商业服务业用地",
        "zone": "AI_SERVICE_ZONE"
      },
      "geometry": {
        "type": "Polygon",
        "coordinates": [
          [
            [
              116.35369999999996,
              39.944999999999986
            ],
            [
              116.35569999999996,
              39.944999999999986
            ],
            [
              116.35569999999996,
              39.94619999999998
            ],
            [
              116.35369999999996,
              39.94619999999998
            ],
            [
              116.35369999999996,
              39.944999999999986
            ]
          ]
        ]
      }
    },
    {
      "type": "Feature",
      "id": "LU-0487",
      "properties": {
        "id": "LU-0487",
        "layer": "LAND_USE",
        "source_type": "agent_inferred_from_public_data",
        "confidence": "low",
        "geometry_role": "design_proposal",
        "official_boundary": false,
        "land_use_code": "05",
        "land_use_label_zh": "商业服务业用地",
        "zone": "AI_SERVICE_ZONE"
      },
      "geometry": {
        "type": "Polygon",
        "coordinates": [
          [
            [
              116.35369999999996,
              39.94619999999998
            ],
            [
              116.35569999999996,
              39.94619999999998
            ],
            [
              116.35569999999996,
              39.94739999999998
            ],
            [
              116.35369999999996,
              39.94739999999998
            ],
            [
              116.35369999999996,
              39.94619999999998
            ]
          ]
        ]
      }
    },
    {
      "type": "Feature",
      "id": "LU-0488",
      "properties": {
        "id": "LU-0488",
        "layer": "LAND_USE",
        "source_type": "agent_inferred_from_public_data",
        "confidence": "low",
        "geometry_role": "design_proposal",
        "official_boundary": false,
        "land_use_code": "05",
        "land_use_label_zh": "商业服务业用地",
        "zone": "AI_SERVICE_ZONE"
      },
      "geometry": {
        "type": "Polygon",
        "coordinates": [
          [
            [
              116.35369999999996,
              39.94739999999998
            ],
            [
              116.35569999999996,
              39.94739999999998
            ],
            [
              116.35569999999996,
              39.94859999999998
            ],
            [
              116.35369999999996,
              39.94859999999998
            ],
            [
              116.35369999999996,
              39.94739999999998
            ]
          ]
        ]
      }
    },
    {
      "type": "Feature",
      "id": "LU-0489",
      "properties": {
        "id": "LU-0489",
        "layer": "LAND_USE",
        "source_type": "agent_inferred_from_public_data",
        "confidence": "low",
        "geometry_role": "design_proposal",
        "official_boundary": false,
        "land_use_code": "05",
        "land_use_label_zh": "商业服务业用地",
        "zone": "AI_SERVICE_ZONE"
      },
      "geometry": {
        "type": "Polygon",
        "coordinates": [
          [
            [
              116.35369999999996,
              39.94859999999998
            ],
            [
              116.35569999999996,
              39.94859999999998
            ],
            [
              116.35569999999996,
              39.949799999999975
            ],
            [
              116.35369999999996,
              39.949799999999975
            ],
            [
              116.35369999999996,
              39.94859999999998
            ]
          ]
        ]
      }
    },
    {
      "type": "Feature",
      "id": "LU-0490",
      "properties": {
        "id": "LU-0490",
        "layer": "LAND_USE",
        "source_type": "agent_inferred_from_public_data",
        "confidence": "low",
        "geometry_role": "design_proposal",
        "official_boundary": false,
        "land_use_code": "05",
        "land_use_label_zh": "商业服务业用地",
        "zone": "AI_SERVICE_ZONE"
      },
      "geometry": {
        "type": "Polygon",
        "coordinates": [
          [
            [
              116.35369999999996,
              39.949799999999975
            ],
            [
              116.35569999999996,
              39.949799999999975
            ],
            [
              116.35569999999996,
              39.95099999999997
            ],
            [
              116.35369999999996,
              39.95099999999997
            ],
            [
              116.35369999999996,
              39.949799999999975
            ]
          ]
        ]
      }
    },
    {
      "type": "Feature",
      "id": "LU-0491",
      "properties": {
        "id": "LU-0491",
        "layer": "LAND_USE",
        "source_type": "agent_inferred_from_public_data",
        "confidence": "low",
        "geometry_role": "design_proposal",
        "official_boundary": false,
        "land_use_code": "05",
        "land_use_label_zh": "商业服务业用地",
        "zone": "AI_SERVICE_ZONE"
      },
      "geometry": {
        "type": "Polygon",
        "coordinates": [
          [
            [
              116.35369999999996,
              39.95099999999997
            ],
            [
              116.35569999999996,
              39.95099999999997
            ],
            [
              116.35569999999996,
              39.95219999999997
            ],
            [
              116.35369999999996,
              39.95219999999997
            ],
            [
              116.35369999999996,
              39.95099999999997
            ]
          ]
        ]
      }
    },
    {
      "type": "Feature",
      "id": "LU-0492",
      "properties": {
        "id": "LU-0492",
        "layer": "LAND_USE",
        "source_type": "agent_inferred_from_public_data",
        "confidence": "low",
        "geometry_role": "design_proposal",
        "official_boundary": false,
        "land_use_code": "05",
        "land_use_label_zh": "商业服务业用地",
        "zone": "AI_SERVICE_ZONE"
      },
      "geometry": {
        "type": "Polygon",
        "coordinates": [
          [
            [
              116.35369999999996,
              39.95219999999997
            ],
            [
              116.35569999999996,
              39.95219999999997
            ],
            [
              116.35569999999996,
              39.95339999999997
            ],
            [
              116.35369999999996,
              39.95339999999997
            ],
            [
              116.35369999999996,
              39.95219999999997
            ]
          ]
        ]
      }
    },
    {
      "type": "Feature",
      "id": "LU-0493",
      "properties": {
        "id": "LU-0493",
        "layer": "LAND_USE",
        "source_type": "agent_inferred_from_public_data",
        "confidence": "low",
        "geometry_role": "design_proposal",
        "official_boundary": false,
        "land_use_code": "05",
        "land_use_label_zh": "商业服务业用地",
        "zone": "AI_SERVICE_ZONE"
      },
      "geometry": {
        "type": "Polygon",
        "coordinates": [
          [
            [
              116.35369999999996,
              39.95339999999997
            ],
            [
              116.35569999999996,
              39.95339999999997
            ],
            [
              116.35569999999996,
              39.954599999999964
            ],
            [
              116.35369999999996,
              39.954599999999964
            ],
            [
              116.35369999999996,
              39.95339999999997
            ]
          ]
        ]
      }
    },
    {
      "type": "Feature",
      "id": "LU-0494",
      "properties": {
        "id": "LU-0494",
        "layer": "LAND_USE",
        "source_type": "agent_inferred_from_public_data",
        "confidence": "low",
        "geometry_role": "design_proposal",
        "official_boundary": false,
        "land_use_code": "05",
        "land_use_label_zh": "商业服务业用地",
        "zone": "AI_SERVICE_ZONE"
      },
      "geometry": {
        "type": "Polygon",
        "coordinates": [
          [
            [
              116.35369999999996,
              39.954599999999964
            ],
            [
              116.35569999999996,
              39.954599999999964
            ],
            [
              116.35569999999996,
              39.95579999999996
            ],
            [
              116.35369999999996,
              39.95579999999996
            ],
            [
              116.35369999999996,
              39.954599999999964
            ]
          ]
        ]
      }
    },
    {
      "type": "Feature",
      "id": "LU-0495",
      "properties": {
        "id": "LU-0495",
        "layer": "LAND_USE",
        "source_type": "agent_inferred_from_public_data",
        "confidence": "low",
        "geometry_role": "design_proposal",
        "official_boundary": false,
        "land_use_code": "05",
        "land_use_label_zh": "商业服务业用地",
        "zone": "AI_SERVICE_ZONE"
      },
      "geometry": {
        "type": "Polygon",
        "coordinates": [
          [
            [
              116.35369999999996,
              39.95579999999996
            ],
            [
              116.35569999999996,
              39.95579999999996
            ],
            [
              116.35569999999996,
              39.95699999999996
            ],
            [
              116.35369999999996,
              39.95699999999996
            ],
            [
              116.35369999999996,
              39.95579999999996
            ]
          ]
        ]
      }
    },
    {
      "type": "Feature",
      "id": "LU-0496",
      "properties": {
        "id": "LU-0496",
        "layer": "LAND_USE",
        "source_type": "agent_inferred_from_public_data",
        "confidence": "low",
        "geometry_role": "design_proposal",
        "official_boundary": false,
        "land_use_code": "05",
        "land_use_label_zh": "商业服务业用地",
        "zone": "AI_SERVICE_ZONE"
      },
      "geometry": {
        "type": "Polygon",
        "coordinates": [
          [
            [
              116.35369999999996,
              39.95699999999996
            ],
            [
              116.35569999999996,
              39.95699999999996
            ],
            [
              116.35569999999996,
              39.958199999999955
            ],
            [
              116.35369999999996,
              39.958199999999955
            ],
            [
              116.35369999999996,
              39.95699999999996
            ]
          ]
        ]
      }
    },
    {
      "type": "Feature",
      "id": "LU-0497",
      "properties": {
        "id": "LU-0497",
        "layer": "LAND_USE",
        "source_type": "agent_inferred_from_public_data",
        "confidence": "low",
        "geometry_role": "design_proposal",
        "official_boundary": false,
        "land_use_code": "05",
        "land_use_label_zh": "商业服务业用地",
        "zone": "AI_SERVICE_ZONE"
      },
      "geometry": {
        "type": "Polygon",
        "coordinates": [
          [
            [
              116.35369999999996,
              39.958199999999955
            ],
            [
              116.35569999999996,
              39.958199999999955
            ],
            [
              116.35569999999996,
              39.95939999999995
            ],
            [
              116.35369999999996,
              39.95939999999995
            ],
            [
              116.35369999999996,
              39.958199999999955
            ]
          ]
        ]
      }
    },
    {
      "type": "Feature",
      "id": "LU-0498",
      "properties": {
        "id": "LU-0498",
        "layer": "LAND_USE",
        "source_type": "agent_inferred_from_public_data",
        "confidence": "low",
        "geometry_role": "design_proposal",
        "official_boundary": false,
        "land_use_code": "05",
        "land_use_label_zh": "商业服务业用地",
        "zone": "AI_SERVICE_ZONE"
      },
      "geometry": {
        "type": "Polygon",
        "coordinates": [
          [
            [
              116.35369999999996,
              39.95939999999995
            ],
            [
              116.35569999999996,
              39.95939999999995
            ],
            [
              116.35569999999996,
              39.96059999999995
            ],
            [
              116.35369999999996,
              39.96059999999995
            ],
            [
              116.35369999999996,
              39.95939999999995
            ]
          ]
        ]
      }
    },
    {
      "type": "Feature",
      "id": "LU-0499",
      "properties": {
        "id": "LU-0499",
        "layer": "LAND_USE",
        "source_type": "agent_inferred_from_public_data",
        "confidence": "low",
        "geometry_role": "design_proposal",
        "official_boundary": false,
        "land_use_code": "07",
        "land_use_label_zh": "居住用地",
        "zone": "context"
      },
      "geometry": {
        "type": "Polygon",
        "coordinates": [
          [
            [
              116.35369999999996,
              39.96059999999995
            ],
            [
              116.35569999999996,
              39.96059999999995
            ],
            [
              116.35569999999996,
              39.96179999999995
            ],
            [
              116.35369999999996,
              39.96179999999995
            ],
            [
              116.35369999999996,
              39.96059999999995
            ]
          ]
        ]
      }
    },
    {
      "type": "Feature",
      "id": "LU-0500",
      "properties": {
        "id": "LU-0500",
        "layer": "LAND_USE",
        "source_type": "agent_inferred_from_public_data",
        "confidence": "low",
        "geometry_role": "design_proposal",
        "official_boundary": false,
        "land_use_code": "07",
        "land_use_label_zh": "居住用地",
        "zone": "context"
      },
      "geometry": {
        "type": "Polygon",
        "coordinates": [
          [
            [
              116.35369999999996,
              39.96179999999995
            ],
            [
              116.35569999999996,
              39.96179999999995
            ],
            [
              116.35569999999996,
              39.962999999999944
            ],
            [
              116.35369999999996,
              39.962999999999944
            ],
            [
              116.35369999999996,
              39.96179999999995
            ]
          ]
        ]
      }
    },
    {
      "type": "Feature",
      "id": "LU-0501",
      "properties": {
        "id": "LU-0501",
        "layer": "LAND_USE",
        "source_type": "agent_inferred_from_public_data",
        "confidence": "low",
        "geometry_role": "design_proposal",
        "official_boundary": false,
        "land_use_code": "0804",
        "land_use_label_zh": "教育用地",
        "zone": "context"
      },
      "geometry": {
        "type": "Polygon",
        "coordinates": [
          [
            [
              116.35369999999996,
              39.962999999999944
            ],
            [
              116.35569999999996,
              39.962999999999944
            ],
            [
              116.35569999999996,
              39.96419999999994
            ],
            [
              116.35369999999996,
              39.96419999999994
            ],
            [
              116.35369999999996,
              39.962999999999944
            ]
          ]
        ]
      }
    },
    {
      "type": "Feature",
      "id": "LU-0502",
      "properties": {
        "id": "LU-0502",
        "layer": "LAND_USE",
        "source_type": "agent_inferred_from_public_data",
        "confidence": "low",
        "geometry_role": "design_proposal",
        "official_boundary": false,
        "land_use_code": "0804",
        "land_use_label_zh": "教育用地",
        "zone": "context"
      },
      "geometry": {
        "type": "Polygon",
        "coordinates": [
          [
            [
              116.35369999999996,
              39.96419999999994
            ],
            [
              116.35569999999996,
              39.96419999999994
            ],
            [
              116.35569999999996,
              39.96539999999994
            ],
            [
              116.35369999999996,
              39.96539999999994
            ],
            [
              116.35369999999996,
              39.96419999999994
            ]
          ]
        ]
      }
    },
    {
      "type": "Feature",
      "id": "LU-0503",
      "properties": {
        "id": "LU-0503",
        "layer": "LAND_USE",
        "source_type": "agent_inferred_from_public_data",
        "confidence": "low",
        "geometry_role": "design_proposal",
        "official_boundary": false,
        "land_use_code": "16",
        "land_use_label_zh": "留白用地",
        "zone": "context"
      },
      "geometry": {
        "type": "Polygon",
        "coordinates": [
          [
            [
              116.35369999999996,
              39.96539999999994
            ],
            [
              116.35569999999996,
              39.96539999999994
            ],
            [
              116.35569999999996,
              39.966599999999936
            ],
            [
              116.35369999999996,
              39.966599999999936
            ],
            [
              116.35369999999996,
              39.96539999999994
            ]
          ]
        ]
      }
    },
    {
      "type": "Feature",
      "id": "LU-0504",
      "properties": {
        "id": "LU-0504",
        "layer": "LAND_USE",
        "source_type": "agent_inferred_from_public_data",
        "confidence": "low",
        "geometry_role": "design_proposal",
        "official_boundary": false,
        "land_use_code": "07",
        "land_use_label_zh": "居住用地",
        "zone": "context"
      },
      "geometry": {
        "type": "Polygon",
        "coordinates": [
          [
            [
              116.35369999999996,
              39.966599999999936
            ],
            [
              116.35569999999996,
              39.966599999999936
            ],
            [
              116.35569999999996,
              39.96779999999993
            ],
            [
              116.35369999999996,
              39.96779999999993
            ],
            [
              116.35369999999996,
              39.966599999999936
            ]
          ]
        ]
      }
    },
    {
      "type": "Feature",
      "id": "LU-0505",
      "properties": {
        "id": "LU-0505",
        "layer": "LAND_USE",
        "source_type": "agent_inferred_from_public_data",
        "confidence": "low",
        "geometry_role": "design_proposal",
        "official_boundary": false,
        "land_use_code": "07",
        "land_use_label_zh": "居住用地",
        "zone": "context"
      },
      "geometry": {
        "type": "Polygon",
        "coordinates": [
          [
            [
              116.35369999999996,
              39.96779999999993
            ],
            [
              116.35569999999996,
              39.96779999999993
            ],
            [
              116.35569999999996,
              39.96899999999993
            ],
            [
              116.35369999999996,
              39.96899999999993
            ],
            [
              116.35369999999996,
              39.96779999999993
            ]
          ]
        ]
      }
    },
    {
      "type": "Feature",
      "id": "LU-0506",
      "properties": {
        "id": "LU-0506",
        "layer": "LAND_USE",
        "source_type": "agent_inferred_from_public_data",
        "confidence": "low",
        "geometry_role": "design_proposal",
        "official_boundary": false,
        "land_use_code": "0804",
        "land_use_label_zh": "教育用地",
        "zone": "context"
      },
      "geometry": {
        "type": "Polygon",
        "coordinates": [
          [
            [
              116.35369999999996,
              39.96899999999993
            ],
            [
              116.35569999999996,
              39.96899999999993
            ],
            [
              116.35569999999996,
              39.97019999999993
            ],
            [
              116.35369999999996,
              39.97019999999993
            ],
            [
              116.35369999999996,
              39.96899999999993
            ]
          ]
        ]
      }
    },
    {
      "type": "Feature",
      "id": "LU-0507",
      "properties": {
        "id": "LU-0507",
        "layer": "LAND_USE",
        "source_type": "agent_inferred_from_public_data",
        "confidence": "low",
        "geometry_role": "design_proposal",
        "official_boundary": false,
        "land_use_code": "0804",
        "land_use_label_zh": "教育用地",
        "zone": "context"
      },
      "geometry": {
        "type": "Polygon",
        "coordinates": [
          [
            [
              116.35369999999996,
              39.97019999999993
            ],
            [
              116.35569999999996,
              39.97019999999993
            ],
            [
              116.35569999999996,
              39.971399999999925
            ],
            [
              116.35369999999996,
              39.971399999999925
            ],
            [
              116.35369999999996,
              39.97019999999993
            ]
          ]
        ]
      }
    },
    {
      "type": "Feature",
      "id": "LU-0508",
      "properties": {
        "id": "LU-0508",
        "layer": "LAND_USE",
        "source_type": "agent_inferred_from_public_data",
        "confidence": "low",
        "geometry_role": "design_proposal",
        "official_boundary": false,
        "land_use_code": "16",
        "land_use_label_zh": "留白用地",
        "zone": "context"
      },
      "geometry": {
        "type": "Polygon",
        "coordinates": [
          [
            [
              116.35369999999996,
              39.971399999999925
            ],
            [
              116.35569999999996,
              39.971399999999925
            ],
            [
              116.35569999999996,
              39.97259999999992
            ],
            [
              116.35369999999996,
              39.97259999999992
            ],
            [
              116.35369999999996,
              39.971399999999925
            ]
          ]
        ]
      }
    },
    {
      "type": "Feature",
      "id": "LU-0509",
      "properties": {
        "id": "LU-0509",
        "layer": "LAND_USE",
        "source_type": "agent_inferred_from_public_data",
        "confidence": "low",
        "geometry_role": "design_proposal",
        "official_boundary": false,
        "land_use_code": "0802",
        "land_use_label_zh": "科研用地",
        "zone": "AI_SERVICE_ZONE"
      },
      "geometry": {
        "type": "Polygon",
        "coordinates": [
          [
            [
              116.35369999999996,
              40.01579999999982
            ],
            [
              116.35569999999996,
              40.01579999999982
            ],
            [
              116.35569999999996,
              40.01699999999982
            ],
            [
              116.35369999999996,
              40.01699999999982
            ],
            [
              116.35369999999996,
              40.01579999999982
            ]
          ]
        ]
      }
    },
    {
      "type": "Feature",
      "id": "LU-0510",
      "properties": {
        "id": "LU-0510",
        "layer": "LAND_USE",
        "source_type": "agent_inferred_from_public_data",
        "confidence": "low",
        "geometry_role": "design_proposal",
        "official_boundary": false,
        "land_use_code": "0802",
        "land_use_label_zh": "科研用地",
        "zone": "AI_SERVICE_ZONE"
      },
      "geometry": {
        "type": "Polygon",
        "coordinates": [
          [
            [
              116.35369999999996,
              40.01699999999982
            ],
            [
              116.35569999999996,
              40.01699999999982
            ],
            [
              116.35569999999996,
              40.018199999999815
            ],
            [
              116.35369999999996,
              40.018199999999815
            ],
            [
              116.35369999999996,
              40.01699999999982
            ]
          ]
        ]
      }
    },
    {
      "type": "Feature",
      "id": "LU-0511",
      "properties": {
        "id": "LU-0511",
        "layer": "LAND_USE",
        "source_type": "agent_inferred_from_public_data",
        "confidence": "low",
        "geometry_role": "design_proposal",
        "official_boundary": false,
        "land_use_code": "0802",
        "land_use_label_zh": "科研用地",
        "zone": "AI_SERVICE_ZONE"
      },
      "geometry": {
        "type": "Polygon",
        "coordinates": [
          [
            [
              116.35369999999996,
              40.018199999999815
            ],
            [
              116.35569999999996,
              40.018199999999815
            ],
            [
              116.35569999999996,
              40.01939999999981
            ],
            [
              116.35369999999996,
              40.01939999999981
            ],
            [
              116.35369999999996,
              40.018199999999815
            ]
          ]
        ]
      }
    },
    {
      "type": "Feature",
      "id": "LU-0512",
      "properties": {
        "id": "LU-0512",
        "layer": "LAND_USE",
        "source_type": "agent_inferred_from_public_data",
        "confidence": "low",
        "geometry_role": "design_proposal",
        "official_boundary": false,
        "land_use_code": "0802",
        "land_use_label_zh": "科研用地",
        "zone": "AI_SERVICE_ZONE"
      },
      "geometry": {
        "type": "Polygon",
        "coordinates": [
          [
            [
              116.35369999999996,
              40.01939999999981
            ],
            [
              116.35569999999996,
              40.01939999999981
            ],
            [
              116.35569999999996,
              40.02059999999981
            ],
            [
              116.35369999999996,
              40.02059999999981
            ],
            [
              116.35369999999996,
              40.01939999999981
            ]
          ]
        ]
      }
    },
    {
      "type": "Feature",
      "id": "LU-0513",
      "properties": {
        "id": "LU-0513",
        "layer": "LAND_USE",
        "source_type": "agent_inferred_from_public_data",
        "confidence": "low",
        "geometry_role": "design_proposal",
        "official_boundary": false,
        "land_use_code": "0802",
        "land_use_label_zh": "科研用地",
        "zone": "AI_SERVICE_ZONE"
      },
      "geometry": {
        "type": "Polygon",
        "coordinates": [
          [
            [
              116.35369999999996,
              40.02059999999981
            ],
            [
              116.35569999999996,
              40.02059999999981
            ],
            [
              116.35569999999996,
              40.02179999999981
            ],
            [
              116.35369999999996,
              40.02179999999981
            ],
            [
              116.35369999999996,
              40.02059999999981
            ]
          ]
        ]
      }
    },
    {
      "type": "Feature",
      "id": "LU-0514",
      "properties": {
        "id": "LU-0514",
        "layer": "LAND_USE",
        "source_type": "agent_inferred_from_public_data",
        "confidence": "low",
        "geometry_role": "design_proposal",
        "official_boundary": false,
        "land_use_code": "0802",
        "land_use_label_zh": "科研用地",
        "zone": "AI_SERVICE_ZONE"
      },
      "geometry": {
        "type": "Polygon",
        "coordinates": [
          [
            [
              116.35369999999996,
              40.02179999999981
            ],
            [
              116.35569999999996,
              40.02179999999981
            ],
            [
              116.35569999999996,
              40.022999999999804
            ],
            [
              116.35369999999996,
              40.022999999999804
            ],
            [
              116.35369999999996,
              40.02179999999981
            ]
          ]
        ]
      }
    },
    {
      "type": "Feature",
      "id": "LU-0515",
      "properties": {
        "id": "LU-0515",
        "layer": "LAND_USE",
        "source_type": "agent_inferred_from_public_data",
        "confidence": "low",
        "geometry_role": "design_proposal",
        "official_boundary": false,
        "land_use_code": "0802",
        "land_use_label_zh": "科研用地",
        "zone": "AI_SERVICE_ZONE"
      },
      "geometry": {
        "type": "Polygon",
        "coordinates": [
          [
            [
              116.35369999999996,
              40.022999999999804
            ],
            [
              116.35569999999996,
              40.022999999999804
            ],
            [
              116.35569999999996,
              40.0241999999998
            ],
            [
              116.35369999999996,
              40.0241999999998
            ],
            [
              116.35369999999996,
              40.022999999999804
            ]
          ]
        ]
      }
    },
    {
      "type": "Feature",
      "id": "LU-0516",
      "properties": {
        "id": "LU-0516",
        "layer": "LAND_USE",
        "source_type": "agent_inferred_from_public_data",
        "confidence": "low",
        "geometry_role": "design_proposal",
        "official_boundary": false,
        "land_use_code": "0802",
        "land_use_label_zh": "科研用地",
        "zone": "AI_SERVICE_ZONE"
      },
      "geometry": {
        "type": "Polygon",
        "coordinates": [
          [
            [
              116.35369999999996,
              40.0241999999998
            ],
            [
              116.35569999999996,
              40.0241999999998
            ],
            [
              116.35569999999996,
              40.0253999999998
            ],
            [
              116.35369999999996,
              40.0253999999998
            ],
            [
              116.35369999999996,
              40.0241999999998
            ]
          ]
        ]
      }
    },
    {
      "type": "Feature",
      "id": "LU-0517",
      "properties": {
        "id": "LU-0517",
        "layer": "LAND_USE",
        "source_type": "agent_inferred_from_public_data",
        "confidence": "low",
        "geometry_role": "design_proposal",
        "official_boundary": false,
        "land_use_code": "0802",
        "land_use_label_zh": "科研用地",
        "zone": "AI_SERVICE_ZONE"
      },
      "geometry": {
        "type": "Polygon",
        "coordinates": [
          [
            [
              116.35369999999996,
              40.0253999999998
            ],
            [
              116.35569999999996,
              40.0253999999998
            ],
            [
              116.35569999999996,
              40.026599999999796
            ],
            [
              116.35369999999996,
              40.026599999999796
            ],
            [
              116.35369999999996,
              40.0253999999998
            ]
          ]
        ]
      }
    },
    {
      "type": "Feature",
      "id": "LU-GAP-0001",
      "properties": {
        "id": "LU-GAP-0001",
        "layer": "LAND_USE",
        "source_type": "agent_inferred_from_public_data",
        "confidence": "low",
        "geometry_role": "design_proposal",
        "official_boundary": false,
        "land_use_code": "07",
        "land_use_label_zh": "居住用地（用地补白）",
        "zone": "GAP_FILL"
      },
      "geometry": {
        "type": "Polygon",
        "coordinates": [
          [
            [
              116.34070000000001,
              39.93899999999999
            ],
            [
              116.3406999998803,
              39.93900000431276
            ],
            [
              116.34076849316513,
              39.93900000429253
            ],
            [
              116.34070000000001,
              39.93899999999999
            ]
          ]
        ]
      }
    },
    {
      "type": "Feature",
      "id": "LU-GAP-0002",
      "properties": {
        "id": "LU-GAP-0002",
        "layer": "LAND_USE",
        "source_type": "agent_inferred_from_public_data",
        "confidence": "low",
        "geometry_role": "design_proposal",
        "official_boundary": false,
        "land_use_code": "07",
        "land_use_label_zh": "居住用地（用地补白）",
        "zone": "GAP_FILL"
      },
      "geometry": {
        "type": "Polygon",
        "coordinates": [
          [
            [
              116.3553,
              39.939
            ],
            [
              116.35525223881008,
              39.9390000029975
            ],
            [
              116.3553,
              39.93900000276016
            ],
            [
              116.3553,
              39.939
            ]
          ]
        ]
      }
    },
    {
      "type": "Feature",
      "id": "LU-GAP-0003",
      "properties": {
        "id": "LU-GAP-0003",
        "layer": "LAND_USE",
        "source_type": "agent_inferred_from_public_data",
        "confidence": "low",
        "geometry_role": "design_proposal",
        "official_boundary": false,
        "land_use_code": "07",
        "land_use_label_zh": "居住用地（用地补白）",
        "zone": "GAP_FILL"
      },
      "geometry": {
        "type": "Polygon",
        "coordinates": [
          [
            [
              116.3546921680506,
              39.97260000431329
            ],
            [
              116.35369999999996,
              39.97259999999992
            ],
            [
              116.35369999999996,
              39.973799999999905
            ],
            [
              116.35369999999996,
              39.974999999999916
            ],
            [
              116.35369999999996,
              39.97619999999991
            ],
            [
              116.35369999999996,
              39.97739999999991
            ],
            [
              116.35369999999996,
              39.978599999999894
            ],
            [
              116.35369999999996,
              39.97979999999991
            ],
            [
              116.35369999999996,
              39.980999999999895
            ],
            [
              116.35369999999996,
              39.9821999999999
            ],
            [
              116.35369999999996,
              39.9833999999999
            ],
            [
              116.35369999999996,
              39.984599999999894
            ],
            [
              116.35370000003141,
              39.98500159146052
            ],
            [
              116.3546921680506,
              39.97260000431329
            ]
          ]
        ]
      }
    },
    {
      "type": "Feature",
      "id": "LU-GAP-0004",
      "properties": {
        "id": "LU-GAP-0004",
        "layer": "LAND_USE",
        "source_type": "agent_inferred_from_public_data",
        "confidence": "low",
        "geometry_role": "design_proposal",
        "official_boundary": false,
        "land_use_code": "07",
        "land_use_label_zh": "居住用地（用地补白）",
        "zone": "GAP_FILL"
      },
      "geometry": {
        "type": "Polygon",
        "coordinates": [
          [
            [
              116.35370000003424,
              39.997302750516376
            ],
            [
              116.35369999999996,
              39.99779999999985
            ],
            [
              116.35369999999996,
              39.99899999999985
            ],
            [
              116.35369999999996,
              40.000199999999865
            ],
            [
              116.35369999999996,
              40.00139999999985
            ],
            [
              116.35369999999996,
              40.002599999999845
            ],
            [
              116.35369999999996,
              40.00379999999985
            ],
            [
              116.35369999999996,
              40.00499999999984
            ],
            [
              116.35369999999996,
              40.006199999999836
            ],
            [
              116.35369999999996,
              40.00739999999984
            ],
            [
              116.35369999999996,
              40.00859999999984
            ],
            [
              116.35369999999996,
              40.00979999999983
            ],
            [
              116.35369999999996,
              40.01099999999983
            ],
            [
              116.35369999999996,
              40.01219999999982
            ],
            [
              116.35369999999996,
              40.01339999999982
            ],
            [
              116.35369999999996,
              40.01459999999983
            ],
            [
              116.35369999999996,
              40.01579999999982
            ],
            [
              116.35471350368178,
              40.0158000043138
            ],
            [
              116.35370000003424,
              39.997302750516376
            ]
          ]
        ]
      }
    },
    {
      "type": "Feature",
      "id": "LU-GAP-0005",
      "properties": {
        "id": "LU-GAP-0005",
        "layer": "LAND_USE",
        "source_type": "agent_inferred_from_public_data",
        "confidence": "low",
        "geometry_role": "design_proposal",
        "official_boundary": false,
        "land_use_code": "07",
        "land_use_label_zh": "居住用地（用地补白）",
        "zone": "GAP_FILL"
      },
      "geometry": {
        "type": "Polygon",
        "coordinates": [
          [
            [
              116.34169999999999,
              40.00600000000001
            ],
            [
              116.34170000001997,
              40.00600000040958
            ],
            [
              116.34169999999999,
              40.00499999999984
            ],
            [
              116.34169999999999,
              40.00379999999984
            ],
            [
              116.34169999999999,
              40.00259999999984
            ],
            [
              116.34169999999999,
              40.001399999999855
            ],
            [
              116.34169999999999,
              40.00019999999986
            ],
            [
              116.34169999999999,
              39.998999999999846
            ],
            [
              116.34169999999999,
              39.997799999999856
            ],
            [
              116.34169999999999,
              39.996599999999866
            ],
            [
              116.34169999999999,
              39.995399999999876
            ],
            [
              116.34169999999999,
              39.99419999999987
            ],
            [
              116.34169999999999,
              39.99299999999988
            ],
            [
              116.34169999999999,
              39.99179999999987
            ],
            [
              116.34169999999999,
              39.990599999999866
            ],
            [
              116.34070624833204,
              39.990600004313826
            ],
            [
              116.34169999999999,
              40.00600000000001
            ]
          ]
        ]
      }
    }
  ]
}
